ISO-10303-21;
HEADER;
/* Generated by software containing ST-Developer
 * from STEP Tools, Inc. (www.steptools.com) 
 */
/* OPTION: using custom renumber hook */

FILE_DESCRIPTION(
/* description */ ('STEP AP242 Edition 2',
'CAx-IF Rec.Pracs.---Representation and Presentation of Product Manufa
cturing Information (PMI)---4.0---2014-10-13',
'CAx-IF Rec.Pracs.---3D Tessellated Geometry---0.4---2014-09-14','2;1',
'CAx-IF Rec.Pracs.---User Defined Attributes---1.5---2016-08-15'),
/* implementation_level */ '2;1');

FILE_NAME(
/* name */ 'Part Studio 1',
/* time_stamp */ '2026-09-03T18:50:52Z',
/* author */ (''),
/* organization */ (''),
/* preprocessor_version */ 'ST-DEVELOPER v20',
/* originating_system */ 'ONSHAPE BY PTC INC, 1.220',
/* authorisation */ '  ');

FILE_SCHEMA (('AP242_MANAGED_MODEL_BASED_3D_ENGINEERING_MIM_LF { 1 0 10303 442 3 1 4 }'));
ENDSEC;

DATA;
#10=(
BOUNDED_SURFACE()
B_SPLINE_SURFACE(3,2,((#7962,#7963,#7964),(#7965,#7966,#7967),(#7968,#7969,
#7970),(#7971,#7972,#7973),(#7974,#7975,#7976),(#7977,#7978,#7979),(#7980,
#7981,#7982),(#7983,#7984,#7985),(#7986,#7987,#7988),(#7989,#7990,#7991),
(#7992,#7993,#7994),(#7995,#7996,#7997),(#7998,#7999,#8000)),
 .UNSPECIFIED.,.F.,.F.,.F.)
B_SPLINE_SURFACE_WITH_KNOTS((4,1,1,1,1,1,1,1,1,1,4),(3,3),(0.,0.00160505356919804,
0.00321010713839607,0.00481516070759411,0.00642021427679214,0.00802526784599018,
0.00963032141518821,0.0112353749843862,0.0120379017689853,0.0124391651612848,
0.0128404285535843),(0.,1.),.UNSPECIFIED.)
GEOMETRIC_REPRESENTATION_ITEM()
RATIONAL_B_SPLINE_SURFACE(((1.,0.707106781186548,1.),(1.,0.707106781186548,
1.),(1.,0.707106781186967,1.),(1.,0.707106781184892,1.),(1.,0.707106781176222,
1.),(1.,0.70710678116913,1.),(1.,0.707106781167858,1.),(1.,0.707106781174313,
1.),(1.,0.707106781186,1.),(1.,0.707106781189735,1.),(1.,0.707106781186517,
1.),(1.,0.707106781186964,1.),(1.,0.707106781186964,1.)))
REPRESENTATION_ITEM('')
SURFACE()
);
#11=(
BOUNDED_SURFACE()
B_SPLINE_SURFACE(3,2,((#8011,#8012,#8013),(#8014,#8015,#8016),(#8017,#8018,
#8019),(#8020,#8021,#8022),(#8023,#8024,#8025),(#8026,#8027,#8028),(#8029,
#8030,#8031),(#8032,#8033,#8034),(#8035,#8036,#8037),(#8038,#8039,#8040),
(#8041,#8042,#8043),(#8044,#8045,#8046),(#8047,#8048,#8049),(#8050,#8051,
#8052),(#8053,#8054,#8055),(#8056,#8057,#8058),(#8059,#8060,#8061),(#8062,
#8063,#8064),(#8065,#8066,#8067),(#8068,#8069,#8070),(#8071,#8072,#8073),
(#8074,#8075,#8076)),.UNSPECIFIED.,.F.,.F.,.F.)
B_SPLINE_SURFACE_WITH_KNOTS((4,1,1,1,1,1,1,1,1,1,1,1,1,1,1,1,1,1,1,4),(3,
3),(6.93889390390723E-18,0.00120644434996637,0.00241288869993274,0.0036193330498991,
0.00482577739986547,0.00603222174983183,0.00723866609979819,0.00844511044976456,
0.00965155479973092,0.0108579991496973,0.0114612213246805,0.0120644434996637,
0.0126676656746468,0.0128184712183926,0.0129692767621384,0.01327088784963,
0.0144773321995964,0.0156837765495627,0.0168902208995291,0.0193031095994618),
(0.,1.),.UNSPECIFIED.)
GEOMETRIC_REPRESENTATION_ITEM()
RATIONAL_B_SPLINE_SURFACE(((1.,0.707106781186551,1.),(1.,0.707106781186551,
1.),(1.,0.707106781186884,1.),(1.,0.707106781187659,1.),(1.,0.707106781185084,
1.),(1.,0.707106781178993,1.),(1.,0.707106781173719,1.),(1.,0.707106781171397,
1.),(1.,0.707106781171272,1.),(1.,0.707106781177243,1.),(1.,0.707106781187607,
1.),(1.,0.707106781192996,1.),(1.,0.707106781194152,1.),(1.,0.707106781185754,
1.),(1.,0.707106781186779,1.),(1.,0.707106781187955,1.),(1.,0.70710678119084,
1.),(1.,0.707106781195718,1.),(1.,0.707106781202407,1.),(1.,0.707106781209893,
1.),(1.,0.707106781221659,1.),(1.,0.707106781221659,1.)))
REPRESENTATION_ITEM('')
SURFACE()
);
#12=TOROIDAL_SURFACE('',#1691,0.002,0.002);
#13=TOROIDAL_SURFACE('',#1696,0.002,0.002);
#14=B_SPLINE_CURVE_WITH_KNOTS('',3,(#2287,#2288,#2289,#2290,#2291,#2292,
#2293,#2294,#2295,#2296),.UNSPECIFIED.,.F.,.F.,(4,1,1,1,1,1,1,4),(0.00139498183836178,
0.00224533980496732,0.00309569777157286,0.0039460557381784,0.00479641370478394,
0.00564677167138948,0.00649712963799502,0.0081978455712061),
 .UNSPECIFIED.);
#15=B_SPLINE_CURVE_WITH_KNOTS('',3,(#2301,#2302,#2303,#2304,#2305,#2306,
#2307,#2308,#2309,#2310),.UNSPECIFIED.,.F.,.F.,(4,1,1,1,1,1,1,4),(0.,0.00169362921997384,
0.00254044382996076,0.00338725843994767,0.00423407304993459,0.00508088765992151,
0.00592770226990843,0.00677451687989535),.UNSPECIFIED.);
#16=B_SPLINE_CURVE_WITH_KNOTS('',3,(#2312,#2313,#2314,#2315),
 .UNSPECIFIED.,.F.,.F.,(4,4),(0.,1.),.UNSPECIFIED.);
#17=B_SPLINE_CURVE_WITH_KNOTS('',3,(#2334,#2335,#2336,#2337),
 .UNSPECIFIED.,.F.,.F.,(4,4),(0.0588235294117183,0.941176470588141),
 .UNSPECIFIED.);
#18=B_SPLINE_CURVE_WITH_KNOTS('',3,(#2340,#2341,#2342,#2343,#2344,#2345,
#2346,#2347,#2348),.UNSPECIFIED.,.F.,.F.,(4,1,1,1,1,1,4),(0.,0.25,0.5,0.625,
0.75,0.875,1.),.UNSPECIFIED.);
#19=B_SPLINE_CURVE_WITH_KNOTS('',3,(#2350,#2351,#2352,#2353),
 .UNSPECIFIED.,.F.,.F.,(4,4),(0.,1.),.UNSPECIFIED.);
#20=B_SPLINE_CURVE_WITH_KNOTS('',3,(#2355,#2356,#2357,#2358,#2359,#2360,
#2361,#2362,#2363),.UNSPECIFIED.,.F.,.F.,(4,1,1,1,1,1,4),(0.,0.125,0.25,
0.375,0.5,0.75,1.),.UNSPECIFIED.);
#21=B_SPLINE_CURVE_WITH_KNOTS('',3,(#3427,#3428,#3429,#3430,#3431,#3432,
#3433,#3434,#3435,#3436,#3437,#3438,#3439,#3440,#3441,#3442,#3443,#3444,
#3445,#3446,#3447,#3448,#3449,#3450,#3451,#3452,#3453,#3454,#3455,#3456,
#3457,#3458,#3459,#3460,#3461,#3462,#3463,#3464,#3465,#3466,#3467,#3468,
#3469,#3470,#3471,#3472,#3473,#3474,#3475,#3476,#3477,#3478,#3479,#3480,
#3481,#3482,#3483,#3484,#3485,#3486,#3487,#3488,#3489,#3490,#3491,#3492,
#3493,#3494,#3495,#3496,#3497,#3498,#3499,#3500,#3501,#3502,#3503,#3504,
#3505,#3506,#3507,#3508,#3509,#3510,#3511,#3512,#3513,#3514,#3515,#3516,
#3517,#3518,#3519,#3520,#3521,#3522,#3523,#3524,#3525,#3526,#3527,#3528,
#3529,#3530,#3531,#3532,#3533,#3534,#3535,#3536,#3537,#3538,#3539,#3540,
#3541,#3542,#3543,#3544,#3545,#3546,#3547,#3548,#3549,#3550,#3551,#3552,
#3553,#3554,#3555,#3556,#3557,#3558,#3559,#3560,#3561,#3562,#3563,#3564,
#3565,#3566,#3567,#3568,#3569,#3570,#3571,#3572,#3573,#3574,#3575,#3576,
#3577,#3578,#3579,#3580,#3581,#3582,#3583,#3584,#3585,#3586,#3587,#3588,
#3589,#3590,#3591,#3592,#3593,#3594,#3595,#3596,#3597,#3598,#3599,#3600,
#3601,#3602,#3603,#3604,#3605,#3606,#3607,#3608,#3609,#3610,#3611,#3612,
#3613,#3614,#3615,#3616,#3617,#3618,#3619,#3620,#3621,#3622,#3623,#3624,
#3625,#3626,#3627,#3628,#3629,#3630,#3631,#3632,#3633,#3634,#3635,#3636,
#3637,#3638,#3639,#3640,#3641,#3642,#3643,#3644,#3645,#3646,#3647,#3648,
#3649,#3650,#3651,#3652,#3653,#3654,#3655,#3656,#3657,#3658,#3659,#3660,
#3661,#3662,#3663,#3664,#3665,#3666,#3667,#3668,#3669,#3670,#3671,#3672,
#3673,#3674,#3675,#3676,#3677,#3678,#3679,#3680,#3681,#3682,#3683,#3684,
#3685,#3686,#3687,#3688,#3689,#3690,#3691,#3692,#3693,#3694,#3695,#3696,
#3697,#3698,#3699,#3700,#3701,#3702,#3703,#3704,#3705,#3706,#3707,#3708,
#3709,#3710,#3711,#3712,#3713,#3714,#3715,#3716,#3717,#3718,#3719,#3720,
#3721,#3722,#3723,#3724,#3725,#3726,#3727,#3728,#3729,#3730,#3731,#3732,
#3733,#3734,#3735,#3736,#3737,#3738,#3739,#3740,#3741,#3742,#3743,#3744,
#3745,#3746,#3747,#3748,#3749,#3750,#3751,#3752,#3753,#3754,#3755,#3756,
#3757,#3758,#3759,#3760,#3761,#3762,#3763,#3764,#3765,#3766,#3767,#3768,
#3769,#3770,#3771,#3772,#3773,#3774,#3775,#3776,#3777,#3778,#3779,#3780,
#3781,#3782,#3783,#3784,#3785,#3786,#3787,#3788,#3789,#3790,#3791,#3792,
#3793,#3794,#3795,#3796,#3797,#3798,#3799,#3800,#3801,#3802,#3803,#3804,
#3805,#3806,#3807,#3808,#3809,#3810,#3811,#3812,#3813,#3814,#3815,#3816,
#3817,#3818,#3819,#3820,#3821,#3822,#3823,#3824,#3825,#3826,#3827,#3828,
#3829,#3830,#3831,#3832,#3833,#3834,#3835,#3836,#3837,#3838,#3839,#3840,
#3841,#3842,#3843,#3844,#3845,#3846,#3847,#3848,#3849,#3850,#3851,#3852,
#3853,#3854,#3855,#3856,#3857,#3858,#3859,#3860,#3861,#3862,#3863,#3864,
#3865,#3866,#3867,#3868,#3869,#3870,#3871,#3872,#3873,#3874,#3875,#3876,
#3877,#3878,#3879,#3880,#3881,#3882,#3883,#3884,#3885,#3886,#3887,#3888,
#3889,#3890,#3891,#3892,#3893,#3894,#3895,#3896,#3897,#3898),
 .UNSPECIFIED.,.T.,.F.,(1,3,1,1,1,1,1,1,1,1,1,1,1,1,1,1,1,1,1,1,1,1,1,1,
1,1,1,1,1,1,1,1,1,1,1,1,1,1,1,1,1,1,1,1,1,1,1,1,1,1,1,1,1,1,1,1,1,1,1,1,
1,1,1,1,1,1,1,1,1,1,1,1,1,1,1,1,1,1,1,1,1,1,1,1,1,1,1,1,1,1,1,1,1,1,1,1,
1,1,1,1,1,1,1,1,1,1,1,1,1,1,1,1,1,1,1,1,1,1,1,1,1,1,1,1,1,1,1,1,1,1,1,1,
1,1,1,1,1,1,1,1,1,1,1,1,1,1,1,1,1,1,1,1,1,1,1,1,1,1,1,1,1,1,1,1,1,1,1,1,
1,1,1,1,1,1,1,1,1,1,1,1,1,1,1,1,1,1,1,1,1,1,1,1,1,1,1,1,1,1,1,1,1,1,1,1,
1,1,1,1,1,1,1,1,1,1,1,1,1,1,1,1,1,1,1,1,1,1,1,1,1,1,1,1,1,1,1,1,1,1,1,1,
1,1,1,1,1,1,1,1,1,1,1,1,1,1,1,1,1,1,1,1,1,1,1,1,1,1,1,1,1,1,1,1,1,1,1,1,
1,1,1,1,1,1,1,1,1,1,1,1,1,1,1,1,1,1,1,1,1,1,1,1,1,1,1,1,1,1,1,1,1,1,1,1,
1,1,1,1,1,1,1,1,1,1,1,1,1,1,1,1,1,1,1,1,1,1,1,1,1,1,1,1,1,1,1,1,1,1,1,1,
1,1,1,1,1,1,1,1,1,1,1,1,1,1,1,1,1,1,1,1,1,1,1,1,1,1,1,1,1,1,1,1,1,1,1,1,
1,1,1,1,1,1,1,1,1,1,1,1,1,1,1,1,1,1,1,1,1,1,1,1,1,1,1,1,1,1,1,1,1,1,1,1,
1,1,1,1,1,1,1,1,1,1,1,1,1,1,1,1,1,1,1,1,1,1,1,1,1,1,1,1,1,1,1,1,1,1,1,1,
1,1,1,1,1,1,1,1,1,1,1,1,1,1,3,1),(-0.001953125,0.,0.001953125,0.00390625,
0.005859375,0.0078125,0.009765625,0.01171875,0.013671875,0.01416015625,
0.0146484375,0.015625,0.0166015625,0.017578125,0.01953125,0.021484375,0.0234375,
0.0244140625,0.025390625,0.0263671875,0.02734375,0.029296875,0.03125,0.033203125,
0.03515625,0.037109375,0.0390625,0.041015625,0.04296875,0.044921875,0.046875,
0.048828125,0.05078125,0.052734375,0.0546875,0.056640625,0.05859375,0.060546875,
0.0625,0.064453125,0.0654296875,0.06640625,0.0673828125,0.068359375,0.06884765625,
0.0693359375,0.0703125,0.0712890625,0.072265625,0.07421875,0.078125,0.080078125,
0.0810546875,0.08203125,0.0830078125,0.08349609375,0.083984375,0.0849609375,
0.0859375,0.087890625,0.08984375,0.091796875,0.09375,0.095703125,0.09765625,
0.099609375,0.1015625,0.103515625,0.10546875,0.107421875,0.109375,0.11328125,
0.1171875,0.12109375,0.123046875,0.125,0.12890625,0.1328125,0.13671875,
0.138671875,0.140625,0.14453125,0.1484375,0.15234375,0.15625,0.158203125,
0.16015625,0.1640625,0.16796875,0.169921875,0.171875,0.1728515625,0.173828125,
0.17578125,0.1796875,0.18359375,0.185546875,0.1875,0.189453125,0.19140625,
0.1953125,0.19921875,0.201171875,0.203125,0.205078125,0.20703125,0.2109375,
0.21484375,0.21875,0.220703125,0.22265625,0.224609375,0.2265625,0.228515625,
0.23046875,0.234375,0.23828125,0.2421875,0.24609375,0.25,0.2578125,0.265625,
0.2734375,0.28125,0.28515625,0.2890625,0.29296875,0.294921875,0.296875,
0.30078125,0.3046875,0.30859375,0.3125,0.3203125,0.32421875,0.326171875,
0.328125,0.330078125,0.33203125,0.333984375,0.3359375,0.33984375,0.34375,
0.34765625,0.349609375,0.3515625,0.353515625,0.35546875,0.359375,0.36328125,
0.365234375,0.3671875,0.369140625,0.3701171875,0.37109375,0.3720703125,
0.373046875,0.375,0.376953125,0.37890625,0.380859375,0.3828125,0.384765625,
0.38671875,0.388671875,0.3896484375,0.390625,0.392578125,0.39453125,0.3984375,
0.40234375,0.404296875,0.40625,0.408203125,0.4091796875,0.41015625,0.4111328125,
0.412109375,0.4140625,0.416015625,0.41796875,0.421875,0.423828125,0.42578125,
0.427734375,0.4287109375,0.4296875,0.4306640625,0.431640625,0.43359375,
0.435546875,0.4375,0.439453125,0.44140625,0.443359375,0.4453125,0.447265625,
0.44921875,0.453125,0.455078125,0.45703125,0.458984375,0.4609375,0.462890625,
0.46484375,0.466796875,0.46875,0.470703125,0.4716796875,0.47216796875,0.47265625,
0.474609375,0.4765625,0.48046875,0.482421875,0.4833984375,0.484375,0.4853515625,
0.486328125,0.48681640625,0.4873046875,0.48828125,0.4892578125,0.490234375,
0.4921875,0.494140625,0.49609375,0.4970703125,0.498046875,0.49853515625,
0.4990234375,0.49951171875,0.5,0.5009765625,0.501953125,0.50390625,0.505859375,
0.5078125,0.509765625,0.5107421875,0.51171875,0.5126953125,0.513671875,
0.515625,0.517578125,0.51953125,0.5234375,0.525390625,0.52734375,0.5283203125,
0.529296875,0.5302734375,0.53125,0.533203125,0.53515625,0.537109375,0.5390625,
0.541015625,0.54296875,0.5439453125,0.544921875,0.5458984375,0.546875,0.5478515625,
0.548828125,0.55078125,0.552734375,0.5546875,0.5556640625,0.556640625,0.5576171875,
0.55859375,0.5595703125,0.560546875,0.5625,0.564453125,0.56640625,0.568359375,
0.5703125,0.572265625,0.57421875,0.5751953125,0.576171875,0.57666015625,
0.5771484375,0.57763671875,0.578125,0.5791015625,0.580078125,0.58203125,
0.583984375,0.5859375,0.587890625,0.58984375,0.591796875,0.59375,0.595703125,
0.5966796875,0.59765625,0.5986328125,0.599609375,0.6015625,0.60546875,0.609375,
0.6103515625,0.611328125,0.61328125,0.615234375,0.6171875,0.62109375,0.625,
0.626953125,0.62890625,0.6298828125,0.630859375,0.6328125,0.634765625,0.63671875,
0.640625,0.64453125,0.6484375,0.650390625,0.6513671875,0.65234375,0.65625,
0.66015625,0.6640625,0.666015625,0.66796875,0.669921875,0.671875,0.673828125,
0.67578125,0.6796875,0.68359375,0.685546875,0.6875,0.689453125,0.69140625,
0.693359375,0.6953125,0.69921875,0.703125,0.70703125,0.7109375,0.71484375,
0.716796875,0.71875,0.72265625,0.7265625,0.734375,0.73828125,0.7421875,
0.74609375,0.748046875,0.75,0.75390625,0.7578125,0.76171875,0.765625,0.7734375,
0.77734375,0.78125,0.78515625,0.787109375,0.7890625,0.79296875,0.796875,
0.80078125,0.8046875,0.80859375,0.810546875,0.8125,0.814453125,0.8154296875,
0.81640625,0.8173828125,0.818359375,0.8203125,0.82421875,0.826171875,0.828125,
0.8291015625,0.830078125,0.8310546875,0.83154296875,0.83203125,0.8330078125,
0.833984375,0.8349609375,0.8359375,0.837890625,0.83984375,0.84375,0.845703125,
0.84765625,0.8486328125,0.849609375,0.8515625,0.853515625,0.85546875,0.857421875,
0.859375,0.86328125,0.865234375,0.8671875,0.87109375,0.875,0.87890625,0.880859375,
0.8828125,0.8837890625,0.884765625,0.88671875,0.888671875,0.890625,0.89453125,
0.8984375,0.90234375,0.90625,0.908203125,0.91015625,0.912109375,0.9130859375,
0.9140625,0.9150390625,0.916015625,0.91796875,0.919921875,0.921875,0.923828125,
0.92578125,0.927734375,0.9296875,0.931640625,0.93359375,0.935546875,0.9365234375,
0.9375,0.9384765625,0.939453125,0.94140625,0.943359375,0.9453125,0.947265625,
0.94921875,0.951171875,0.9521484375,0.953125,0.955078125,0.95703125,0.9609375,
0.962890625,0.96484375,0.9658203125,0.966796875,0.96875,0.970703125,0.97265625,
0.9765625,0.978515625,0.98046875,0.9814453125,0.982421875,0.984375,0.986328125,
0.98828125,0.9921875,0.99609375,0.998046875,1.,1.001953125),
 .UNSPECIFIED.);
#22=B_SPLINE_CURVE_WITH_KNOTS('',3,(#3900,#3901,#3902,#3903,#3904,#3905,
#3906,#3907),.UNSPECIFIED.,.F.,.F.,(4,1,1,1,1,4),(1.75384232458098E-15,
0.00179886215999173,0.0035977243199817,0.00449715539997668,0.00539658647997167,
0.00719544863996164),.UNSPECIFIED.);
#23=B_SPLINE_CURVE_WITH_KNOTS('',3,(#3908,#3909,#3910,#3911,#3912,#3913,
#3914,#3915,#3916,#3917),.UNSPECIFIED.,.F.,.F.,(4,1,1,1,1,1,1,4),(-1.07176920213609E-5,
0.000305763945679425,0.000622245583380212,0.00125520885878178,0.00188817213418336,
0.00252113540958493,0.00378706196038808,0.00505298851119122),
 .UNSPECIFIED.);
#24=B_SPLINE_CURVE_WITH_KNOTS('',3,(#3919,#3920,#3921,#3922,#3923,#3924,
#3925,#3926,#3927,#3928,#3929,#3930,#3931,#3932,#3933,#3934,#3935,#3936,
#3937,#3938,#3939,#3940,#3941,#3942,#3943,#3944,#3945,#3946,#3947,#3948,
#3949,#3950,#3951,#3952,#3953,#3954,#3955,#3956,#3957,#3958,#3959,#3960,
#3961,#3962,#3963,#3964,#3965,#3966,#3967,#3968,#3969,#3970,#3971,#3972,
#3973,#3974,#3975,#3976,#3977,#3978,#3979,#3980,#3981,#3982,#3983,#3984,
#3985,#3986,#3987,#3988,#3989,#3990,#3991,#3992,#3993,#3994,#3995,#3996,
#3997,#3998,#3999,#4000,#4001,#4002,#4003,#4004,#4005,#4006,#4007,#4008,
#4009,#4010,#4011,#4012,#4013,#4014,#4015,#4016,#4017,#4018,#4019,#4020,
#4021,#4022,#4023,#4024,#4025,#4026,#4027,#4028,#4029,#4030,#4031,#4032,
#4033,#4034,#4035,#4036,#4037,#4038,#4039,#4040,#4041,#4042,#4043,#4044,
#4045,#4046,#4047,#4048,#4049,#4050,#4051,#4052,#4053,#4054,#4055,#4056,
#4057,#4058,#4059,#4060,#4061,#4062,#4063,#4064,#4065,#4066,#4067,#4068,
#4069,#4070,#4071,#4072,#4073,#4074,#4075,#4076,#4077,#4078,#4079,#4080,
#4081,#4082,#4083,#4084,#4085,#4086,#4087,#4088,#4089,#4090,#4091,#4092,
#4093,#4094,#4095,#4096,#4097,#4098,#4099,#4100,#4101,#4102,#4103,#4104,
#4105,#4106,#4107,#4108,#4109,#4110,#4111,#4112,#4113,#4114,#4115,#4116,
#4117,#4118,#4119,#4120,#4121,#4122,#4123,#4124,#4125,#4126,#4127,#4128,
#4129,#4130,#4131,#4132,#4133,#4134,#4135,#4136,#4137,#4138,#4139,#4140,
#4141,#4142,#4143,#4144,#4145,#4146,#4147,#4148,#4149,#4150,#4151,#4152,
#4153,#4154,#4155,#4156,#4157,#4158,#4159,#4160,#4161,#4162,#4163,#4164,
#4165,#4166,#4167,#4168,#4169,#4170,#4171,#4172,#4173,#4174,#4175,#4176,
#4177,#4178,#4179,#4180,#4181,#4182,#4183,#4184,#4185,#4186,#4187,#4188,
#4189,#4190,#4191,#4192,#4193,#4194,#4195,#4196,#4197,#4198,#4199,#4200,
#4201,#4202,#4203,#4204,#4205,#4206,#4207,#4208,#4209,#4210,#4211,#4212,
#4213,#4214,#4215,#4216,#4217,#4218,#4219,#4220,#4221,#4222,#4223,#4224,
#4225,#4226,#4227,#4228,#4229,#4230,#4231,#4232,#4233,#4234,#4235,#4236,
#4237,#4238,#4239,#4240,#4241,#4242,#4243,#4244,#4245,#4246,#4247,#4248,
#4249,#4250,#4251,#4252,#4253,#4254,#4255,#4256,#4257,#4258,#4259,#4260,
#4261,#4262,#4263,#4264,#4265,#4266,#4267,#4268,#4269,#4270,#4271,#4272,
#4273,#4274,#4275,#4276,#4277,#4278,#4279,#4280,#4281,#4282,#4283,#4284,
#4285,#4286,#4287,#4288,#4289,#4290,#4291,#4292,#4293,#4294,#4295,#4296,
#4297,#4298,#4299,#4300,#4301,#4302,#4303,#4304,#4305,#4306,#4307,#4308,
#4309,#4310,#4311,#4312,#4313,#4314,#4315,#4316,#4317,#4318,#4319,#4320,
#4321,#4322,#4323,#4324,#4325,#4326,#4327,#4328,#4329,#4330,#4331,#4332,
#4333,#4334,#4335,#4336,#4337,#4338,#4339,#4340,#4341,#4342,#4343,#4344,
#4345,#4346,#4347,#4348,#4349,#4350,#4351,#4352,#4353,#4354,#4355,#4356,
#4357,#4358,#4359,#4360,#4361,#4362,#4363,#4364,#4365,#4366,#4367,#4368,
#4369,#4370,#4371,#4372,#4373,#4374,#4375,#4376,#4377,#4378,#4379,#4380,
#4381,#4382,#4383,#4384,#4385,#4386,#4387,#4388,#4389,#4390),
 .UNSPECIFIED.,.T.,.F.,(1,3,1,1,1,1,1,1,1,1,1,1,1,1,1,1,1,1,1,1,1,1,1,1,
1,1,1,1,1,1,1,1,1,1,1,1,1,1,1,1,1,1,1,1,1,1,1,1,1,1,1,1,1,1,1,1,1,1,1,1,
1,1,1,1,1,1,1,1,1,1,1,1,1,1,1,1,1,1,1,1,1,1,1,1,1,1,1,1,1,1,1,1,1,1,1,1,
1,1,1,1,1,1,1,1,1,1,1,1,1,1,1,1,1,1,1,1,1,1,1,1,1,1,1,1,1,1,1,1,1,1,1,1,
1,1,1,1,1,1,1,1,1,1,1,1,1,1,1,1,1,1,1,1,1,1,1,1,1,1,1,1,1,1,1,1,1,1,1,1,
1,1,1,1,1,1,1,1,1,1,1,1,1,1,1,1,1,1,1,1,1,1,1,1,1,1,1,1,1,1,1,1,1,1,1,1,
1,1,1,1,1,1,1,1,1,1,1,1,1,1,1,1,1,1,1,1,1,1,1,1,1,1,1,1,1,1,1,1,1,1,1,1,
1,1,1,1,1,1,1,1,1,1,1,1,1,1,1,1,1,1,1,1,1,1,1,1,1,1,1,1,1,1,1,1,1,1,1,1,
1,1,1,1,1,1,1,1,1,1,1,1,1,1,1,1,1,1,1,1,1,1,1,1,1,1,1,1,1,1,1,1,1,1,1,1,
1,1,1,1,1,1,1,1,1,1,1,1,1,1,1,1,1,1,1,1,1,1,1,1,1,1,1,1,1,1,1,1,1,1,1,1,
1,1,1,1,1,1,1,1,1,1,1,1,1,1,1,1,1,1,1,1,1,1,1,1,1,1,1,1,1,1,1,1,1,1,1,1,
1,1,1,1,1,1,1,1,1,1,1,1,1,1,1,1,1,1,1,1,1,1,1,1,1,1,1,1,1,1,1,1,1,1,1,1,
1,1,1,1,1,1,1,1,1,1,1,1,1,1,1,1,1,1,1,1,1,1,1,1,1,1,1,1,1,1,1,1,1,1,1,1,
1,1,1,1,1,1,1,1,1,1,1,1,1,1,3,1),(-0.001953125,0.,0.001953125,0.00390625,
0.005859375,0.0078125,0.009765625,0.01171875,0.013671875,0.01416015625,
0.0146484375,0.015625,0.0166015625,0.017578125,0.01953125,0.021484375,0.0234375,
0.0244140625,0.025390625,0.0263671875,0.02734375,0.029296875,0.03125,0.033203125,
0.03515625,0.037109375,0.0390625,0.041015625,0.04296875,0.044921875,0.046875,
0.048828125,0.05078125,0.052734375,0.0546875,0.056640625,0.05859375,0.060546875,
0.0625,0.064453125,0.0654296875,0.06640625,0.0673828125,0.068359375,0.06884765625,
0.0693359375,0.0703125,0.0712890625,0.072265625,0.07421875,0.078125,0.080078125,
0.0810546875,0.08203125,0.0830078125,0.08349609375,0.083984375,0.0849609375,
0.0859375,0.087890625,0.08984375,0.091796875,0.09375,0.095703125,0.09765625,
0.099609375,0.1015625,0.103515625,0.10546875,0.107421875,0.109375,0.11328125,
0.1171875,0.12109375,0.123046875,0.125,0.12890625,0.1328125,0.13671875,
0.138671875,0.140625,0.14453125,0.1484375,0.15234375,0.15625,0.158203125,
0.16015625,0.1640625,0.16796875,0.169921875,0.171875,0.1728515625,0.173828125,
0.17578125,0.1796875,0.18359375,0.185546875,0.1875,0.189453125,0.19140625,
0.1953125,0.19921875,0.201171875,0.203125,0.205078125,0.20703125,0.2109375,
0.21484375,0.21875,0.220703125,0.22265625,0.224609375,0.2265625,0.228515625,
0.23046875,0.234375,0.23828125,0.2421875,0.24609375,0.25,0.2578125,0.265625,
0.2734375,0.28125,0.28515625,0.2890625,0.29296875,0.294921875,0.296875,
0.30078125,0.3046875,0.30859375,0.3125,0.3203125,0.32421875,0.326171875,
0.328125,0.330078125,0.33203125,0.333984375,0.3359375,0.33984375,0.34375,
0.34765625,0.349609375,0.3515625,0.353515625,0.35546875,0.359375,0.36328125,
0.365234375,0.3671875,0.369140625,0.3701171875,0.37109375,0.3720703125,
0.373046875,0.375,0.376953125,0.37890625,0.380859375,0.3828125,0.384765625,
0.38671875,0.388671875,0.3896484375,0.390625,0.392578125,0.39453125,0.3984375,
0.40234375,0.404296875,0.40625,0.408203125,0.4091796875,0.41015625,0.4111328125,
0.412109375,0.4140625,0.416015625,0.41796875,0.421875,0.423828125,0.42578125,
0.427734375,0.4287109375,0.4296875,0.4306640625,0.431640625,0.43359375,
0.435546875,0.4375,0.439453125,0.44140625,0.443359375,0.4453125,0.447265625,
0.44921875,0.453125,0.455078125,0.45703125,0.458984375,0.4609375,0.462890625,
0.46484375,0.466796875,0.46875,0.470703125,0.4716796875,0.47216796875,0.47265625,
0.474609375,0.4765625,0.48046875,0.482421875,0.4833984375,0.484375,0.4853515625,
0.486328125,0.48681640625,0.4873046875,0.48828125,0.4892578125,0.490234375,
0.4921875,0.494140625,0.49609375,0.4970703125,0.498046875,0.49853515625,
0.4990234375,0.49951171875,0.5,0.5009765625,0.501953125,0.50390625,0.505859375,
0.5078125,0.509765625,0.5107421875,0.51171875,0.5126953125,0.513671875,
0.515625,0.517578125,0.51953125,0.5234375,0.525390625,0.52734375,0.5283203125,
0.529296875,0.5302734375,0.53125,0.533203125,0.53515625,0.537109375,0.5390625,
0.541015625,0.54296875,0.5439453125,0.544921875,0.5458984375,0.546875,0.5478515625,
0.548828125,0.55078125,0.552734375,0.5546875,0.5556640625,0.556640625,0.5576171875,
0.55859375,0.5595703125,0.560546875,0.5625,0.564453125,0.56640625,0.568359375,
0.5703125,0.572265625,0.57421875,0.5751953125,0.576171875,0.57666015625,
0.5771484375,0.57763671875,0.578125,0.5791015625,0.580078125,0.58203125,
0.583984375,0.5859375,0.587890625,0.58984375,0.591796875,0.59375,0.595703125,
0.5966796875,0.59765625,0.5986328125,0.599609375,0.6015625,0.60546875,0.609375,
0.6103515625,0.611328125,0.61328125,0.615234375,0.6171875,0.62109375,0.625,
0.626953125,0.62890625,0.6298828125,0.630859375,0.6328125,0.634765625,0.63671875,
0.640625,0.64453125,0.6484375,0.650390625,0.6513671875,0.65234375,0.65625,
0.66015625,0.6640625,0.666015625,0.66796875,0.669921875,0.671875,0.673828125,
0.67578125,0.6796875,0.68359375,0.685546875,0.6875,0.689453125,0.69140625,
0.693359375,0.6953125,0.69921875,0.703125,0.70703125,0.7109375,0.71484375,
0.716796875,0.71875,0.72265625,0.7265625,0.734375,0.73828125,0.7421875,
0.74609375,0.748046875,0.75,0.75390625,0.7578125,0.76171875,0.765625,0.7734375,
0.77734375,0.78125,0.78515625,0.787109375,0.7890625,0.79296875,0.796875,
0.80078125,0.8046875,0.80859375,0.810546875,0.8125,0.814453125,0.8154296875,
0.81640625,0.8173828125,0.818359375,0.8203125,0.82421875,0.826171875,0.828125,
0.8291015625,0.830078125,0.8310546875,0.83154296875,0.83203125,0.8330078125,
0.833984375,0.8349609375,0.8359375,0.837890625,0.83984375,0.84375,0.845703125,
0.84765625,0.8486328125,0.849609375,0.8515625,0.853515625,0.85546875,0.857421875,
0.859375,0.86328125,0.865234375,0.8671875,0.87109375,0.875,0.87890625,0.880859375,
0.8828125,0.8837890625,0.884765625,0.88671875,0.888671875,0.890625,0.89453125,
0.8984375,0.90234375,0.90625,0.908203125,0.91015625,0.912109375,0.9130859375,
0.9140625,0.9150390625,0.916015625,0.91796875,0.919921875,0.921875,0.923828125,
0.92578125,0.927734375,0.9296875,0.931640625,0.93359375,0.935546875,0.9365234375,
0.9375,0.9384765625,0.939453125,0.94140625,0.943359375,0.9453125,0.947265625,
0.94921875,0.951171875,0.9521484375,0.953125,0.955078125,0.95703125,0.9609375,
0.962890625,0.96484375,0.9658203125,0.966796875,0.96875,0.970703125,0.97265625,
0.9765625,0.978515625,0.98046875,0.9814453125,0.982421875,0.984375,0.986328125,
0.98828125,0.9921875,0.99609375,0.998046875,1.,1.001953125),
 .UNSPECIFIED.);
#25=B_SPLINE_CURVE_WITH_KNOTS('',3,(#4391,#4392,#4393,#4394,#4395,#4396,
#4397,#4398,#4399,#4400,#4401,#4402,#4403,#4404,#4405,#4406,#4407,#4408,
#4409,#4410,#4411,#4412,#4413,#4414,#4415,#4416,#4417,#4418,#4419,#4420,
#4421,#4422,#4423,#4424,#4425,#4426,#4427,#4428,#4429,#4430,#4431,#4432,
#4433,#4434,#4435,#4436,#4437,#4438,#4439,#4440,#4441,#4442,#4443,#4444,
#4445,#4446,#4447,#4448,#4449,#4450,#4451,#4452,#4453,#4454,#4455,#4456,
#4457,#4458,#4459,#4460,#4461,#4462,#4463,#4464,#4465,#4466,#4467,#4468,
#4469,#4470,#4471,#4472,#4473,#4474,#4475,#4476,#4477,#4478,#4479,#4480,
#4481,#4482,#4483,#4484,#4485,#4486,#4487,#4488,#4489,#4490,#4491,#4492,
#4493,#4494,#4495,#4496,#4497,#4498,#4499,#4500,#4501,#4502,#4503,#4504,
#4505,#4506,#4507,#4508,#4509,#4510,#4511,#4512,#4513,#4514,#4515,#4516,
#4517,#4518,#4519,#4520,#4521,#4522,#4523,#4524,#4525,#4526,#4527,#4528,
#4529,#4530,#4531,#4532,#4533,#4534,#4535,#4536,#4537,#4538,#4539,#4540,
#4541,#4542,#4543,#4544,#4545,#4546,#4547,#4548,#4549,#4550,#4551,#4552,
#4553,#4554,#4555,#4556,#4557,#4558,#4559,#4560,#4561,#4562,#4563,#4564,
#4565,#4566,#4567,#4568,#4569,#4570,#4571,#4572,#4573,#4574,#4575,#4576,
#4577,#4578,#4579,#4580,#4581,#4582,#4583,#4584,#4585,#4586,#4587,#4588,
#4589,#4590,#4591,#4592,#4593,#4594,#4595,#4596,#4597,#4598,#4599,#4600,
#4601,#4602,#4603,#4604,#4605,#4606,#4607,#4608,#4609,#4610,#4611,#4612,
#4613,#4614,#4615,#4616,#4617,#4618,#4619,#4620,#4621,#4622,#4623,#4624,
#4625,#4626,#4627,#4628,#4629,#4630,#4631,#4632,#4633,#4634,#4635,#4636,
#4637,#4638,#4639,#4640,#4641,#4642,#4643,#4644,#4645,#4646,#4647,#4648,
#4649,#4650,#4651,#4652,#4653,#4654,#4655,#4656,#4657,#4658,#4659,#4660,
#4661,#4662,#4663,#4664,#4665,#4666,#4667,#4668,#4669,#4670,#4671,#4672,
#4673,#4674,#4675,#4676,#4677,#4678,#4679,#4680,#4681,#4682,#4683,#4684,
#4685,#4686,#4687,#4688,#4689,#4690,#4691,#4692,#4693,#4694,#4695,#4696,
#4697,#4698,#4699,#4700,#4701,#4702,#4703,#4704,#4705,#4706,#4707,#4708,
#4709,#4710,#4711,#4712,#4713,#4714,#4715,#4716,#4717,#4718,#4719,#4720,
#4721,#4722,#4723,#4724,#4725,#4726,#4727,#4728,#4729,#4730,#4731,#4732,
#4733,#4734,#4735,#4736,#4737,#4738,#4739,#4740,#4741,#4742,#4743,#4744,
#4745,#4746,#4747,#4748,#4749,#4750,#4751,#4752,#4753,#4754,#4755,#4756,
#4757,#4758,#4759,#4760,#4761,#4762,#4763,#4764,#4765,#4766,#4767,#4768,
#4769,#4770,#4771,#4772,#4773,#4774,#4775,#4776,#4777,#4778,#4779,#4780,
#4781,#4782,#4783,#4784,#4785,#4786,#4787,#4788,#4789,#4790,#4791,#4792,
#4793,#4794,#4795,#4796,#4797,#4798,#4799,#4800,#4801,#4802,#4803,#4804,
#4805,#4806,#4807,#4808,#4809,#4810,#4811,#4812,#4813,#4814,#4815,#4816,
#4817,#4818,#4819,#4820,#4821,#4822,#4823,#4824,#4825,#4826,#4827,#4828,
#4829,#4830,#4831,#4832,#4833,#4834,#4835,#4836,#4837,#4838,#4839,#4840,
#4841,#4842,#4843,#4844,#4845,#4846,#4847,#4848,#4849,#4850,#4851,#4852,
#4853,#4854,#4855,#4856,#4857,#4858,#4859,#4860,#4861,#4862),
 .UNSPECIFIED.,.T.,.F.,(1,3,1,1,1,1,1,1,1,1,1,1,1,1,1,1,1,1,1,1,1,1,1,1,
1,1,1,1,1,1,1,1,1,1,1,1,1,1,1,1,1,1,1,1,1,1,1,1,1,1,1,1,1,1,1,1,1,1,1,1,
1,1,1,1,1,1,1,1,1,1,1,1,1,1,1,1,1,1,1,1,1,1,1,1,1,1,1,1,1,1,1,1,1,1,1,1,
1,1,1,1,1,1,1,1,1,1,1,1,1,1,1,1,1,1,1,1,1,1,1,1,1,1,1,1,1,1,1,1,1,1,1,1,
1,1,1,1,1,1,1,1,1,1,1,1,1,1,1,1,1,1,1,1,1,1,1,1,1,1,1,1,1,1,1,1,1,1,1,1,
1,1,1,1,1,1,1,1,1,1,1,1,1,1,1,1,1,1,1,1,1,1,1,1,1,1,1,1,1,1,1,1,1,1,1,1,
1,1,1,1,1,1,1,1,1,1,1,1,1,1,1,1,1,1,1,1,1,1,1,1,1,1,1,1,1,1,1,1,1,1,1,1,
1,1,1,1,1,1,1,1,1,1,1,1,1,1,1,1,1,1,1,1,1,1,1,1,1,1,1,1,1,1,1,1,1,1,1,1,
1,1,1,1,1,1,1,1,1,1,1,1,1,1,1,1,1,1,1,1,1,1,1,1,1,1,1,1,1,1,1,1,1,1,1,1,
1,1,1,1,1,1,1,1,1,1,1,1,1,1,1,1,1,1,1,1,1,1,1,1,1,1,1,1,1,1,1,1,1,1,1,1,
1,1,1,1,1,1,1,1,1,1,1,1,1,1,1,1,1,1,1,1,1,1,1,1,1,1,1,1,1,1,1,1,1,1,1,1,
1,1,1,1,1,1,1,1,1,1,1,1,1,1,1,1,1,1,1,1,1,1,1,1,1,1,1,1,1,1,1,1,1,1,1,1,
1,1,1,1,1,1,1,1,1,1,1,1,1,1,1,1,1,1,1,1,1,1,1,1,1,1,1,1,1,1,1,1,1,1,1,1,
1,1,1,1,1,1,1,1,1,1,1,1,1,1,3,1),(-0.001953125,0.,0.001953125,0.00390625,
0.005859375,0.0078125,0.009765625,0.01171875,0.013671875,0.01416015625,
0.0146484375,0.015625,0.0166015625,0.017578125,0.01953125,0.021484375,0.0234375,
0.0244140625,0.025390625,0.0263671875,0.02734375,0.029296875,0.03125,0.033203125,
0.03515625,0.037109375,0.0390625,0.041015625,0.04296875,0.044921875,0.046875,
0.048828125,0.05078125,0.052734375,0.0546875,0.056640625,0.05859375,0.060546875,
0.0625,0.064453125,0.0654296875,0.06640625,0.0673828125,0.068359375,0.06884765625,
0.0693359375,0.0703125,0.0712890625,0.072265625,0.07421875,0.078125,0.080078125,
0.0810546875,0.08203125,0.0830078125,0.08349609375,0.083984375,0.0849609375,
0.0859375,0.087890625,0.08984375,0.091796875,0.09375,0.095703125,0.09765625,
0.099609375,0.1015625,0.103515625,0.10546875,0.107421875,0.109375,0.11328125,
0.1171875,0.12109375,0.123046875,0.125,0.12890625,0.1328125,0.13671875,
0.138671875,0.140625,0.14453125,0.1484375,0.15234375,0.15625,0.158203125,
0.16015625,0.1640625,0.16796875,0.169921875,0.171875,0.1728515625,0.173828125,
0.17578125,0.1796875,0.18359375,0.185546875,0.1875,0.189453125,0.19140625,
0.1953125,0.19921875,0.201171875,0.203125,0.205078125,0.20703125,0.2109375,
0.21484375,0.21875,0.220703125,0.22265625,0.224609375,0.2265625,0.228515625,
0.23046875,0.234375,0.23828125,0.2421875,0.24609375,0.25,0.2578125,0.265625,
0.2734375,0.28125,0.28515625,0.2890625,0.29296875,0.294921875,0.296875,
0.30078125,0.3046875,0.30859375,0.3125,0.3203125,0.32421875,0.326171875,
0.328125,0.330078125,0.33203125,0.333984375,0.3359375,0.33984375,0.34375,
0.34765625,0.349609375,0.3515625,0.353515625,0.35546875,0.359375,0.36328125,
0.365234375,0.3671875,0.369140625,0.3701171875,0.37109375,0.3720703125,
0.373046875,0.375,0.376953125,0.37890625,0.380859375,0.3828125,0.384765625,
0.38671875,0.388671875,0.3896484375,0.390625,0.392578125,0.39453125,0.3984375,
0.40234375,0.404296875,0.40625,0.408203125,0.4091796875,0.41015625,0.4111328125,
0.412109375,0.4140625,0.416015625,0.41796875,0.421875,0.423828125,0.42578125,
0.427734375,0.4287109375,0.4296875,0.4306640625,0.431640625,0.43359375,
0.435546875,0.4375,0.439453125,0.44140625,0.443359375,0.4453125,0.447265625,
0.44921875,0.453125,0.455078125,0.45703125,0.458984375,0.4609375,0.462890625,
0.46484375,0.466796875,0.46875,0.470703125,0.4716796875,0.47216796875,0.47265625,
0.474609375,0.4765625,0.48046875,0.482421875,0.4833984375,0.484375,0.4853515625,
0.486328125,0.48681640625,0.4873046875,0.48828125,0.4892578125,0.490234375,
0.4921875,0.494140625,0.49609375,0.4970703125,0.498046875,0.49853515625,
0.4990234375,0.49951171875,0.5,0.5009765625,0.501953125,0.50390625,0.505859375,
0.5078125,0.509765625,0.5107421875,0.51171875,0.5126953125,0.513671875,
0.515625,0.517578125,0.51953125,0.5234375,0.525390625,0.52734375,0.5283203125,
0.529296875,0.5302734375,0.53125,0.533203125,0.53515625,0.537109375,0.5390625,
0.541015625,0.54296875,0.5439453125,0.544921875,0.5458984375,0.546875,0.5478515625,
0.548828125,0.55078125,0.552734375,0.5546875,0.5556640625,0.556640625,0.5576171875,
0.55859375,0.5595703125,0.560546875,0.5625,0.564453125,0.56640625,0.568359375,
0.5703125,0.572265625,0.57421875,0.5751953125,0.576171875,0.57666015625,
0.5771484375,0.57763671875,0.578125,0.5791015625,0.580078125,0.58203125,
0.583984375,0.5859375,0.587890625,0.58984375,0.591796875,0.59375,0.595703125,
0.5966796875,0.59765625,0.5986328125,0.599609375,0.6015625,0.60546875,0.609375,
0.6103515625,0.611328125,0.61328125,0.615234375,0.6171875,0.62109375,0.625,
0.626953125,0.62890625,0.6298828125,0.630859375,0.6328125,0.634765625,0.63671875,
0.640625,0.64453125,0.6484375,0.650390625,0.6513671875,0.65234375,0.65625,
0.66015625,0.6640625,0.666015625,0.66796875,0.669921875,0.671875,0.673828125,
0.67578125,0.6796875,0.68359375,0.685546875,0.6875,0.689453125,0.69140625,
0.693359375,0.6953125,0.69921875,0.703125,0.70703125,0.7109375,0.71484375,
0.716796875,0.71875,0.72265625,0.7265625,0.734375,0.73828125,0.7421875,
0.74609375,0.748046875,0.75,0.75390625,0.7578125,0.76171875,0.765625,0.7734375,
0.77734375,0.78125,0.78515625,0.787109375,0.7890625,0.79296875,0.796875,
0.80078125,0.8046875,0.80859375,0.810546875,0.8125,0.814453125,0.8154296875,
0.81640625,0.8173828125,0.818359375,0.8203125,0.82421875,0.826171875,0.828125,
0.8291015625,0.830078125,0.8310546875,0.83154296875,0.83203125,0.8330078125,
0.833984375,0.8349609375,0.8359375,0.837890625,0.83984375,0.84375,0.845703125,
0.84765625,0.8486328125,0.849609375,0.8515625,0.853515625,0.85546875,0.857421875,
0.859375,0.86328125,0.865234375,0.8671875,0.87109375,0.875,0.87890625,0.880859375,
0.8828125,0.8837890625,0.884765625,0.88671875,0.888671875,0.890625,0.89453125,
0.8984375,0.90234375,0.90625,0.908203125,0.91015625,0.912109375,0.9130859375,
0.9140625,0.9150390625,0.916015625,0.91796875,0.919921875,0.921875,0.923828125,
0.92578125,0.927734375,0.9296875,0.931640625,0.93359375,0.935546875,0.9365234375,
0.9375,0.9384765625,0.939453125,0.94140625,0.943359375,0.9453125,0.947265625,
0.94921875,0.951171875,0.9521484375,0.953125,0.955078125,0.95703125,0.9609375,
0.962890625,0.96484375,0.9658203125,0.966796875,0.96875,0.970703125,0.97265625,
0.9765625,0.978515625,0.98046875,0.9814453125,0.982421875,0.984375,0.986328125,
0.98828125,0.9921875,0.99609375,0.998046875,1.,1.001953125),
 .UNSPECIFIED.);
#26=B_SPLINE_CURVE_WITH_KNOTS('',3,(#4980,#4981,#4982,#4983,#4984,#4985,
#4986,#4987,#4988,#4989,#4990,#4991,#4992,#4993,#4994,#4995,#4996,#4997,
#4998,#4999,#5000,#5001,#5002,#5003,#5004,#5005,#5006,#5007,#5008,#5009,
#5010,#5011,#5012,#5013,#5014,#5015,#5016,#5017,#5018,#5019,#5020,#5021,
#5022,#5023,#5024,#5025,#5026,#5027,#5028,#5029,#5030,#5031,#5032,#5033,
#5034,#5035,#5036,#5037),.UNSPECIFIED.,.T.,.F.,(1,3,1,1,1,1,1,1,1,1,1,1,
1,1,1,1,1,1,1,1,1,1,1,1,1,1,1,1,1,1,1,1,1,1,1,1,1,1,1,1,1,1,1,1,1,1,1,1,
1,1,1,1,1,1,1,1,3,1),(-0.0183474885689523,0.,0.014436582784833,0.0268119946833462,
0.0398937866035902,0.0520221176893157,0.0684395588967886,0.0833684263059793,
0.0948716406557547,0.108510056081572,0.124049689749943,0.140198508272221,
0.157447834930926,0.173643132359768,0.18763504299485,0.206195702543162,
0.224210689865816,0.257380034099082,0.294110437204214,0.331780189697278,
0.354192300492977,0.371145594676072,0.390173426663846,0.409994680278077,
0.429770578269026,0.444630802771373,0.46156441394347,0.471949167164815,
0.486464777813904,0.499057108277484,0.511616407331504,0.529290176795405,
0.546349534114295,0.558249350310008,0.577214018127662,0.596238560431803,
0.611103253807914,0.630183945218127,0.650488336073052,0.670869136550359,
0.690639614258277,0.716984526053033,0.748829595250152,0.788213465654126,
0.816039799782854,0.831948035798489,0.848107802425791,0.865873004917852,
0.884195722478878,0.901168986337007,0.913931423977745,0.926532792187566,
0.938814865888785,0.952063806971815,0.966459542831169,0.981652511431048,
1.,1.01443658278483),.UNSPECIFIED.);
#27=B_SPLINE_CURVE_WITH_KNOTS('',3,(#5039,#5040,#5041,#5042,#5043,#5044,
#5045,#5046,#5047,#5048,#5049,#5050,#5051,#5052,#5053,#5054,#5055,#5056,
#5057,#5058,#5059,#5060,#5061,#5062,#5063,#5064,#5065,#5066,#5067,#5068,
#5069,#5070,#5071,#5072,#5073,#5074,#5075,#5076,#5077,#5078,#5079,#5080,
#5081,#5082,#5083,#5084,#5085,#5086,#5087,#5088,#5089,#5090,#5091,#5092,
#5093,#5094,#5095,#5096),.UNSPECIFIED.,.T.,.F.,(1,3,1,1,1,1,1,1,1,1,1,1,
1,1,1,1,1,1,1,1,1,1,1,1,1,1,1,1,1,1,1,1,1,1,1,1,1,1,1,1,1,1,1,1,1,1,1,1,
1,1,1,1,1,1,1,1,3,1),(-0.0183474885689523,0.,0.014436582784833,0.0268119946833462,
0.0398937866035902,0.0520221176893157,0.0684395588967886,0.0833684263059793,
0.0948716406557547,0.108510056081572,0.124049689749943,0.140198508272221,
0.157447834930926,0.173643132359768,0.18763504299485,0.206195702543162,
0.224210689865816,0.257380034099082,0.294110437204214,0.331780189697278,
0.354192300492977,0.371145594676072,0.390173426663846,0.409994680278077,
0.429770578269026,0.444630802771373,0.46156441394347,0.471949167164815,
0.486464777813904,0.499057108277484,0.511616407331504,0.529290176795405,
0.546349534114295,0.558249350310008,0.577214018127662,0.596238560431803,
0.611103253807914,0.630183945218127,0.650488336073052,0.670869136550359,
0.690639614258277,0.716984526053033,0.748829595250152,0.788213465654126,
0.816039799782854,0.831948035798489,0.848107802425791,0.865873004917852,
0.884195722478878,0.901168986337007,0.913931423977745,0.926532792187566,
0.938814865888785,0.952063806971815,0.966459542831169,0.981652511431048,
1.,1.01443658278483),.UNSPECIFIED.);
#28=B_SPLINE_CURVE_WITH_KNOTS('',3,(#5100,#5101,#5102,#5103,#5104,#5105,
#5106,#5107,#5108,#5109,#5110,#5111,#5112,#5113,#5114,#5115,#5116,#5117,
#5118,#5119,#5120,#5121,#5122,#5123,#5124,#5125,#5126,#5127,#5128,#5129,
#5130,#5131,#5132,#5133,#5134,#5135,#5136,#5137,#5138,#5139,#5140,#5141,
#5142,#5143,#5144,#5145,#5146,#5147,#5148,#5149,#5150,#5151,#5152,#5153,
#5154,#5155,#5156,#5157,#5158,#5159,#5160,#5161,#5162,#5163,#5164,#5165,
#5166,#5167,#5168,#5169,#5170,#5171,#5172,#5173,#5174,#5175,#5176,#5177,
#5178,#5179,#5180,#5181,#5182,#5183,#5184,#5185,#5186,#5187,#5188,#5189,
#5190,#5191,#5192,#5193,#5194,#5195,#5196,#5197,#5198,#5199,#5200,#5201,
#5202,#5203,#5204,#5205,#5206,#5207,#5208,#5209,#5210,#5211,#5212,#5213,
#5214,#5215,#5216,#5217,#5218,#5219,#5220,#5221,#5222,#5223,#5224,#5225,
#5226,#5227,#5228,#5229,#5230,#5231,#5232,#5233,#5234,#5235,#5236,#5237,
#5238,#5239,#5240,#5241,#5242,#5243,#5244,#5245,#5246,#5247,#5248,#5249,
#5250,#5251,#5252,#5253,#5254,#5255,#5256,#5257,#5258,#5259,#5260,#5261,
#5262,#5263,#5264,#5265,#5266,#5267,#5268,#5269,#5270,#5271,#5272,#5273,
#5274,#5275,#5276,#5277,#5278,#5279,#5280,#5281,#5282,#5283,#5284,#5285,
#5286,#5287,#5288,#5289,#5290,#5291,#5292,#5293,#5294,#5295,#5296,#5297,
#5298,#5299,#5300,#5301,#5302,#5303,#5304,#5305,#5306,#5307,#5308,#5309,
#5310,#5311,#5312,#5313,#5314,#5315,#5316,#5317,#5318,#5319,#5320,#5321,
#5322,#5323,#5324,#5325,#5326,#5327,#5328,#5329,#5330,#5331,#5332,#5333,
#5334,#5335,#5336,#5337,#5338,#5339,#5340,#5341,#5342,#5343,#5344,#5345,
#5346,#5347,#5348,#5349,#5350,#5351,#5352,#5353,#5354,#5355,#5356,#5357,
#5358,#5359,#5360,#5361,#5362,#5363,#5364,#5365,#5366,#5367,#5368,#5369,
#5370,#5371,#5372,#5373,#5374,#5375,#5376,#5377,#5378,#5379,#5380,#5381,
#5382,#5383,#5384,#5385,#5386,#5387,#5388,#5389,#5390,#5391,#5392,#5393,
#5394,#5395,#5396,#5397,#5398,#5399,#5400,#5401,#5402,#5403,#5404,#5405,
#5406,#5407,#5408,#5409,#5410,#5411,#5412,#5413,#5414,#5415,#5416,#5417,
#5418,#5419,#5420,#5421,#5422,#5423,#5424,#5425,#5426,#5427,#5428,#5429,
#5430,#5431,#5432,#5433,#5434,#5435,#5436,#5437,#5438,#5439,#5440,#5441,
#5442,#5443,#5444,#5445,#5446,#5447,#5448,#5449,#5450,#5451,#5452,#5453,
#5454,#5455,#5456,#5457,#5458,#5459,#5460,#5461,#5462,#5463,#5464,#5465,
#5466,#5467,#5468,#5469,#5470,#5471,#5472,#5473,#5474,#5475,#5476,#5477,
#5478,#5479,#5480,#5481,#5482,#5483,#5484,#5485,#5486,#5487,#5488,#5489,
#5490,#5491,#5492,#5493,#5494,#5495,#5496,#5497,#5498,#5499,#5500,#5501,
#5502,#5503,#5504,#5505,#5506,#5507,#5508,#5509,#5510,#5511,#5512,#5513,
#5514,#5515,#5516,#5517,#5518,#5519,#5520,#5521,#5522,#5523,#5524,#5525,
#5526,#5527,#5528,#5529,#5530,#5531,#5532,#5533,#5534,#5535,#5536,#5537,
#5538,#5539,#5540,#5541,#5542,#5543,#5544,#5545,#5546,#5547,#5548,#5549,
#5550,#5551,#5552,#5553,#5554,#5555,#5556,#5557,#5558,#5559,#5560,#5561,
#5562,#5563,#5564,#5565,#5566,#5567,#5568,#5569,#5570,#5571,#5572,#5573,
#5574,#5575,#5576,#5577,#5578,#5579,#5580,#5581,#5582,#5583,#5584,#5585,
#5586,#5587,#5588,#5589,#5590,#5591,#5592,#5593,#5594,#5595,#5596,#5597,
#5598,#5599,#5600,#5601,#5602,#5603,#5604,#5605,#5606,#5607,#5608,#5609,
#5610,#5611,#5612,#5613,#5614,#5615,#5616,#5617,#5618,#5619,#5620,#5621,
#5622,#5623,#5624,#5625,#5626,#5627,#5628,#5629,#5630,#5631,#5632,#5633,
#5634,#5635,#5636,#5637,#5638,#5639,#5640,#5641,#5642,#5643,#5644,#5645,
#5646,#5647,#5648,#5649,#5650,#5651,#5652,#5653,#5654,#5655,#5656,#5657,
#5658,#5659,#5660,#5661,#5662,#5663,#5664,#5665,#5666,#5667,#5668,#5669,
#5670,#5671,#5672,#5673,#5674,#5675,#5676,#5677,#5678,#5679,#5680,#5681,
#5682,#5683,#5684,#5685,#5686,#5687,#5688,#5689,#5690,#5691,#5692,#5693,
#5694,#5695,#5696,#5697,#5698,#5699,#5700,#5701,#5702,#5703,#5704,#5705,
#5706,#5707,#5708,#5709,#5710,#5711,#5712,#5713,#5714,#5715,#5716,#5717,
#5718,#5719,#5720,#5721,#5722,#5723,#5724,#5725,#5726,#5727,#5728,#5729,
#5730,#5731,#5732,#5733,#5734,#5735,#5736,#5737,#5738,#5739,#5740,#5741,
#5742,#5743,#5744,#5745,#5746,#5747,#5748,#5749,#5750,#5751,#5752,#5753,
#5754,#5755,#5756,#5757,#5758,#5759,#5760,#5761,#5762,#5763,#5764,#5765,
#5766,#5767,#5768,#5769,#5770,#5771,#5772,#5773,#5774,#5775,#5776,#5777,
#5778,#5779,#5780,#5781,#5782,#5783,#5784,#5785,#5786),.UNSPECIFIED.,.T.,
 .F.,(1,3,1,1,1,1,1,1,1,1,1,1,1,1,1,1,1,1,1,1,1,1,1,1,1,1,1,1,1,1,1,1,1,
1,1,1,1,1,1,1,1,1,1,1,1,1,1,1,1,1,1,1,1,1,1,1,1,1,1,1,1,1,1,1,1,1,1,1,1,
1,1,1,1,1,1,1,1,1,1,1,1,1,1,1,1,1,1,1,1,1,1,1,1,1,1,1,1,1,1,1,1,1,1,1,1,
1,1,1,1,1,1,1,1,1,1,1,1,1,1,1,1,1,1,1,1,1,1,1,1,1,1,1,1,1,1,1,1,1,1,1,1,
1,1,1,1,1,1,1,1,1,1,1,1,1,1,1,1,1,1,1,1,1,1,1,1,1,1,1,1,1,1,1,1,1,1,1,1,
1,1,1,1,1,1,1,1,1,1,1,1,1,1,1,1,1,1,1,1,1,1,1,1,1,1,1,1,1,1,1,1,1,1,1,1,
1,1,1,1,1,1,1,1,1,1,1,1,1,1,1,1,1,1,1,1,1,1,1,1,1,1,1,1,1,1,1,1,1,1,1,1,
1,1,1,1,1,1,1,1,1,1,1,1,1,1,1,1,1,1,1,1,1,1,1,1,1,1,1,1,1,1,1,1,1,1,1,1,
1,1,1,1,1,1,1,1,1,1,1,1,1,1,1,1,1,1,1,1,1,1,1,1,1,1,1,1,1,1,1,1,1,1,1,1,
1,1,1,1,1,1,1,1,1,1,1,1,1,1,1,1,1,1,1,1,1,1,1,1,1,1,1,1,1,1,1,1,1,1,1,1,
1,1,1,1,1,1,1,1,1,1,1,1,1,1,1,1,1,1,1,1,1,1,1,1,1,1,1,1,1,1,1,1,1,1,1,1,
1,1,1,1,1,1,1,1,1,1,1,1,1,1,1,1,1,1,1,1,1,1,1,1,1,1,1,1,1,1,1,1,1,1,1,1,
1,1,1,1,1,1,1,1,1,1,1,1,1,1,1,1,1,1,1,1,1,1,1,1,1,1,1,1,1,1,1,1,1,1,1,1,
1,1,1,1,1,1,1,1,1,1,1,1,1,1,1,1,1,1,1,1,1,1,1,1,1,1,1,1,1,1,1,1,1,1,1,1,
1,1,1,1,1,1,1,1,1,1,1,1,1,1,1,1,1,1,1,1,1,1,1,1,1,1,1,1,1,1,1,1,1,1,1,1,
1,1,1,1,1,1,1,1,1,1,1,1,1,1,1,1,1,1,1,1,1,1,1,1,1,1,1,1,1,1,1,1,1,1,1,1,
1,1,1,1,1,1,1,1,1,1,1,1,1,1,1,1,1,1,1,1,1,1,1,1,1,1,1,1,1,1,1,1,1,1,1,1,
1,1,1,1,1,1,1,1,1,1,1,1,1,1,1,1,1,1,1,1,1,1,1,1,1,1,1,1,1,1,1,1,1,1,1,1,
1,1,1,1,1,1,1,1,1,1,1,1,1,1,1,1,1,1,1,1,1,1,1,1,1,1,1,1,1,1,1,1,1,1,1,1,
1,1,1,1,3,1),(-0.001953125,0.,0.001953125,0.00390625,0.0078125,0.01171875,
0.013671875,0.0146484375,0.015625,0.0166015625,0.017578125,0.01806640625,
0.0185546875,0.01904296875,0.01953125,0.021484375,0.0224609375,0.0234375,
0.0244140625,0.025390625,0.0263671875,0.02734375,0.0283203125,0.029296875,
0.0302734375,0.03125,0.0322265625,0.033203125,0.0341796875,0.03515625,0.037109375,
0.0390625,0.041015625,0.04296875,0.044921875,0.0458984375,0.046875,0.04736328125,
0.0478515625,0.04833984375,0.048828125,0.0498046875,0.05078125,0.052734375,
0.0546875,0.056640625,0.05859375,0.0595703125,0.060546875,0.06103515625,
0.0615234375,0.06201171875,0.0625,0.0634765625,0.064453125,0.06640625,0.068359375,
0.0693359375,0.0703125,0.0712890625,0.072265625,0.0732421875,0.07421875,
0.0751953125,0.076171875,0.0771484375,0.078125,0.080078125,0.08203125,0.083984375,
0.0849609375,0.08544921875,0.0859375,0.08642578125,0.0869140625,0.087890625,
0.08984375,0.091796875,0.0927734375,0.09375,0.0947265625,0.095703125,0.0966796875,
0.09765625,0.099609375,0.1005859375,0.1015625,0.1025390625,0.103515625,
0.1044921875,0.10546875,0.107421875,0.109375,0.111328125,0.1123046875,0.11328125,
0.1142578125,0.115234375,0.1162109375,0.11669921875,0.1171875,0.1181640625,
0.119140625,0.12109375,0.125,0.12890625,0.130859375,0.1328125,0.134765625,
0.1357421875,0.13671875,0.138671875,0.140625,0.142578125,0.14453125,0.146484375,
0.1484375,0.1494140625,0.150390625,0.15087890625,0.1513671875,0.15234375,
0.1533203125,0.154296875,0.15625,0.158203125,0.16015625,0.162109375,0.1640625,
0.1650390625,0.166015625,0.1669921875,0.16748046875,0.16796875,0.16845703125,
0.1689453125,0.169921875,0.1708984375,0.171875,0.173828125,0.1748046875,
0.17578125,0.1767578125,0.177734375,0.1787109375,0.1796875,0.1806640625,
0.181640625,0.1826171875,0.18310546875,0.18359375,0.1845703125,0.185546875,
0.1865234375,0.1875,0.189453125,0.19140625,0.1953125,0.19921875,0.203125,
0.20703125,0.208984375,0.2109375,0.21484375,0.21875,0.22265625,0.2265625,
0.234375,0.2421875,0.24609375,0.25,0.251953125,0.25390625,0.2578125,0.265625,
0.2734375,0.27734375,0.28125,0.283203125,0.28515625,0.2890625,0.296875,
0.30078125,0.3046875,0.306640625,0.3076171875,0.30859375,0.310546875,0.3125,
0.314453125,0.31640625,0.318359375,0.3203125,0.322265625,0.32421875,0.3251953125,
0.326171875,0.3271484375,0.328125,0.3291015625,0.330078125,0.3310546875,
0.33203125,0.3330078125,0.333984375,0.3359375,0.33984375,0.34375,0.34765625,
0.349609375,0.3505859375,0.3515625,0.353515625,0.35546875,0.359375,0.36328125,
0.365234375,0.3671875,0.3681640625,0.369140625,0.3701171875,0.37060546875,
0.37109375,0.3720703125,0.373046875,0.375,0.376953125,0.37890625,0.380859375,
0.3828125,0.384765625,0.38671875,0.3876953125,0.388671875,0.3896484375,
0.390625,0.3916015625,0.392578125,0.3935546875,0.39404296875,0.39453125,
0.39501953125,0.3955078125,0.396484375,0.3974609375,0.3984375,0.3994140625,
0.400390625,0.4013671875,0.40234375,0.40283203125,0.4033203125,0.40380859375,
0.404296875,0.40478515625,0.4052734375,0.40625,0.4072265625,0.408203125,
0.41015625,0.412109375,0.4140625,0.416015625,0.41796875,0.419921875,0.4208984375,
0.421875,0.42236328125,0.4228515625,0.423095703125,0.42333984375,0.423828125,
0.4248046875,0.42578125,0.427734375,0.4296875,0.431640625,0.43359375,0.435546875,
0.4375,0.439453125,0.43994140625,0.4404296875,0.44091796875,0.44140625,
0.44189453125,0.4423828125,0.44287109375,0.443359375,0.44384765625,0.4443359375,
0.44482421875,0.4453125,0.44580078125,0.4462890625,0.44677734375,0.447265625,
0.44775390625,0.4482421875,0.44873046875,0.44921875,0.44970703125,0.4501953125,
0.45068359375,0.451171875,0.4521484375,0.45263671875,0.453125,0.45361328125,
0.4541015625,0.45458984375,0.455078125,0.4560546875,0.45703125,0.458984375,
0.4609375,0.462890625,0.46484375,0.466796875,0.46875,0.4697265625,0.47021484375,
0.470703125,0.47119140625,0.4716796875,0.47265625,0.474609375,0.4765625,
0.48046875,0.482421875,0.484375,0.486328125,0.4873046875,0.48779296875,
0.48828125,0.4892578125,0.490234375,0.4921875,0.494140625,0.49609375,0.498046875,
0.4990234375,0.5,0.50048828125,0.5009765625,0.50146484375,0.501953125,0.5029296875,
0.50390625,0.5048828125,0.505859375,0.5078125,0.509765625,0.5107421875,
0.51171875,0.5126953125,0.51318359375,0.513671875,0.51416015625,0.5146484375,
0.515625,0.5166015625,0.517578125,0.51953125,0.5205078125,0.521484375,0.5234375,
0.525390625,0.52734375,0.5283203125,0.529296875,0.5302734375,0.53076171875,
0.53125,0.53173828125,0.5322265625,0.53271484375,0.533203125,0.53369140625,
0.5341796875,0.53466796875,0.53515625,0.53564453125,0.5361328125,0.537109375,
0.5380859375,0.53857421875,0.5390625,0.53955078125,0.5400390625,0.541015625,
0.5419921875,0.54296875,0.544921875,0.546875,0.548828125,0.5498046875,0.55078125,
0.552734375,0.5537109375,0.55419921875,0.5546875,0.55517578125,0.5556640625,
0.556640625,0.5576171875,0.55859375,0.5595703125,0.560546875,0.5615234375,
0.56201171875,0.5625,0.56298828125,0.5634765625,0.56396484375,0.564453125,
0.56494140625,0.5654296875,0.56591796875,0.56640625,0.56689453125,0.5673828125,
0.568359375,0.5693359375,0.5703125,0.5712890625,0.572265625,0.57421875,
0.576171875,0.578125,0.5791015625,0.580078125,0.5810546875,0.58203125,0.583984375,
0.5859375,0.587890625,0.5888671875,0.58935546875,0.58984375,0.5908203125,
0.591796875,0.59375,0.595703125,0.59765625,0.6015625,0.603515625,0.60546875,
0.607421875,0.6083984375,0.609375,0.6103515625,0.611328125,0.6123046875,
0.61328125,0.615234375,0.6171875,0.619140625,0.62109375,0.623046875,0.625,
0.626953125,0.6279296875,0.62841796875,0.62890625,0.62939453125,0.6298828125,
0.630859375,0.6328125,0.634765625,0.63671875,0.638671875,0.640625,0.642578125,
0.64453125,0.6455078125,0.646484375,0.6474609375,0.6484375,0.650390625,
0.65234375,0.65625,0.66015625,0.6640625,0.666015625,0.6669921875,0.66796875,
0.6689453125,0.669921875,0.671875,0.673828125,0.67578125,0.6796875,0.68359375,
0.6875,0.69140625,0.6953125,0.69921875,0.703125,0.705078125,0.70703125,
0.7109375,0.71484375,0.71875,0.72265625,0.7265625,0.73046875,0.734375,0.73828125,
0.740234375,0.7421875,0.744140625,0.74609375,0.75,0.7578125,0.76171875,
0.765625,0.76953125,0.771484375,0.7734375,0.7744140625,0.775390625,0.7763671875,
0.77734375,0.779296875,0.78125,0.783203125,0.78515625,0.787109375,0.7890625,
0.7900390625,0.791015625,0.7919921875,0.79296875,0.7939453125,0.794921875,
0.7958984375,0.796875,0.798828125,0.80078125,0.802734375,0.8046875,0.80859375,
0.810546875,0.8115234375,0.8125,0.8134765625,0.814453125,0.8154296875,0.81640625,
0.8173828125,0.818359375,0.8193359375,0.8203125,0.8212890625,0.822265625,
0.8232421875,0.82421875,0.8251953125,0.826171875,0.8271484375,0.828125,
0.830078125,0.83203125,0.8359375,0.83984375,0.84375,0.84765625,0.8515625,
0.853515625,0.85546875,0.857421875,0.859375,0.861328125,0.86328125,0.865234375,
0.8671875,0.87109375,0.873046875,0.875,0.876953125,0.87890625,0.880859375,
0.8828125,0.884765625,0.88671875,0.888671875,0.890625,0.892578125,0.8935546875,
0.89453125,0.896484375,0.8984375,0.8994140625,0.900390625,0.9013671875,
0.90234375,0.9033203125,0.90380859375,0.904296875,0.90478515625,0.9052734375,
0.90576171875,0.90625,0.90673828125,0.9072265625,0.908203125,0.9091796875,
0.91015625,0.9111328125,0.912109375,0.9130859375,0.9140625,0.9150390625,
0.916015625,0.91650390625,0.9169921875,0.91796875,0.919921875,0.921875,
0.923828125,0.92578125,0.927734375,0.9287109375,0.9296875,0.9306640625,
0.931640625,0.93212890625,0.9326171875,0.93359375,0.9345703125,0.935546875,
0.9375,0.939453125,0.94140625,0.943359375,0.9453125,0.9462890625,0.947265625,
0.94775390625,0.9482421875,0.94921875,0.9501953125,0.951171875,0.9521484375,
0.953125,0.955078125,0.9560546875,0.95703125,0.9580078125,0.958984375,0.95947265625,
0.9599609375,0.96044921875,0.9609375,0.96142578125,0.9619140625,0.962890625,
0.9638671875,0.96484375,0.966796875,0.96875,0.9697265625,0.970703125,0.9716796875,
0.97265625,0.97314453125,0.9736328125,0.97412109375,0.974609375,0.9755859375,
0.9765625,0.978515625,0.98046875,0.982421875,0.9833984375,0.984375,0.9853515625,
0.986328125,0.98828125,0.990234375,0.9921875,0.994140625,0.99609375,0.998046875,
1.,1.001953125),.UNSPECIFIED.);
#29=B_SPLINE_CURVE_WITH_KNOTS('',3,(#7162,#7163,#7164,#7165,#7166,#7167,
#7168,#7169,#7170,#7171,#7172,#7173,#7174,#7175,#7176,#7177,#7178,#7179,
#7180,#7181,#7182,#7183,#7184,#7185,#7186,#7187,#7188,#7189,#7190,#7191,
#7192,#7193,#7194,#7195,#7196,#7197,#7198,#7199,#7200,#7201,#7202,#7203,
#7204,#7205,#7206,#7207,#7208,#7209,#7210,#7211,#7212,#7213,#7214,#7215,
#7216,#7217,#7218,#7219,#7220,#7221,#7222,#7223,#7224,#7225,#7226,#7227,
#7228,#7229,#7230,#7231,#7232,#7233,#7234,#7235,#7236,#7237,#7238,#7239,
#7240,#7241,#7242,#7243,#7244,#7245,#7246,#7247,#7248,#7249,#7250,#7251,
#7252,#7253,#7254,#7255,#7256,#7257,#7258,#7259,#7260,#7261,#7262,#7263,
#7264,#7265,#7266,#7267,#7268,#7269,#7270,#7271,#7272,#7273,#7274,#7275,
#7276,#7277,#7278,#7279,#7280,#7281,#7282,#7283,#7284,#7285,#7286,#7287,
#7288,#7289,#7290,#7291,#7292,#7293,#7294,#7295,#7296,#7297,#7298,#7299,
#7300,#7301,#7302,#7303,#7304,#7305,#7306,#7307,#7308,#7309,#7310,#7311,
#7312,#7313,#7314,#7315,#7316,#7317,#7318,#7319,#7320,#7321,#7322,#7323,
#7324,#7325,#7326,#7327,#7328,#7329,#7330,#7331,#7332,#7333,#7334,#7335,
#7336,#7337,#7338,#7339,#7340,#7341,#7342,#7343,#7344,#7345,#7346,#7347,
#7348,#7349,#7350,#7351,#7352,#7353,#7354,#7355,#7356,#7357,#7358,#7359,
#7360,#7361,#7362,#7363,#7364,#7365,#7366,#7367,#7368,#7369,#7370,#7371,
#7372,#7373,#7374,#7375,#7376,#7377,#7378,#7379,#7380,#7381,#7382,#7383,
#7384,#7385,#7386,#7387,#7388,#7389,#7390,#7391,#7392,#7393,#7394,#7395,
#7396,#7397,#7398,#7399,#7400,#7401,#7402,#7403,#7404,#7405,#7406,#7407,
#7408,#7409,#7410,#7411,#7412,#7413,#7414,#7415,#7416,#7417,#7418,#7419,
#7420,#7421,#7422,#7423,#7424,#7425,#7426,#7427,#7428,#7429,#7430,#7431,
#7432,#7433,#7434,#7435,#7436,#7437,#7438,#7439,#7440,#7441,#7442,#7443,
#7444,#7445,#7446,#7447,#7448,#7449,#7450,#7451,#7452,#7453,#7454,#7455,
#7456,#7457,#7458,#7459,#7460,#7461,#7462,#7463,#7464,#7465,#7466,#7467,
#7468,#7469,#7470,#7471,#7472,#7473,#7474,#7475,#7476,#7477,#7478,#7479,
#7480,#7481,#7482,#7483,#7484,#7485,#7486,#7487,#7488,#7489,#7490,#7491,
#7492,#7493,#7494,#7495,#7496,#7497,#7498,#7499,#7500,#7501,#7502,#7503,
#7504,#7505,#7506,#7507,#7508,#7509,#7510,#7511,#7512,#7513,#7514,#7515,
#7516,#7517,#7518,#7519,#7520,#7521,#7522,#7523,#7524,#7525,#7526,#7527,
#7528,#7529,#7530,#7531,#7532,#7533,#7534,#7535,#7536,#7537,#7538,#7539,
#7540,#7541,#7542,#7543,#7544,#7545,#7546,#7547,#7548,#7549,#7550,#7551,
#7552,#7553,#7554,#7555,#7556,#7557,#7558,#7559,#7560,#7561,#7562,#7563,
#7564,#7565,#7566,#7567,#7568,#7569,#7570,#7571,#7572,#7573,#7574,#7575,
#7576,#7577,#7578,#7579,#7580,#7581,#7582,#7583,#7584,#7585,#7586,#7587,
#7588,#7589,#7590,#7591,#7592,#7593,#7594,#7595,#7596,#7597,#7598,#7599,
#7600,#7601,#7602,#7603,#7604,#7605,#7606,#7607,#7608,#7609,#7610,#7611,
#7612,#7613,#7614,#7615,#7616,#7617,#7618,#7619,#7620,#7621,#7622,#7623,
#7624,#7625,#7626,#7627,#7628,#7629,#7630,#7631,#7632,#7633,#7634,#7635,
#7636,#7637,#7638,#7639,#7640,#7641,#7642,#7643,#7644,#7645,#7646,#7647,
#7648,#7649,#7650,#7651,#7652,#7653,#7654,#7655,#7656,#7657,#7658,#7659,
#7660,#7661,#7662,#7663,#7664,#7665,#7666,#7667,#7668,#7669,#7670,#7671,
#7672,#7673,#7674,#7675,#7676,#7677,#7678,#7679,#7680,#7681,#7682,#7683,
#7684,#7685,#7686,#7687,#7688,#7689,#7690,#7691,#7692,#7693,#7694,#7695,
#7696,#7697,#7698,#7699,#7700,#7701,#7702,#7703,#7704,#7705,#7706,#7707,
#7708,#7709,#7710,#7711,#7712,#7713,#7714,#7715,#7716,#7717,#7718,#7719,
#7720,#7721,#7722,#7723,#7724,#7725,#7726,#7727,#7728,#7729,#7730,#7731,
#7732,#7733,#7734,#7735,#7736,#7737,#7738,#7739,#7740,#7741,#7742,#7743,
#7744,#7745,#7746,#7747,#7748,#7749,#7750,#7751,#7752,#7753,#7754,#7755,
#7756,#7757,#7758,#7759,#7760,#7761,#7762,#7763,#7764,#7765,#7766,#7767,
#7768,#7769,#7770,#7771,#7772,#7773,#7774,#7775,#7776,#7777,#7778,#7779,
#7780,#7781,#7782,#7783,#7784,#7785,#7786,#7787,#7788,#7789,#7790,#7791,
#7792,#7793,#7794,#7795,#7796,#7797,#7798,#7799,#7800,#7801,#7802,#7803,
#7804,#7805,#7806,#7807,#7808,#7809,#7810,#7811,#7812,#7813,#7814,#7815,
#7816,#7817,#7818,#7819,#7820,#7821,#7822,#7823,#7824,#7825,#7826,#7827,
#7828,#7829,#7830,#7831,#7832,#7833,#7834,#7835,#7836,#7837,#7838,#7839,
#7840,#7841,#7842,#7843,#7844,#7845,#7846,#7847,#7848),.UNSPECIFIED.,.T.,
 .F.,(1,3,1,1,1,1,1,1,1,1,1,1,1,1,1,1,1,1,1,1,1,1,1,1,1,1,1,1,1,1,1,1,1,
1,1,1,1,1,1,1,1,1,1,1,1,1,1,1,1,1,1,1,1,1,1,1,1,1,1,1,1,1,1,1,1,1,1,1,1,
1,1,1,1,1,1,1,1,1,1,1,1,1,1,1,1,1,1,1,1,1,1,1,1,1,1,1,1,1,1,1,1,1,1,1,1,
1,1,1,1,1,1,1,1,1,1,1,1,1,1,1,1,1,1,1,1,1,1,1,1,1,1,1,1,1,1,1,1,1,1,1,1,
1,1,1,1,1,1,1,1,1,1,1,1,1,1,1,1,1,1,1,1,1,1,1,1,1,1,1,1,1,1,1,1,1,1,1,1,
1,1,1,1,1,1,1,1,1,1,1,1,1,1,1,1,1,1,1,1,1,1,1,1,1,1,1,1,1,1,1,1,1,1,1,1,
1,1,1,1,1,1,1,1,1,1,1,1,1,1,1,1,1,1,1,1,1,1,1,1,1,1,1,1,1,1,1,1,1,1,1,1,
1,1,1,1,1,1,1,1,1,1,1,1,1,1,1,1,1,1,1,1,1,1,1,1,1,1,1,1,1,1,1,1,1,1,1,1,
1,1,1,1,1,1,1,1,1,1,1,1,1,1,1,1,1,1,1,1,1,1,1,1,1,1,1,1,1,1,1,1,1,1,1,1,
1,1,1,1,1,1,1,1,1,1,1,1,1,1,1,1,1,1,1,1,1,1,1,1,1,1,1,1,1,1,1,1,1,1,1,1,
1,1,1,1,1,1,1,1,1,1,1,1,1,1,1,1,1,1,1,1,1,1,1,1,1,1,1,1,1,1,1,1,1,1,1,1,
1,1,1,1,1,1,1,1,1,1,1,1,1,1,1,1,1,1,1,1,1,1,1,1,1,1,1,1,1,1,1,1,1,1,1,1,
1,1,1,1,1,1,1,1,1,1,1,1,1,1,1,1,1,1,1,1,1,1,1,1,1,1,1,1,1,1,1,1,1,1,1,1,
1,1,1,1,1,1,1,1,1,1,1,1,1,1,1,1,1,1,1,1,1,1,1,1,1,1,1,1,1,1,1,1,1,1,1,1,
1,1,1,1,1,1,1,1,1,1,1,1,1,1,1,1,1,1,1,1,1,1,1,1,1,1,1,1,1,1,1,1,1,1,1,1,
1,1,1,1,1,1,1,1,1,1,1,1,1,1,1,1,1,1,1,1,1,1,1,1,1,1,1,1,1,1,1,1,1,1,1,1,
1,1,1,1,1,1,1,1,1,1,1,1,1,1,1,1,1,1,1,1,1,1,1,1,1,1,1,1,1,1,1,1,1,1,1,1,
1,1,1,1,1,1,1,1,1,1,1,1,1,1,1,1,1,1,1,1,1,1,1,1,1,1,1,1,1,1,1,1,1,1,1,1,
1,1,1,1,1,1,1,1,1,1,1,1,1,1,1,1,1,1,1,1,1,1,1,1,1,1,1,1,1,1,1,1,1,1,1,1,
1,1,1,1,3,1),(-0.001953125,0.,0.001953125,0.00390625,0.0078125,0.01171875,
0.013671875,0.0146484375,0.015625,0.0166015625,0.017578125,0.01806640625,
0.0185546875,0.01904296875,0.01953125,0.021484375,0.0224609375,0.0234375,
0.0244140625,0.025390625,0.0263671875,0.02734375,0.0283203125,0.029296875,
0.0302734375,0.03125,0.0322265625,0.033203125,0.0341796875,0.03515625,0.037109375,
0.0390625,0.041015625,0.04296875,0.044921875,0.0458984375,0.046875,0.04736328125,
0.0478515625,0.04833984375,0.048828125,0.0498046875,0.05078125,0.052734375,
0.0546875,0.056640625,0.05859375,0.0595703125,0.060546875,0.06103515625,
0.0615234375,0.06201171875,0.0625,0.0634765625,0.064453125,0.06640625,0.068359375,
0.0693359375,0.0703125,0.0712890625,0.072265625,0.0732421875,0.07421875,
0.0751953125,0.076171875,0.0771484375,0.078125,0.080078125,0.08203125,0.083984375,
0.0849609375,0.08544921875,0.0859375,0.08642578125,0.0869140625,0.087890625,
0.08984375,0.091796875,0.0927734375,0.09375,0.0947265625,0.095703125,0.0966796875,
0.09765625,0.099609375,0.1005859375,0.1015625,0.1025390625,0.103515625,
0.1044921875,0.10546875,0.107421875,0.109375,0.111328125,0.1123046875,0.11328125,
0.1142578125,0.115234375,0.1162109375,0.11669921875,0.1171875,0.1181640625,
0.119140625,0.12109375,0.125,0.12890625,0.130859375,0.1328125,0.134765625,
0.1357421875,0.13671875,0.138671875,0.140625,0.142578125,0.14453125,0.146484375,
0.1484375,0.1494140625,0.150390625,0.15087890625,0.1513671875,0.15234375,
0.1533203125,0.154296875,0.15625,0.158203125,0.16015625,0.162109375,0.1640625,
0.1650390625,0.166015625,0.1669921875,0.16748046875,0.16796875,0.16845703125,
0.1689453125,0.169921875,0.1708984375,0.171875,0.173828125,0.1748046875,
0.17578125,0.1767578125,0.177734375,0.1787109375,0.1796875,0.1806640625,
0.181640625,0.1826171875,0.18310546875,0.18359375,0.1845703125,0.185546875,
0.1865234375,0.1875,0.189453125,0.19140625,0.1953125,0.19921875,0.203125,
0.20703125,0.208984375,0.2109375,0.21484375,0.21875,0.22265625,0.2265625,
0.234375,0.2421875,0.24609375,0.25,0.251953125,0.25390625,0.2578125,0.265625,
0.2734375,0.27734375,0.28125,0.283203125,0.28515625,0.2890625,0.296875,
0.30078125,0.3046875,0.306640625,0.3076171875,0.30859375,0.310546875,0.3125,
0.314453125,0.31640625,0.318359375,0.3203125,0.322265625,0.32421875,0.3251953125,
0.326171875,0.3271484375,0.328125,0.3291015625,0.330078125,0.3310546875,
0.33203125,0.3330078125,0.333984375,0.3359375,0.33984375,0.34375,0.34765625,
0.349609375,0.3505859375,0.3515625,0.353515625,0.35546875,0.359375,0.36328125,
0.365234375,0.3671875,0.3681640625,0.369140625,0.3701171875,0.37060546875,
0.37109375,0.3720703125,0.373046875,0.375,0.376953125,0.37890625,0.380859375,
0.3828125,0.384765625,0.38671875,0.3876953125,0.388671875,0.3896484375,
0.390625,0.3916015625,0.392578125,0.3935546875,0.39404296875,0.39453125,
0.39501953125,0.3955078125,0.396484375,0.3974609375,0.3984375,0.3994140625,
0.400390625,0.4013671875,0.40234375,0.40283203125,0.4033203125,0.40380859375,
0.404296875,0.40478515625,0.4052734375,0.40625,0.4072265625,0.408203125,
0.41015625,0.412109375,0.4140625,0.416015625,0.41796875,0.419921875,0.4208984375,
0.421875,0.42236328125,0.4228515625,0.423095703125,0.42333984375,0.423828125,
0.4248046875,0.42578125,0.427734375,0.4296875,0.431640625,0.43359375,0.435546875,
0.4375,0.439453125,0.43994140625,0.4404296875,0.44091796875,0.44140625,
0.44189453125,0.4423828125,0.44287109375,0.443359375,0.44384765625,0.4443359375,
0.44482421875,0.4453125,0.44580078125,0.4462890625,0.44677734375,0.447265625,
0.44775390625,0.4482421875,0.44873046875,0.44921875,0.44970703125,0.4501953125,
0.45068359375,0.451171875,0.4521484375,0.45263671875,0.453125,0.45361328125,
0.4541015625,0.45458984375,0.455078125,0.4560546875,0.45703125,0.458984375,
0.4609375,0.462890625,0.46484375,0.466796875,0.46875,0.4697265625,0.47021484375,
0.470703125,0.47119140625,0.4716796875,0.47265625,0.474609375,0.4765625,
0.48046875,0.482421875,0.484375,0.486328125,0.4873046875,0.48779296875,
0.48828125,0.4892578125,0.490234375,0.4921875,0.494140625,0.49609375,0.498046875,
0.4990234375,0.5,0.50048828125,0.5009765625,0.50146484375,0.501953125,0.5029296875,
0.50390625,0.5048828125,0.505859375,0.5078125,0.509765625,0.5107421875,
0.51171875,0.5126953125,0.51318359375,0.513671875,0.51416015625,0.5146484375,
0.515625,0.5166015625,0.517578125,0.51953125,0.5205078125,0.521484375,0.5234375,
0.525390625,0.52734375,0.5283203125,0.529296875,0.5302734375,0.53076171875,
0.53125,0.53173828125,0.5322265625,0.53271484375,0.533203125,0.53369140625,
0.5341796875,0.53466796875,0.53515625,0.53564453125,0.5361328125,0.537109375,
0.5380859375,0.53857421875,0.5390625,0.53955078125,0.5400390625,0.541015625,
0.5419921875,0.54296875,0.544921875,0.546875,0.548828125,0.5498046875,0.55078125,
0.552734375,0.5537109375,0.55419921875,0.5546875,0.55517578125,0.5556640625,
0.556640625,0.5576171875,0.55859375,0.5595703125,0.560546875,0.5615234375,
0.56201171875,0.5625,0.56298828125,0.5634765625,0.56396484375,0.564453125,
0.56494140625,0.5654296875,0.56591796875,0.56640625,0.56689453125,0.5673828125,
0.568359375,0.5693359375,0.5703125,0.5712890625,0.572265625,0.57421875,
0.576171875,0.578125,0.5791015625,0.580078125,0.5810546875,0.58203125,0.583984375,
0.5859375,0.587890625,0.5888671875,0.58935546875,0.58984375,0.5908203125,
0.591796875,0.59375,0.595703125,0.59765625,0.6015625,0.603515625,0.60546875,
0.607421875,0.6083984375,0.609375,0.6103515625,0.611328125,0.6123046875,
0.61328125,0.615234375,0.6171875,0.619140625,0.62109375,0.623046875,0.625,
0.626953125,0.6279296875,0.62841796875,0.62890625,0.62939453125,0.6298828125,
0.630859375,0.6328125,0.634765625,0.63671875,0.638671875,0.640625,0.642578125,
0.64453125,0.6455078125,0.646484375,0.6474609375,0.6484375,0.650390625,
0.65234375,0.65625,0.66015625,0.6640625,0.666015625,0.6669921875,0.66796875,
0.6689453125,0.669921875,0.671875,0.673828125,0.67578125,0.6796875,0.68359375,
0.6875,0.69140625,0.6953125,0.69921875,0.703125,0.705078125,0.70703125,
0.7109375,0.71484375,0.71875,0.72265625,0.7265625,0.73046875,0.734375,0.73828125,
0.740234375,0.7421875,0.744140625,0.74609375,0.75,0.7578125,0.76171875,
0.765625,0.76953125,0.771484375,0.7734375,0.7744140625,0.775390625,0.7763671875,
0.77734375,0.779296875,0.78125,0.783203125,0.78515625,0.787109375,0.7890625,
0.7900390625,0.791015625,0.7919921875,0.79296875,0.7939453125,0.794921875,
0.7958984375,0.796875,0.798828125,0.80078125,0.802734375,0.8046875,0.80859375,
0.810546875,0.8115234375,0.8125,0.8134765625,0.814453125,0.8154296875,0.81640625,
0.8173828125,0.818359375,0.8193359375,0.8203125,0.8212890625,0.822265625,
0.8232421875,0.82421875,0.8251953125,0.826171875,0.8271484375,0.828125,
0.830078125,0.83203125,0.8359375,0.83984375,0.84375,0.84765625,0.8515625,
0.853515625,0.85546875,0.857421875,0.859375,0.861328125,0.86328125,0.865234375,
0.8671875,0.87109375,0.873046875,0.875,0.876953125,0.87890625,0.880859375,
0.8828125,0.884765625,0.88671875,0.888671875,0.890625,0.892578125,0.8935546875,
0.89453125,0.896484375,0.8984375,0.8994140625,0.900390625,0.9013671875,
0.90234375,0.9033203125,0.90380859375,0.904296875,0.90478515625,0.9052734375,
0.90576171875,0.90625,0.90673828125,0.9072265625,0.908203125,0.9091796875,
0.91015625,0.9111328125,0.912109375,0.9130859375,0.9140625,0.9150390625,
0.916015625,0.91650390625,0.9169921875,0.91796875,0.919921875,0.921875,
0.923828125,0.92578125,0.927734375,0.9287109375,0.9296875,0.9306640625,
0.931640625,0.93212890625,0.9326171875,0.93359375,0.9345703125,0.935546875,
0.9375,0.939453125,0.94140625,0.943359375,0.9453125,0.9462890625,0.947265625,
0.94775390625,0.9482421875,0.94921875,0.9501953125,0.951171875,0.9521484375,
0.953125,0.955078125,0.9560546875,0.95703125,0.9580078125,0.958984375,0.95947265625,
0.9599609375,0.96044921875,0.9609375,0.96142578125,0.9619140625,0.962890625,
0.9638671875,0.96484375,0.966796875,0.96875,0.9697265625,0.970703125,0.9716796875,
0.97265625,0.97314453125,0.9736328125,0.97412109375,0.974609375,0.9755859375,
0.9765625,0.978515625,0.98046875,0.982421875,0.9833984375,0.984375,0.9853515625,
0.986328125,0.98828125,0.990234375,0.9921875,0.994140625,0.99609375,0.998046875,
1.,1.001953125),.UNSPECIFIED.);
#30=B_SPLINE_CURVE_WITH_KNOTS('',3,(#7854,#7855,#7856,#7857,#7858,#7859,
#7860,#7861,#7862,#7863,#7864,#7865,#7866,#7867),.UNSPECIFIED.,.F.,.F.,
(4,1,1,1,1,1,1,1,1,1,1,4),(0.,0.00239849771365081,0.00479699542730162,0.00599624428412703,
0.00719549314095244,0.00839474199777784,0.00959399085460325,0.0119924885682541,
0.0131917374250795,0.0143909862819049,0.0167894839955557,0.0191879817092065),
 .UNSPECIFIED.);
#31=B_SPLINE_CURVE_WITH_KNOTS('',3,(#7881,#7882,#7883,#7884,#7885,#7886,
#7887),.UNSPECIFIED.,.F.,.F.,(4,1,1,1,4),(0.,0.00203940477894414,0.00407880955788829,
0.00611821433683243,0.00815761911577657),.UNSPECIFIED.);
#32=B_SPLINE_CURVE_WITH_KNOTS('',3,(#7957,#7958,#7959,#7960,#7961),
 .UNSPECIFIED.,.F.,.F.,(4,1,4),(0.,0.5,1.),.UNSPECIFIED.);
#33=B_SPLINE_CURVE_WITH_KNOTS('',3,(#8006,#8007,#8008,#8009,#8010),
 .UNSPECIFIED.,.F.,.F.,(4,1,4),(0.,0.5,1.),.UNSPECIFIED.);
#34=B_SPLINE_SURFACE_WITH_KNOTS('',3,1,((#2273,#2274),(#2275,#2276),(#2277,
#2278),(#2279,#2280),(#2281,#2282),(#2283,#2284),(#2285,#2286)),
 .SURF_OF_LINEAR_EXTRUSION.,.F.,.F.,.F.,(4,1,1,1,4),(2,2),(0.150454661621067,
0.3628409962158,0.575227330810534,0.787613665405267,1.),(0.,1.),
 .UNSPECIFIED.);
#35=B_SPLINE_SURFACE_WITH_KNOTS('',3,1,((#2316,#2317),(#2318,#2319),(#2320,
#2321),(#2322,#2323),(#2324,#2325),(#2326,#2327),(#2328,#2329),(#2330,#2331),
(#2332,#2333)),.SURF_OF_LINEAR_EXTRUSION.,.F.,.F.,.F.,(4,1,1,1,1,1,4),(2,
2),(-7.75258695727768E-9,0.124999993216486,0.24999999418556,0.374999995154633,
0.499999996123707,0.749999998061853,1.),(0.,1.),.UNSPECIFIED.);
#36=B_SPLINE_SURFACE_WITH_KNOTS('',3,1,((#2483,#2484),(#2485,#2486),(#2487,
#2488),(#2489,#2490),(#2491,#2492),(#2493,#2494),(#2495,#2496),(#2497,#2498),
(#2499,#2500),(#2501,#2502),(#2503,#2504),(#2505,#2506),(#2507,#2508),(#2509,
#2510),(#2511,#2512),(#2513,#2514),(#2515,#2516),(#2517,#2518),(#2519,#2520),
(#2521,#2522),(#2523,#2524),(#2525,#2526),(#2527,#2528),(#2529,#2530),(#2531,
#2532),(#2533,#2534),(#2535,#2536),(#2537,#2538),(#2539,#2540),(#2541,#2542),
(#2543,#2544),(#2545,#2546),(#2547,#2548),(#2549,#2550),(#2551,#2552),(#2553,
#2554),(#2555,#2556),(#2557,#2558),(#2559,#2560),(#2561,#2562),(#2563,#2564),
(#2565,#2566),(#2567,#2568),(#2569,#2570),(#2571,#2572),(#2573,#2574),(#2575,
#2576),(#2577,#2578),(#2579,#2580),(#2581,#2582),(#2583,#2584),(#2585,#2586),
(#2587,#2588),(#2589,#2590),(#2591,#2592),(#2593,#2594),(#2595,#2596),(#2597,
#2598),(#2599,#2600),(#2601,#2602),(#2603,#2604),(#2605,#2606),(#2607,#2608),
(#2609,#2610),(#2611,#2612),(#2613,#2614),(#2615,#2616),(#2617,#2618),(#2619,
#2620),(#2621,#2622),(#2623,#2624),(#2625,#2626),(#2627,#2628),(#2629,#2630),
(#2631,#2632),(#2633,#2634),(#2635,#2636),(#2637,#2638),(#2639,#2640),(#2641,
#2642),(#2643,#2644),(#2645,#2646),(#2647,#2648),(#2649,#2650),(#2651,#2652),
(#2653,#2654),(#2655,#2656),(#2657,#2658),(#2659,#2660),(#2661,#2662),(#2663,
#2664),(#2665,#2666),(#2667,#2668),(#2669,#2670),(#2671,#2672),(#2673,#2674),
(#2675,#2676),(#2677,#2678),(#2679,#2680),(#2681,#2682),(#2683,#2684),(#2685,
#2686),(#2687,#2688),(#2689,#2690),(#2691,#2692),(#2693,#2694),(#2695,#2696),
(#2697,#2698),(#2699,#2700),(#2701,#2702),(#2703,#2704),(#2705,#2706),(#2707,
#2708),(#2709,#2710),(#2711,#2712),(#2713,#2714),(#2715,#2716),(#2717,#2718),
(#2719,#2720),(#2721,#2722),(#2723,#2724),(#2725,#2726),(#2727,#2728),(#2729,
#2730),(#2731,#2732),(#2733,#2734),(#2735,#2736),(#2737,#2738),(#2739,#2740),
(#2741,#2742),(#2743,#2744),(#2745,#2746),(#2747,#2748),(#2749,#2750),(#2751,
#2752),(#2753,#2754),(#2755,#2756),(#2757,#2758),(#2759,#2760),(#2761,#2762),
(#2763,#2764),(#2765,#2766),(#2767,#2768),(#2769,#2770),(#2771,#2772),(#2773,
#2774),(#2775,#2776),(#2777,#2778),(#2779,#2780),(#2781,#2782),(#2783,#2784),
(#2785,#2786),(#2787,#2788),(#2789,#2790),(#2791,#2792),(#2793,#2794),(#2795,
#2796),(#2797,#2798),(#2799,#2800),(#2801,#2802),(#2803,#2804),(#2805,#2806),
(#2807,#2808),(#2809,#2810),(#2811,#2812),(#2813,#2814),(#2815,#2816),(#2817,
#2818),(#2819,#2820),(#2821,#2822),(#2823,#2824),(#2825,#2826),(#2827,#2828),
(#2829,#2830),(#2831,#2832),(#2833,#2834),(#2835,#2836),(#2837,#2838),(#2839,
#2840),(#2841,#2842),(#2843,#2844),(#2845,#2846),(#2847,#2848),(#2849,#2850),
(#2851,#2852),(#2853,#2854),(#2855,#2856),(#2857,#2858),(#2859,#2860),(#2861,
#2862),(#2863,#2864),(#2865,#2866),(#2867,#2868),(#2869,#2870),(#2871,#2872),
(#2873,#2874),(#2875,#2876),(#2877,#2878),(#2879,#2880),(#2881,#2882),(#2883,
#2884),(#2885,#2886),(#2887,#2888),(#2889,#2890),(#2891,#2892),(#2893,#2894),
(#2895,#2896),(#2897,#2898),(#2899,#2900),(#2901,#2902),(#2903,#2904),(#2905,
#2906),(#2907,#2908),(#2909,#2910),(#2911,#2912),(#2913,#2914),(#2915,#2916),
(#2917,#2918),(#2919,#2920),(#2921,#2922),(#2923,#2924),(#2925,#2926),(#2927,
#2928),(#2929,#2930),(#2931,#2932),(#2933,#2934),(#2935,#2936),(#2937,#2938),
(#2939,#2940),(#2941,#2942),(#2943,#2944),(#2945,#2946),(#2947,#2948),(#2949,
#2950),(#2951,#2952),(#2953,#2954),(#2955,#2956),(#2957,#2958),(#2959,#2960),
(#2961,#2962),(#2963,#2964),(#2965,#2966),(#2967,#2968),(#2969,#2970),(#2971,
#2972),(#2973,#2974),(#2975,#2976),(#2977,#2978),(#2979,#2980),(#2981,#2982),
(#2983,#2984),(#2985,#2986),(#2987,#2988),(#2989,#2990),(#2991,#2992),(#2993,
#2994),(#2995,#2996),(#2997,#2998),(#2999,#3000),(#3001,#3002),(#3003,#3004),
(#3005,#3006),(#3007,#3008),(#3009,#3010),(#3011,#3012),(#3013,#3014),(#3015,
#3016),(#3017,#3018),(#3019,#3020),(#3021,#3022),(#3023,#3024),(#3025,#3026),
(#3027,#3028),(#3029,#3030),(#3031,#3032),(#3033,#3034),(#3035,#3036),(#3037,
#3038),(#3039,#3040),(#3041,#3042),(#3043,#3044),(#3045,#3046),(#3047,#3048),
(#3049,#3050),(#3051,#3052),(#3053,#3054),(#3055,#3056),(#3057,#3058),(#3059,
#3060),(#3061,#3062),(#3063,#3064),(#3065,#3066),(#3067,#3068),(#3069,#3070),
(#3071,#3072),(#3073,#3074),(#3075,#3076),(#3077,#3078),(#3079,#3080),(#3081,
#3082),(#3083,#3084),(#3085,#3086),(#3087,#3088),(#3089,#3090),(#3091,#3092),
(#3093,#3094),(#3095,#3096),(#3097,#3098),(#3099,#3100),(#3101,#3102),(#3103,
#3104),(#3105,#3106),(#3107,#3108),(#3109,#3110),(#3111,#3112),(#3113,#3114),
(#3115,#3116),(#3117,#3118),(#3119,#3120),(#3121,#3122),(#3123,#3124),(#3125,
#3126),(#3127,#3128),(#3129,#3130),(#3131,#3132),(#3133,#3134),(#3135,#3136),
(#3137,#3138),(#3139,#3140),(#3141,#3142),(#3143,#3144),(#3145,#3146),(#3147,
#3148),(#3149,#3150),(#3151,#3152),(#3153,#3154),(#3155,#3156),(#3157,#3158),
(#3159,#3160),(#3161,#3162),(#3163,#3164),(#3165,#3166),(#3167,#3168),(#3169,
#3170),(#3171,#3172),(#3173,#3174),(#3175,#3176),(#3177,#3178),(#3179,#3180),
(#3181,#3182),(#3183,#3184),(#3185,#3186),(#3187,#3188),(#3189,#3190),(#3191,
#3192),(#3193,#3194),(#3195,#3196),(#3197,#3198),(#3199,#3200),(#3201,#3202),
(#3203,#3204),(#3205,#3206),(#3207,#3208),(#3209,#3210),(#3211,#3212),(#3213,
#3214),(#3215,#3216),(#3217,#3218),(#3219,#3220),(#3221,#3222),(#3223,#3224),
(#3225,#3226),(#3227,#3228),(#3229,#3230),(#3231,#3232),(#3233,#3234),(#3235,
#3236),(#3237,#3238),(#3239,#3240),(#3241,#3242),(#3243,#3244),(#3245,#3246),
(#3247,#3248),(#3249,#3250),(#3251,#3252),(#3253,#3254),(#3255,#3256),(#3257,
#3258),(#3259,#3260),(#3261,#3262),(#3263,#3264),(#3265,#3266),(#3267,#3268),
(#3269,#3270),(#3271,#3272),(#3273,#3274),(#3275,#3276),(#3277,#3278),(#3279,
#3280),(#3281,#3282),(#3283,#3284),(#3285,#3286),(#3287,#3288),(#3289,#3290),
(#3291,#3292),(#3293,#3294),(#3295,#3296),(#3297,#3298),(#3299,#3300),(#3301,
#3302),(#3303,#3304),(#3305,#3306),(#3307,#3308),(#3309,#3310),(#3311,#3312),
(#3313,#3314),(#3315,#3316),(#3317,#3318),(#3319,#3320),(#3321,#3322),(#3323,
#3324),(#3325,#3326),(#3327,#3328),(#3329,#3330),(#3331,#3332),(#3333,#3334),
(#3335,#3336),(#3337,#3338),(#3339,#3340),(#3341,#3342),(#3343,#3344),(#3345,
#3346),(#3347,#3348),(#3349,#3350),(#3351,#3352),(#3353,#3354),(#3355,#3356),
(#3357,#3358),(#3359,#3360),(#3361,#3362),(#3363,#3364),(#3365,#3366),(#3367,
#3368),(#3369,#3370),(#3371,#3372),(#3373,#3374),(#3375,#3376),(#3377,#3378),
(#3379,#3380),(#3381,#3382),(#3383,#3384),(#3385,#3386),(#3387,#3388),(#3389,
#3390),(#3391,#3392),(#3393,#3394),(#3395,#3396),(#3397,#3398),(#3399,#3400),
(#3401,#3402),(#3403,#3404),(#3405,#3406),(#3407,#3408),(#3409,#3410),(#3411,
#3412),(#3413,#3414),(#3415,#3416),(#3417,#3418),(#3419,#3420),(#3421,#3422),
(#3423,#3424),(#3425,#3426)),.SURF_OF_LINEAR_EXTRUSION.,.T.,.F.,.F.,(1,
3,1,1,1,1,1,1,1,1,1,1,1,1,1,1,1,1,1,1,1,1,1,1,1,1,1,1,1,1,1,1,1,1,1,1,1,
1,1,1,1,1,1,1,1,1,1,1,1,1,1,1,1,1,1,1,1,1,1,1,1,1,1,1,1,1,1,1,1,1,1,1,1,
1,1,1,1,1,1,1,1,1,1,1,1,1,1,1,1,1,1,1,1,1,1,1,1,1,1,1,1,1,1,1,1,1,1,1,1,
1,1,1,1,1,1,1,1,1,1,1,1,1,1,1,1,1,1,1,1,1,1,1,1,1,1,1,1,1,1,1,1,1,1,1,1,
1,1,1,1,1,1,1,1,1,1,1,1,1,1,1,1,1,1,1,1,1,1,1,1,1,1,1,1,1,1,1,1,1,1,1,1,
1,1,1,1,1,1,1,1,1,1,1,1,1,1,1,1,1,1,1,1,1,1,1,1,1,1,1,1,1,1,1,1,1,1,1,1,
1,1,1,1,1,1,1,1,1,1,1,1,1,1,1,1,1,1,1,1,1,1,1,1,1,1,1,1,1,1,1,1,1,1,1,1,
1,1,1,1,1,1,1,1,1,1,1,1,1,1,1,1,1,1,1,1,1,1,1,1,1,1,1,1,1,1,1,1,1,1,1,1,
1,1,1,1,1,1,1,1,1,1,1,1,1,1,1,1,1,1,1,1,1,1,1,1,1,1,1,1,1,1,1,1,1,1,1,1,
1,1,1,1,1,1,1,1,1,1,1,1,1,1,1,1,1,1,1,1,1,1,1,1,1,1,1,1,1,1,1,1,1,1,1,1,
1,1,1,1,1,1,1,1,1,1,1,1,1,1,1,1,1,1,1,1,1,1,1,1,1,1,1,1,1,1,1,1,1,1,1,1,
1,1,1,1,1,1,1,1,1,1,1,1,1,1,1,1,1,1,1,1,1,1,1,1,1,1,1,1,1,1,1,1,1,1,1,1,
1,1,1,1,1,1,1,1,1,1,1,1,1,1,1,1,1,1,1,1,1,1,1,1,1,1,1,1,1,1,1,1,1,1,1,1,
1,3,1),(2,2),(-0.001953125,0.,0.001953125,0.00390625,0.005859375,0.0078125,
0.009765625,0.01171875,0.013671875,0.01416015625,0.0146484375,0.015625,
0.0166015625,0.017578125,0.01953125,0.021484375,0.0234375,0.0244140625,
0.025390625,0.0263671875,0.02734375,0.029296875,0.03125,0.033203125,0.03515625,
0.037109375,0.0390625,0.041015625,0.04296875,0.044921875,0.046875,0.048828125,
0.05078125,0.052734375,0.0546875,0.056640625,0.05859375,0.060546875,0.0625,
0.064453125,0.0654296875,0.06640625,0.0673828125,0.068359375,0.06884765625,
0.0693359375,0.0703125,0.0712890625,0.072265625,0.07421875,0.078125,0.080078125,
0.0810546875,0.08203125,0.0830078125,0.08349609375,0.083984375,0.0849609375,
0.0859375,0.087890625,0.08984375,0.091796875,0.09375,0.095703125,0.09765625,
0.099609375,0.1015625,0.103515625,0.10546875,0.107421875,0.109375,0.11328125,
0.1171875,0.12109375,0.123046875,0.125,0.12890625,0.1328125,0.13671875,
0.138671875,0.140625,0.14453125,0.1484375,0.15234375,0.15625,0.158203125,
0.16015625,0.1640625,0.16796875,0.169921875,0.171875,0.1728515625,0.173828125,
0.17578125,0.1796875,0.18359375,0.185546875,0.1875,0.189453125,0.19140625,
0.1953125,0.19921875,0.201171875,0.203125,0.205078125,0.20703125,0.2109375,
0.21484375,0.21875,0.220703125,0.22265625,0.224609375,0.2265625,0.228515625,
0.23046875,0.234375,0.23828125,0.2421875,0.24609375,0.25,0.2578125,0.265625,
0.2734375,0.28125,0.28515625,0.2890625,0.29296875,0.294921875,0.296875,
0.30078125,0.3046875,0.30859375,0.3125,0.3203125,0.32421875,0.326171875,
0.328125,0.330078125,0.33203125,0.333984375,0.3359375,0.33984375,0.34375,
0.34765625,0.349609375,0.3515625,0.353515625,0.35546875,0.359375,0.36328125,
0.365234375,0.3671875,0.369140625,0.3701171875,0.37109375,0.3720703125,
0.373046875,0.375,0.376953125,0.37890625,0.380859375,0.3828125,0.384765625,
0.38671875,0.388671875,0.3896484375,0.390625,0.392578125,0.39453125,0.3984375,
0.40234375,0.404296875,0.40625,0.408203125,0.4091796875,0.41015625,0.4111328125,
0.412109375,0.4140625,0.416015625,0.41796875,0.421875,0.423828125,0.42578125,
0.427734375,0.4287109375,0.4296875,0.4306640625,0.431640625,0.43359375,
0.435546875,0.4375,0.439453125,0.44140625,0.443359375,0.4453125,0.447265625,
0.44921875,0.453125,0.455078125,0.45703125,0.458984375,0.4609375,0.462890625,
0.46484375,0.466796875,0.46875,0.470703125,0.4716796875,0.47216796875,0.47265625,
0.474609375,0.4765625,0.48046875,0.482421875,0.4833984375,0.484375,0.4853515625,
0.486328125,0.48681640625,0.4873046875,0.48828125,0.4892578125,0.490234375,
0.4921875,0.494140625,0.49609375,0.4970703125,0.498046875,0.49853515625,
0.4990234375,0.49951171875,0.5,0.5009765625,0.501953125,0.50390625,0.505859375,
0.5078125,0.509765625,0.5107421875,0.51171875,0.5126953125,0.513671875,
0.515625,0.517578125,0.51953125,0.5234375,0.525390625,0.52734375,0.5283203125,
0.529296875,0.5302734375,0.53125,0.533203125,0.53515625,0.537109375,0.5390625,
0.541015625,0.54296875,0.5439453125,0.544921875,0.5458984375,0.546875,0.5478515625,
0.548828125,0.55078125,0.552734375,0.5546875,0.5556640625,0.556640625,0.5576171875,
0.55859375,0.5595703125,0.560546875,0.5625,0.564453125,0.56640625,0.568359375,
0.5703125,0.572265625,0.57421875,0.5751953125,0.576171875,0.57666015625,
0.5771484375,0.57763671875,0.578125,0.5791015625,0.580078125,0.58203125,
0.583984375,0.5859375,0.587890625,0.58984375,0.591796875,0.59375,0.595703125,
0.5966796875,0.59765625,0.5986328125,0.599609375,0.6015625,0.60546875,0.609375,
0.6103515625,0.611328125,0.61328125,0.615234375,0.6171875,0.62109375,0.625,
0.626953125,0.62890625,0.6298828125,0.630859375,0.6328125,0.634765625,0.63671875,
0.640625,0.64453125,0.6484375,0.650390625,0.6513671875,0.65234375,0.65625,
0.66015625,0.6640625,0.666015625,0.66796875,0.669921875,0.671875,0.673828125,
0.67578125,0.6796875,0.68359375,0.685546875,0.6875,0.689453125,0.69140625,
0.693359375,0.6953125,0.69921875,0.703125,0.70703125,0.7109375,0.71484375,
0.716796875,0.71875,0.72265625,0.7265625,0.734375,0.73828125,0.7421875,
0.74609375,0.748046875,0.75,0.75390625,0.7578125,0.76171875,0.765625,0.7734375,
0.77734375,0.78125,0.78515625,0.787109375,0.7890625,0.79296875,0.796875,
0.80078125,0.8046875,0.80859375,0.810546875,0.8125,0.814453125,0.8154296875,
0.81640625,0.8173828125,0.818359375,0.8203125,0.82421875,0.826171875,0.828125,
0.8291015625,0.830078125,0.8310546875,0.83154296875,0.83203125,0.8330078125,
0.833984375,0.8349609375,0.8359375,0.837890625,0.83984375,0.84375,0.845703125,
0.84765625,0.8486328125,0.849609375,0.8515625,0.853515625,0.85546875,0.857421875,
0.859375,0.86328125,0.865234375,0.8671875,0.87109375,0.875,0.87890625,0.880859375,
0.8828125,0.8837890625,0.884765625,0.88671875,0.888671875,0.890625,0.89453125,
0.8984375,0.90234375,0.90625,0.908203125,0.91015625,0.912109375,0.9130859375,
0.9140625,0.9150390625,0.916015625,0.91796875,0.919921875,0.921875,0.923828125,
0.92578125,0.927734375,0.9296875,0.931640625,0.93359375,0.935546875,0.9365234375,
0.9375,0.9384765625,0.939453125,0.94140625,0.943359375,0.9453125,0.947265625,
0.94921875,0.951171875,0.9521484375,0.953125,0.955078125,0.95703125,0.9609375,
0.962890625,0.96484375,0.9658203125,0.966796875,0.96875,0.970703125,0.97265625,
0.9765625,0.978515625,0.98046875,0.9814453125,0.982421875,0.984375,0.986328125,
0.98828125,0.9921875,0.99609375,0.998046875,1.,1.001953125),(0.,1.),
 .UNSPECIFIED.);
#37=B_SPLINE_SURFACE_WITH_KNOTS('',3,1,((#4864,#4865),(#4866,#4867),(#4868,
#4869),(#4870,#4871),(#4872,#4873),(#4874,#4875),(#4876,#4877),(#4878,#4879),
(#4880,#4881),(#4882,#4883),(#4884,#4885),(#4886,#4887),(#4888,#4889),(#4890,
#4891),(#4892,#4893),(#4894,#4895),(#4896,#4897),(#4898,#4899),(#4900,#4901),
(#4902,#4903),(#4904,#4905),(#4906,#4907),(#4908,#4909),(#4910,#4911),(#4912,
#4913),(#4914,#4915),(#4916,#4917),(#4918,#4919),(#4920,#4921),(#4922,#4923),
(#4924,#4925),(#4926,#4927),(#4928,#4929),(#4930,#4931),(#4932,#4933),(#4934,
#4935),(#4936,#4937),(#4938,#4939),(#4940,#4941),(#4942,#4943),(#4944,#4945),
(#4946,#4947),(#4948,#4949),(#4950,#4951),(#4952,#4953),(#4954,#4955),(#4956,
#4957),(#4958,#4959),(#4960,#4961),(#4962,#4963),(#4964,#4965),(#4966,#4967),
(#4968,#4969),(#4970,#4971),(#4972,#4973),(#4974,#4975),(#4976,#4977),(#4978,
#4979)),.SURF_OF_LINEAR_EXTRUSION.,.T.,.F.,.F.,(1,3,1,1,1,1,1,1,1,1,1,1,
1,1,1,1,1,1,1,1,1,1,1,1,1,1,1,1,1,1,1,1,1,1,1,1,1,1,1,1,1,1,1,1,1,1,1,1,
1,1,1,1,1,1,1,1,3,1),(2,2),(-0.0183474885689523,0.,0.014436582784833,0.0268119946833462,
0.0398937866035902,0.0520221176893157,0.0684395588967886,0.0833684263059793,
0.0948716406557547,0.108510056081572,0.124049689749943,0.140198508272221,
0.157447834930926,0.173643132359768,0.18763504299485,0.206195702543162,
0.224210689865816,0.257380034099082,0.294110437204214,0.331780189697278,
0.354192300492977,0.371145594676072,0.390173426663846,0.409994680278077,
0.429770578269026,0.444630802771373,0.46156441394347,0.471949167164815,
0.486464777813904,0.499057108277484,0.511616407331504,0.529290176795405,
0.546349534114295,0.558249350310008,0.577214018127662,0.596238560431803,
0.611103253807914,0.630183945218127,0.650488336073052,0.670869136550359,
0.690639614258277,0.716984526053033,0.748829595250152,0.788213465654126,
0.816039799782854,0.831948035798489,0.848107802425791,0.865873004917852,
0.884195722478878,0.901168986337007,0.913931423977745,0.926532792187566,
0.938814865888785,0.952063806971815,0.966459542831169,0.981652511431048,
1.,1.01443658278483),(0.,1.),.UNSPECIFIED.);
#38=B_SPLINE_SURFACE_WITH_KNOTS('',3,1,((#5788,#5789),(#5790,#5791),(#5792,
#5793),(#5794,#5795),(#5796,#5797),(#5798,#5799),(#5800,#5801),(#5802,#5803),
(#5804,#5805),(#5806,#5807),(#5808,#5809),(#5810,#5811),(#5812,#5813),(#5814,
#5815),(#5816,#5817),(#5818,#5819),(#5820,#5821),(#5822,#5823),(#5824,#5825),
(#5826,#5827),(#5828,#5829),(#5830,#5831),(#5832,#5833),(#5834,#5835),(#5836,
#5837),(#5838,#5839),(#5840,#5841),(#5842,#5843),(#5844,#5845),(#5846,#5847),
(#5848,#5849),(#5850,#5851),(#5852,#5853),(#5854,#5855),(#5856,#5857),(#5858,
#5859),(#5860,#5861),(#5862,#5863),(#5864,#5865),(#5866,#5867),(#5868,#5869),
(#5870,#5871),(#5872,#5873),(#5874,#5875),(#5876,#5877),(#5878,#5879),(#5880,
#5881),(#5882,#5883),(#5884,#5885),(#5886,#5887),(#5888,#5889),(#5890,#5891),
(#5892,#5893),(#5894,#5895),(#5896,#5897),(#5898,#5899),(#5900,#5901),(#5902,
#5903),(#5904,#5905),(#5906,#5907),(#5908,#5909),(#5910,#5911),(#5912,#5913),
(#5914,#5915),(#5916,#5917),(#5918,#5919),(#5920,#5921),(#5922,#5923),(#5924,
#5925),(#5926,#5927),(#5928,#5929),(#5930,#5931),(#5932,#5933),(#5934,#5935),
(#5936,#5937),(#5938,#5939),(#5940,#5941),(#5942,#5943),(#5944,#5945),(#5946,
#5947),(#5948,#5949),(#5950,#5951),(#5952,#5953),(#5954,#5955),(#5956,#5957),
(#5958,#5959),(#5960,#5961),(#5962,#5963),(#5964,#5965),(#5966,#5967),(#5968,
#5969),(#5970,#5971),(#5972,#5973),(#5974,#5975),(#5976,#5977),(#5978,#5979),
(#5980,#5981),(#5982,#5983),(#5984,#5985),(#5986,#5987),(#5988,#5989),(#5990,
#5991),(#5992,#5993),(#5994,#5995),(#5996,#5997),(#5998,#5999),(#6000,#6001),
(#6002,#6003),(#6004,#6005),(#6006,#6007),(#6008,#6009),(#6010,#6011),(#6012,
#6013),(#6014,#6015),(#6016,#6017),(#6018,#6019),(#6020,#6021),(#6022,#6023),
(#6024,#6025),(#6026,#6027),(#6028,#6029),(#6030,#6031),(#6032,#6033),(#6034,
#6035),(#6036,#6037),(#6038,#6039),(#6040,#6041),(#6042,#6043),(#6044,#6045),
(#6046,#6047),(#6048,#6049),(#6050,#6051),(#6052,#6053),(#6054,#6055),(#6056,
#6057),(#6058,#6059),(#6060,#6061),(#6062,#6063),(#6064,#6065),(#6066,#6067),
(#6068,#6069),(#6070,#6071),(#6072,#6073),(#6074,#6075),(#6076,#6077),(#6078,
#6079),(#6080,#6081),(#6082,#6083),(#6084,#6085),(#6086,#6087),(#6088,#6089),
(#6090,#6091),(#6092,#6093),(#6094,#6095),(#6096,#6097),(#6098,#6099),(#6100,
#6101),(#6102,#6103),(#6104,#6105),(#6106,#6107),(#6108,#6109),(#6110,#6111),
(#6112,#6113),(#6114,#6115),(#6116,#6117),(#6118,#6119),(#6120,#6121),(#6122,
#6123),(#6124,#6125),(#6126,#6127),(#6128,#6129),(#6130,#6131),(#6132,#6133),
(#6134,#6135),(#6136,#6137),(#6138,#6139),(#6140,#6141),(#6142,#6143),(#6144,
#6145),(#6146,#6147),(#6148,#6149),(#6150,#6151),(#6152,#6153),(#6154,#6155),
(#6156,#6157),(#6158,#6159),(#6160,#6161),(#6162,#6163),(#6164,#6165),(#6166,
#6167),(#6168,#6169),(#6170,#6171),(#6172,#6173),(#6174,#6175),(#6176,#6177),
(#6178,#6179),(#6180,#6181),(#6182,#6183),(#6184,#6185),(#6186,#6187),(#6188,
#6189),(#6190,#6191),(#6192,#6193),(#6194,#6195),(#6196,#6197),(#6198,#6199),
(#6200,#6201),(#6202,#6203),(#6204,#6205),(#6206,#6207),(#6208,#6209),(#6210,
#6211),(#6212,#6213),(#6214,#6215),(#6216,#6217),(#6218,#6219),(#6220,#6221),
(#6222,#6223),(#6224,#6225),(#6226,#6227),(#6228,#6229),(#6230,#6231),(#6232,
#6233),(#6234,#6235),(#6236,#6237),(#6238,#6239),(#6240,#6241),(#6242,#6243),
(#6244,#6245),(#6246,#6247),(#6248,#6249),(#6250,#6251),(#6252,#6253),(#6254,
#6255),(#6256,#6257),(#6258,#6259),(#6260,#6261),(#6262,#6263),(#6264,#6265),
(#6266,#6267),(#6268,#6269),(#6270,#6271),(#6272,#6273),(#6274,#6275),(#6276,
#6277),(#6278,#6279),(#6280,#6281),(#6282,#6283),(#6284,#6285),(#6286,#6287),
(#6288,#6289),(#6290,#6291),(#6292,#6293),(#6294,#6295),(#6296,#6297),(#6298,
#6299),(#6300,#6301),(#6302,#6303),(#6304,#6305),(#6306,#6307),(#6308,#6309),
(#6310,#6311),(#6312,#6313),(#6314,#6315),(#6316,#6317),(#6318,#6319),(#6320,
#6321),(#6322,#6323),(#6324,#6325),(#6326,#6327),(#6328,#6329),(#6330,#6331),
(#6332,#6333),(#6334,#6335),(#6336,#6337),(#6338,#6339),(#6340,#6341),(#6342,
#6343),(#6344,#6345),(#6346,#6347),(#6348,#6349),(#6350,#6351),(#6352,#6353),
(#6354,#6355),(#6356,#6357),(#6358,#6359),(#6360,#6361),(#6362,#6363),(#6364,
#6365),(#6366,#6367),(#6368,#6369),(#6370,#6371),(#6372,#6373),(#6374,#6375),
(#6376,#6377),(#6378,#6379),(#6380,#6381),(#6382,#6383),(#6384,#6385),(#6386,
#6387),(#6388,#6389),(#6390,#6391),(#6392,#6393),(#6394,#6395),(#6396,#6397),
(#6398,#6399),(#6400,#6401),(#6402,#6403),(#6404,#6405),(#6406,#6407),(#6408,
#6409),(#6410,#6411),(#6412,#6413),(#6414,#6415),(#6416,#6417),(#6418,#6419),
(#6420,#6421),(#6422,#6423),(#6424,#6425),(#6426,#6427),(#6428,#6429),(#6430,
#6431),(#6432,#6433),(#6434,#6435),(#6436,#6437),(#6438,#6439),(#6440,#6441),
(#6442,#6443),(#6444,#6445),(#6446,#6447),(#6448,#6449),(#6450,#6451),(#6452,
#6453),(#6454,#6455),(#6456,#6457),(#6458,#6459),(#6460,#6461),(#6462,#6463),
(#6464,#6465),(#6466,#6467),(#6468,#6469),(#6470,#6471),(#6472,#6473),(#6474,
#6475),(#6476,#6477),(#6478,#6479),(#6480,#6481),(#6482,#6483),(#6484,#6485),
(#6486,#6487),(#6488,#6489),(#6490,#6491),(#6492,#6493),(#6494,#6495),(#6496,
#6497),(#6498,#6499),(#6500,#6501),(#6502,#6503),(#6504,#6505),(#6506,#6507),
(#6508,#6509),(#6510,#6511),(#6512,#6513),(#6514,#6515),(#6516,#6517),(#6518,
#6519),(#6520,#6521),(#6522,#6523),(#6524,#6525),(#6526,#6527),(#6528,#6529),
(#6530,#6531),(#6532,#6533),(#6534,#6535),(#6536,#6537),(#6538,#6539),(#6540,
#6541),(#6542,#6543),(#6544,#6545),(#6546,#6547),(#6548,#6549),(#6550,#6551),
(#6552,#6553),(#6554,#6555),(#6556,#6557),(#6558,#6559),(#6560,#6561),(#6562,
#6563),(#6564,#6565),(#6566,#6567),(#6568,#6569),(#6570,#6571),(#6572,#6573),
(#6574,#6575),(#6576,#6577),(#6578,#6579),(#6580,#6581),(#6582,#6583),(#6584,
#6585),(#6586,#6587),(#6588,#6589),(#6590,#6591),(#6592,#6593),(#6594,#6595),
(#6596,#6597),(#6598,#6599),(#6600,#6601),(#6602,#6603),(#6604,#6605),(#6606,
#6607),(#6608,#6609),(#6610,#6611),(#6612,#6613),(#6614,#6615),(#6616,#6617),
(#6618,#6619),(#6620,#6621),(#6622,#6623),(#6624,#6625),(#6626,#6627),(#6628,
#6629),(#6630,#6631),(#6632,#6633),(#6634,#6635),(#6636,#6637),(#6638,#6639),
(#6640,#6641),(#6642,#6643),(#6644,#6645),(#6646,#6647),(#6648,#6649),(#6650,
#6651),(#6652,#6653),(#6654,#6655),(#6656,#6657),(#6658,#6659),(#6660,#6661),
(#6662,#6663),(#6664,#6665),(#6666,#6667),(#6668,#6669),(#6670,#6671),(#6672,
#6673),(#6674,#6675),(#6676,#6677),(#6678,#6679),(#6680,#6681),(#6682,#6683),
(#6684,#6685),(#6686,#6687),(#6688,#6689),(#6690,#6691),(#6692,#6693),(#6694,
#6695),(#6696,#6697),(#6698,#6699),(#6700,#6701),(#6702,#6703),(#6704,#6705),
(#6706,#6707),(#6708,#6709),(#6710,#6711),(#6712,#6713),(#6714,#6715),(#6716,
#6717),(#6718,#6719),(#6720,#6721),(#6722,#6723),(#6724,#6725),(#6726,#6727),
(#6728,#6729),(#6730,#6731),(#6732,#6733),(#6734,#6735),(#6736,#6737),(#6738,
#6739),(#6740,#6741),(#6742,#6743),(#6744,#6745),(#6746,#6747),(#6748,#6749),
(#6750,#6751),(#6752,#6753),(#6754,#6755),(#6756,#6757),(#6758,#6759),(#6760,
#6761),(#6762,#6763),(#6764,#6765),(#6766,#6767),(#6768,#6769),(#6770,#6771),
(#6772,#6773),(#6774,#6775),(#6776,#6777),(#6778,#6779),(#6780,#6781),(#6782,
#6783),(#6784,#6785),(#6786,#6787),(#6788,#6789),(#6790,#6791),(#6792,#6793),
(#6794,#6795),(#6796,#6797),(#6798,#6799),(#6800,#6801),(#6802,#6803),(#6804,
#6805),(#6806,#6807),(#6808,#6809),(#6810,#6811),(#6812,#6813),(#6814,#6815),
(#6816,#6817),(#6818,#6819),(#6820,#6821),(#6822,#6823),(#6824,#6825),(#6826,
#6827),(#6828,#6829),(#6830,#6831),(#6832,#6833),(#6834,#6835),(#6836,#6837),
(#6838,#6839),(#6840,#6841),(#6842,#6843),(#6844,#6845),(#6846,#6847),(#6848,
#6849),(#6850,#6851),(#6852,#6853),(#6854,#6855),(#6856,#6857),(#6858,#6859),
(#6860,#6861),(#6862,#6863),(#6864,#6865),(#6866,#6867),(#6868,#6869),(#6870,
#6871),(#6872,#6873),(#6874,#6875),(#6876,#6877),(#6878,#6879),(#6880,#6881),
(#6882,#6883),(#6884,#6885),(#6886,#6887),(#6888,#6889),(#6890,#6891),(#6892,
#6893),(#6894,#6895),(#6896,#6897),(#6898,#6899),(#6900,#6901),(#6902,#6903),
(#6904,#6905),(#6906,#6907),(#6908,#6909),(#6910,#6911),(#6912,#6913),(#6914,
#6915),(#6916,#6917),(#6918,#6919),(#6920,#6921),(#6922,#6923),(#6924,#6925),
(#6926,#6927),(#6928,#6929),(#6930,#6931),(#6932,#6933),(#6934,#6935),(#6936,
#6937),(#6938,#6939),(#6940,#6941),(#6942,#6943),(#6944,#6945),(#6946,#6947),
(#6948,#6949),(#6950,#6951),(#6952,#6953),(#6954,#6955),(#6956,#6957),(#6958,
#6959),(#6960,#6961),(#6962,#6963),(#6964,#6965),(#6966,#6967),(#6968,#6969),
(#6970,#6971),(#6972,#6973),(#6974,#6975),(#6976,#6977),(#6978,#6979),(#6980,
#6981),(#6982,#6983),(#6984,#6985),(#6986,#6987),(#6988,#6989),(#6990,#6991),
(#6992,#6993),(#6994,#6995),(#6996,#6997),(#6998,#6999),(#7000,#7001),(#7002,
#7003),(#7004,#7005),(#7006,#7007),(#7008,#7009),(#7010,#7011),(#7012,#7013),
(#7014,#7015),(#7016,#7017),(#7018,#7019),(#7020,#7021),(#7022,#7023),(#7024,
#7025),(#7026,#7027),(#7028,#7029),(#7030,#7031),(#7032,#7033),(#7034,#7035),
(#7036,#7037),(#7038,#7039),(#7040,#7041),(#7042,#7043),(#7044,#7045),(#7046,
#7047),(#7048,#7049),(#7050,#7051),(#7052,#7053),(#7054,#7055),(#7056,#7057),
(#7058,#7059),(#7060,#7061),(#7062,#7063),(#7064,#7065),(#7066,#7067),(#7068,
#7069),(#7070,#7071),(#7072,#7073),(#7074,#7075),(#7076,#7077),(#7078,#7079),
(#7080,#7081),(#7082,#7083),(#7084,#7085),(#7086,#7087),(#7088,#7089),(#7090,
#7091),(#7092,#7093),(#7094,#7095),(#7096,#7097),(#7098,#7099),(#7100,#7101),
(#7102,#7103),(#7104,#7105),(#7106,#7107),(#7108,#7109),(#7110,#7111),(#7112,
#7113),(#7114,#7115),(#7116,#7117),(#7118,#7119),(#7120,#7121),(#7122,#7123),
(#7124,#7125),(#7126,#7127),(#7128,#7129),(#7130,#7131),(#7132,#7133),(#7134,
#7135),(#7136,#7137),(#7138,#7139),(#7140,#7141),(#7142,#7143),(#7144,#7145),
(#7146,#7147),(#7148,#7149),(#7150,#7151),(#7152,#7153),(#7154,#7155),(#7156,
#7157),(#7158,#7159),(#7160,#7161)),.SURF_OF_LINEAR_EXTRUSION.,.T.,.F.,
 .F.,(1,3,1,1,1,1,1,1,1,1,1,1,1,1,1,1,1,1,1,1,1,1,1,1,1,1,1,1,1,1,1,1,1,
1,1,1,1,1,1,1,1,1,1,1,1,1,1,1,1,1,1,1,1,1,1,1,1,1,1,1,1,1,1,1,1,1,1,1,1,
1,1,1,1,1,1,1,1,1,1,1,1,1,1,1,1,1,1,1,1,1,1,1,1,1,1,1,1,1,1,1,1,1,1,1,1,
1,1,1,1,1,1,1,1,1,1,1,1,1,1,1,1,1,1,1,1,1,1,1,1,1,1,1,1,1,1,1,1,1,1,1,1,
1,1,1,1,1,1,1,1,1,1,1,1,1,1,1,1,1,1,1,1,1,1,1,1,1,1,1,1,1,1,1,1,1,1,1,1,
1,1,1,1,1,1,1,1,1,1,1,1,1,1,1,1,1,1,1,1,1,1,1,1,1,1,1,1,1,1,1,1,1,1,1,1,
1,1,1,1,1,1,1,1,1,1,1,1,1,1,1,1,1,1,1,1,1,1,1,1,1,1,1,1,1,1,1,1,1,1,1,1,
1,1,1,1,1,1,1,1,1,1,1,1,1,1,1,1,1,1,1,1,1,1,1,1,1,1,1,1,1,1,1,1,1,1,1,1,
1,1,1,1,1,1,1,1,1,1,1,1,1,1,1,1,1,1,1,1,1,1,1,1,1,1,1,1,1,1,1,1,1,1,1,1,
1,1,1,1,1,1,1,1,1,1,1,1,1,1,1,1,1,1,1,1,1,1,1,1,1,1,1,1,1,1,1,1,1,1,1,1,
1,1,1,1,1,1,1,1,1,1,1,1,1,1,1,1,1,1,1,1,1,1,1,1,1,1,1,1,1,1,1,1,1,1,1,1,
1,1,1,1,1,1,1,1,1,1,1,1,1,1,1,1,1,1,1,1,1,1,1,1,1,1,1,1,1,1,1,1,1,1,1,1,
1,1,1,1,1,1,1,1,1,1,1,1,1,1,1,1,1,1,1,1,1,1,1,1,1,1,1,1,1,1,1,1,1,1,1,1,
1,1,1,1,1,1,1,1,1,1,1,1,1,1,1,1,1,1,1,1,1,1,1,1,1,1,1,1,1,1,1,1,1,1,1,1,
1,1,1,1,1,1,1,1,1,1,1,1,1,1,1,1,1,1,1,1,1,1,1,1,1,1,1,1,1,1,1,1,1,1,1,1,
1,1,1,1,1,1,1,1,1,1,1,1,1,1,1,1,1,1,1,1,1,1,1,1,1,1,1,1,1,1,1,1,1,1,1,1,
1,1,1,1,1,1,1,1,1,1,1,1,1,1,1,1,1,1,1,1,1,1,1,1,1,1,1,1,1,1,1,1,1,1,1,1,
1,1,1,1,1,1,1,1,1,1,1,1,1,1,1,1,1,1,1,1,1,1,1,1,1,1,1,1,1,1,1,1,1,1,1,1,
1,1,1,1,1,1,1,1,1,1,1,1,1,1,1,1,1,1,1,1,1,1,1,1,1,1,1,1,1,1,1,1,1,1,1,1,
1,1,1,1,3,1),(2,2),(-0.001953125,0.,0.001953125,0.00390625,0.0078125,0.01171875,
0.013671875,0.0146484375,0.015625,0.0166015625,0.017578125,0.01806640625,
0.0185546875,0.01904296875,0.01953125,0.021484375,0.0224609375,0.0234375,
0.0244140625,0.025390625,0.0263671875,0.02734375,0.0283203125,0.029296875,
0.0302734375,0.03125,0.0322265625,0.033203125,0.0341796875,0.03515625,0.037109375,
0.0390625,0.041015625,0.04296875,0.044921875,0.0458984375,0.046875,0.04736328125,
0.0478515625,0.04833984375,0.048828125,0.0498046875,0.05078125,0.052734375,
0.0546875,0.056640625,0.05859375,0.0595703125,0.060546875,0.06103515625,
0.0615234375,0.06201171875,0.0625,0.0634765625,0.064453125,0.06640625,0.068359375,
0.0693359375,0.0703125,0.0712890625,0.072265625,0.0732421875,0.07421875,
0.0751953125,0.076171875,0.0771484375,0.078125,0.080078125,0.08203125,0.083984375,
0.0849609375,0.08544921875,0.0859375,0.08642578125,0.0869140625,0.087890625,
0.08984375,0.091796875,0.0927734375,0.09375,0.0947265625,0.095703125,0.0966796875,
0.09765625,0.099609375,0.1005859375,0.1015625,0.1025390625,0.103515625,
0.1044921875,0.10546875,0.107421875,0.109375,0.111328125,0.1123046875,0.11328125,
0.1142578125,0.115234375,0.1162109375,0.11669921875,0.1171875,0.1181640625,
0.119140625,0.12109375,0.125,0.12890625,0.130859375,0.1328125,0.134765625,
0.1357421875,0.13671875,0.138671875,0.140625,0.142578125,0.14453125,0.146484375,
0.1484375,0.1494140625,0.150390625,0.15087890625,0.1513671875,0.15234375,
0.1533203125,0.154296875,0.15625,0.158203125,0.16015625,0.162109375,0.1640625,
0.1650390625,0.166015625,0.1669921875,0.16748046875,0.16796875,0.16845703125,
0.1689453125,0.169921875,0.1708984375,0.171875,0.173828125,0.1748046875,
0.17578125,0.1767578125,0.177734375,0.1787109375,0.1796875,0.1806640625,
0.181640625,0.1826171875,0.18310546875,0.18359375,0.1845703125,0.185546875,
0.1865234375,0.1875,0.189453125,0.19140625,0.1953125,0.19921875,0.203125,
0.20703125,0.208984375,0.2109375,0.21484375,0.21875,0.22265625,0.2265625,
0.234375,0.2421875,0.24609375,0.25,0.251953125,0.25390625,0.2578125,0.265625,
0.2734375,0.27734375,0.28125,0.283203125,0.28515625,0.2890625,0.296875,
0.30078125,0.3046875,0.306640625,0.3076171875,0.30859375,0.310546875,0.3125,
0.314453125,0.31640625,0.318359375,0.3203125,0.322265625,0.32421875,0.3251953125,
0.326171875,0.3271484375,0.328125,0.3291015625,0.330078125,0.3310546875,
0.33203125,0.3330078125,0.333984375,0.3359375,0.33984375,0.34375,0.34765625,
0.349609375,0.3505859375,0.3515625,0.353515625,0.35546875,0.359375,0.36328125,
0.365234375,0.3671875,0.3681640625,0.369140625,0.3701171875,0.37060546875,
0.37109375,0.3720703125,0.373046875,0.375,0.376953125,0.37890625,0.380859375,
0.3828125,0.384765625,0.38671875,0.3876953125,0.388671875,0.3896484375,
0.390625,0.3916015625,0.392578125,0.3935546875,0.39404296875,0.39453125,
0.39501953125,0.3955078125,0.396484375,0.3974609375,0.3984375,0.3994140625,
0.400390625,0.4013671875,0.40234375,0.40283203125,0.4033203125,0.40380859375,
0.404296875,0.40478515625,0.4052734375,0.40625,0.4072265625,0.408203125,
0.41015625,0.412109375,0.4140625,0.416015625,0.41796875,0.419921875,0.4208984375,
0.421875,0.42236328125,0.4228515625,0.423095703125,0.42333984375,0.423828125,
0.4248046875,0.42578125,0.427734375,0.4296875,0.431640625,0.43359375,0.435546875,
0.4375,0.439453125,0.43994140625,0.4404296875,0.44091796875,0.44140625,
0.44189453125,0.4423828125,0.44287109375,0.443359375,0.44384765625,0.4443359375,
0.44482421875,0.4453125,0.44580078125,0.4462890625,0.44677734375,0.447265625,
0.44775390625,0.4482421875,0.44873046875,0.44921875,0.44970703125,0.4501953125,
0.45068359375,0.451171875,0.4521484375,0.45263671875,0.453125,0.45361328125,
0.4541015625,0.45458984375,0.455078125,0.4560546875,0.45703125,0.458984375,
0.4609375,0.462890625,0.46484375,0.466796875,0.46875,0.4697265625,0.47021484375,
0.470703125,0.47119140625,0.4716796875,0.47265625,0.474609375,0.4765625,
0.48046875,0.482421875,0.484375,0.486328125,0.4873046875,0.48779296875,
0.48828125,0.4892578125,0.490234375,0.4921875,0.494140625,0.49609375,0.498046875,
0.4990234375,0.5,0.50048828125,0.5009765625,0.50146484375,0.501953125,0.5029296875,
0.50390625,0.5048828125,0.505859375,0.5078125,0.509765625,0.5107421875,
0.51171875,0.5126953125,0.51318359375,0.513671875,0.51416015625,0.5146484375,
0.515625,0.5166015625,0.517578125,0.51953125,0.5205078125,0.521484375,0.5234375,
0.525390625,0.52734375,0.5283203125,0.529296875,0.5302734375,0.53076171875,
0.53125,0.53173828125,0.5322265625,0.53271484375,0.533203125,0.53369140625,
0.5341796875,0.53466796875,0.53515625,0.53564453125,0.5361328125,0.537109375,
0.5380859375,0.53857421875,0.5390625,0.53955078125,0.5400390625,0.541015625,
0.5419921875,0.54296875,0.544921875,0.546875,0.548828125,0.5498046875,0.55078125,
0.552734375,0.5537109375,0.55419921875,0.5546875,0.55517578125,0.5556640625,
0.556640625,0.5576171875,0.55859375,0.5595703125,0.560546875,0.5615234375,
0.56201171875,0.5625,0.56298828125,0.5634765625,0.56396484375,0.564453125,
0.56494140625,0.5654296875,0.56591796875,0.56640625,0.56689453125,0.5673828125,
0.568359375,0.5693359375,0.5703125,0.5712890625,0.572265625,0.57421875,
0.576171875,0.578125,0.5791015625,0.580078125,0.5810546875,0.58203125,0.583984375,
0.5859375,0.587890625,0.5888671875,0.58935546875,0.58984375,0.5908203125,
0.591796875,0.59375,0.595703125,0.59765625,0.6015625,0.603515625,0.60546875,
0.607421875,0.6083984375,0.609375,0.6103515625,0.611328125,0.6123046875,
0.61328125,0.615234375,0.6171875,0.619140625,0.62109375,0.623046875,0.625,
0.626953125,0.6279296875,0.62841796875,0.62890625,0.62939453125,0.6298828125,
0.630859375,0.6328125,0.634765625,0.63671875,0.638671875,0.640625,0.642578125,
0.64453125,0.6455078125,0.646484375,0.6474609375,0.6484375,0.650390625,
0.65234375,0.65625,0.66015625,0.6640625,0.666015625,0.6669921875,0.66796875,
0.6689453125,0.669921875,0.671875,0.673828125,0.67578125,0.6796875,0.68359375,
0.6875,0.69140625,0.6953125,0.69921875,0.703125,0.705078125,0.70703125,
0.7109375,0.71484375,0.71875,0.72265625,0.7265625,0.73046875,0.734375,0.73828125,
0.740234375,0.7421875,0.744140625,0.74609375,0.75,0.7578125,0.76171875,
0.765625,0.76953125,0.771484375,0.7734375,0.7744140625,0.775390625,0.7763671875,
0.77734375,0.779296875,0.78125,0.783203125,0.78515625,0.787109375,0.7890625,
0.7900390625,0.791015625,0.7919921875,0.79296875,0.7939453125,0.794921875,
0.7958984375,0.796875,0.798828125,0.80078125,0.802734375,0.8046875,0.80859375,
0.810546875,0.8115234375,0.8125,0.8134765625,0.814453125,0.8154296875,0.81640625,
0.8173828125,0.818359375,0.8193359375,0.8203125,0.8212890625,0.822265625,
0.8232421875,0.82421875,0.8251953125,0.826171875,0.8271484375,0.828125,
0.830078125,0.83203125,0.8359375,0.83984375,0.84375,0.84765625,0.8515625,
0.853515625,0.85546875,0.857421875,0.859375,0.861328125,0.86328125,0.865234375,
0.8671875,0.87109375,0.873046875,0.875,0.876953125,0.87890625,0.880859375,
0.8828125,0.884765625,0.88671875,0.888671875,0.890625,0.892578125,0.8935546875,
0.89453125,0.896484375,0.8984375,0.8994140625,0.900390625,0.9013671875,
0.90234375,0.9033203125,0.90380859375,0.904296875,0.90478515625,0.9052734375,
0.90576171875,0.90625,0.90673828125,0.9072265625,0.908203125,0.9091796875,
0.91015625,0.9111328125,0.912109375,0.9130859375,0.9140625,0.9150390625,
0.916015625,0.91650390625,0.9169921875,0.91796875,0.919921875,0.921875,
0.923828125,0.92578125,0.927734375,0.9287109375,0.9296875,0.9306640625,
0.931640625,0.93212890625,0.9326171875,0.93359375,0.9345703125,0.935546875,
0.9375,0.939453125,0.94140625,0.943359375,0.9453125,0.9462890625,0.947265625,
0.94775390625,0.9482421875,0.94921875,0.9501953125,0.951171875,0.9521484375,
0.953125,0.955078125,0.9560546875,0.95703125,0.9580078125,0.958984375,0.95947265625,
0.9599609375,0.96044921875,0.9609375,0.96142578125,0.9619140625,0.962890625,
0.9638671875,0.96484375,0.966796875,0.96875,0.9697265625,0.970703125,0.9716796875,
0.97265625,0.97314453125,0.9736328125,0.97412109375,0.974609375,0.9755859375,
0.9765625,0.978515625,0.98046875,0.982421875,0.9833984375,0.984375,0.9853515625,
0.986328125,0.98828125,0.990234375,0.9921875,0.994140625,0.99609375,0.998046875,
1.,1.001953125),(0.,1.),.UNSPECIFIED.);
#39=SHAPE_REPRESENTATION_RELATIONSHIP('','',#1598,#41);
#40=SHAPE_REPRESENTATION_RELATIONSHIP('','',#1599,#42);
#41=ADVANCED_BREP_SHAPE_REPRESENTATION('',(#1594),#8079);
#42=ADVANCED_BREP_SHAPE_REPRESENTATION('',(#1595),#8080);
#43=CYLINDRICAL_SURFACE('',#1617,0.00375);
#44=CYLINDRICAL_SURFACE('',#1619,0.00375);
#45=CYLINDRICAL_SURFACE('',#1676,0.00275);
#46=CYLINDRICAL_SURFACE('',#1678,0.00275);
#47=CYLINDRICAL_SURFACE('',#1685,0.002);
#48=CYLINDRICAL_SURFACE('',#1686,0.004);
#49=CYLINDRICAL_SURFACE('',#1689,0.002);
#50=CYLINDRICAL_SURFACE('',#1693,0.002);
#51=CYLINDRICAL_SURFACE('',#1694,0.002);
#52=CYLINDRICAL_SURFACE('',#1698,0.002);
#53=CIRCLE('',#1608,0.00375);
#54=CIRCLE('',#1609,0.00375);
#55=CIRCLE('',#1612,0.00375);
#56=CIRCLE('',#1613,0.00375);
#57=CIRCLE('',#1641,0.00275);
#58=CIRCLE('',#1642,0.00275);
#59=CIRCLE('',#1644,0.00275);
#60=CIRCLE('',#1645,0.00275);
#61=CIRCLE('',#1651,0.002);
#62=CIRCLE('',#1652,0.002);
#63=CIRCLE('',#1655,0.002);
#64=CIRCLE('',#1656,0.002);
#65=CIRCLE('',#1659,0.002);
#66=CIRCLE('',#1661,0.002);
#67=CIRCLE('',#1663,0.002);
#68=CIRCLE('',#1664,0.002);
#69=CIRCLE('',#1687,0.004);
#70=CIRCLE('',#1688,0.004);
#71=CIRCLE('',#1690,0.002);
#72=CIRCLE('',#1692,0.002);
#73=CIRCLE('',#1695,0.002);
#74=CIRCLE('',#1697,0.002);
#75=ORIENTED_EDGE('',*,*,#517,.F.);
#76=ORIENTED_EDGE('',*,*,#518,.F.);
#77=ORIENTED_EDGE('',*,*,#519,.T.);
#78=ORIENTED_EDGE('',*,*,#520,.T.);
#79=ORIENTED_EDGE('',*,*,#521,.F.);
#80=ORIENTED_EDGE('',*,*,#522,.F.);
#81=ORIENTED_EDGE('',*,*,#523,.T.);
#82=ORIENTED_EDGE('',*,*,#524,.F.);
#83=ORIENTED_EDGE('',*,*,#525,.F.);
#84=ORIENTED_EDGE('',*,*,#526,.F.);
#85=ORIENTED_EDGE('',*,*,#527,.T.);
#86=ORIENTED_EDGE('',*,*,#528,.F.);
#87=ORIENTED_EDGE('',*,*,#529,.T.);
#88=ORIENTED_EDGE('',*,*,#530,.T.);
#89=ORIENTED_EDGE('',*,*,#531,.T.);
#90=ORIENTED_EDGE('',*,*,#532,.T.);
#91=ORIENTED_EDGE('',*,*,#533,.F.);
#92=ORIENTED_EDGE('',*,*,#519,.F.);
#93=ORIENTED_EDGE('',*,*,#534,.F.);
#94=ORIENTED_EDGE('',*,*,#535,.T.);
#95=ORIENTED_EDGE('',*,*,#536,.F.);
#96=ORIENTED_EDGE('',*,*,#537,.F.);
#97=ORIENTED_EDGE('',*,*,#538,.F.);
#98=ORIENTED_EDGE('',*,*,#539,.T.);
#99=ORIENTED_EDGE('',*,*,#540,.F.);
#100=ORIENTED_EDGE('',*,*,#521,.T.);
#101=ORIENTED_EDGE('',*,*,#541,.T.);
#102=ORIENTED_EDGE('',*,*,#542,.F.);
#103=ORIENTED_EDGE('',*,*,#543,.F.);
#104=ORIENTED_EDGE('',*,*,#544,.T.);
#105=ORIENTED_EDGE('',*,*,#529,.F.);
#106=ORIENTED_EDGE('',*,*,#518,.T.);
#107=ORIENTED_EDGE('',*,*,#545,.F.);
#108=ORIENTED_EDGE('',*,*,#546,.T.);
#109=ORIENTED_EDGE('',*,*,#522,.T.);
#110=ORIENTED_EDGE('',*,*,#540,.T.);
#111=ORIENTED_EDGE('',*,*,#547,.F.);
#112=ORIENTED_EDGE('',*,*,#548,.T.);
#113=ORIENTED_EDGE('',*,*,#549,.F.);
#114=ORIENTED_EDGE('',*,*,#550,.F.);
#115=ORIENTED_EDGE('',*,*,#551,.F.);
#116=ORIENTED_EDGE('',*,*,#552,.T.);
#117=ORIENTED_EDGE('',*,*,#553,.T.);
#118=ORIENTED_EDGE('',*,*,#554,.T.);
#119=ORIENTED_EDGE('',*,*,#526,.T.);
#120=ORIENTED_EDGE('',*,*,#555,.F.);
#121=ORIENTED_EDGE('',*,*,#556,.F.);
#122=ORIENTED_EDGE('',*,*,#557,.F.);
#123=ORIENTED_EDGE('',*,*,#534,.T.);
#124=ORIENTED_EDGE('',*,*,#558,.F.);
#125=ORIENTED_EDGE('',*,*,#559,.T.);
#126=ORIENTED_EDGE('',*,*,#560,.T.);
#127=ORIENTED_EDGE('',*,*,#551,.T.);
#128=ORIENTED_EDGE('',*,*,#561,.T.);
#129=ORIENTED_EDGE('',*,*,#538,.T.);
#130=ORIENTED_EDGE('',*,*,#562,.F.);
#131=ORIENTED_EDGE('',*,*,#531,.F.);
#132=ORIENTED_EDGE('',*,*,#563,.T.);
#133=ORIENTED_EDGE('',*,*,#564,.T.);
#134=ORIENTED_EDGE('',*,*,#565,.T.);
#135=ORIENTED_EDGE('',*,*,#559,.F.);
#136=ORIENTED_EDGE('',*,*,#566,.T.);
#137=ORIENTED_EDGE('',*,*,#536,.T.);
#138=ORIENTED_EDGE('',*,*,#567,.F.);
#139=ORIENTED_EDGE('',*,*,#568,.F.);
#140=ORIENTED_EDGE('',*,*,#569,.F.);
#141=ORIENTED_EDGE('',*,*,#570,.T.);
#142=ORIENTED_EDGE('',*,*,#571,.T.);
#143=ORIENTED_EDGE('',*,*,#572,.T.);
#144=ORIENTED_EDGE('',*,*,#573,.F.);
#145=ORIENTED_EDGE('',*,*,#574,.T.);
#146=ORIENTED_EDGE('',*,*,#541,.F.);
#147=ORIENTED_EDGE('',*,*,#520,.F.);
#148=ORIENTED_EDGE('',*,*,#533,.T.);
#149=ORIENTED_EDGE('',*,*,#562,.T.);
#150=ORIENTED_EDGE('',*,*,#542,.T.);
#151=ORIENTED_EDGE('',*,*,#574,.F.);
#152=ORIENTED_EDGE('',*,*,#532,.F.);
#153=ORIENTED_EDGE('',*,*,#566,.F.);
#154=ORIENTED_EDGE('',*,*,#561,.F.);
#155=ORIENTED_EDGE('',*,*,#558,.T.);
#156=ORIENTED_EDGE('',*,*,#537,.T.);
#157=ORIENTED_EDGE('',*,*,#570,.F.);
#158=ORIENTED_EDGE('',*,*,#575,.F.);
#159=ORIENTED_EDGE('',*,*,#547,.T.);
#160=ORIENTED_EDGE('',*,*,#576,.T.);
#161=ORIENTED_EDGE('',*,*,#571,.F.);
#162=ORIENTED_EDGE('',*,*,#576,.F.);
#163=ORIENTED_EDGE('',*,*,#550,.T.);
#164=ORIENTED_EDGE('',*,*,#577,.T.);
#165=ORIENTED_EDGE('',*,*,#572,.F.);
#166=ORIENTED_EDGE('',*,*,#577,.F.);
#167=ORIENTED_EDGE('',*,*,#549,.T.);
#168=ORIENTED_EDGE('',*,*,#578,.T.);
#169=ORIENTED_EDGE('',*,*,#573,.T.);
#170=ORIENTED_EDGE('',*,*,#578,.F.);
#171=ORIENTED_EDGE('',*,*,#548,.F.);
#172=ORIENTED_EDGE('',*,*,#575,.T.);
#173=ORIENTED_EDGE('',*,*,#579,.T.);
#174=ORIENTED_EDGE('',*,*,#524,.T.);
#175=ORIENTED_EDGE('',*,*,#580,.F.);
#176=ORIENTED_EDGE('',*,*,#581,.T.);
#177=ORIENTED_EDGE('',*,*,#582,.T.);
#178=ORIENTED_EDGE('',*,*,#583,.T.);
#179=ORIENTED_EDGE('',*,*,#584,.T.);
#180=ORIENTED_EDGE('',*,*,#523,.F.);
#181=ORIENTED_EDGE('',*,*,#546,.F.);
#182=ORIENTED_EDGE('',*,*,#585,.F.);
#183=ORIENTED_EDGE('',*,*,#580,.T.);
#184=ORIENTED_EDGE('',*,*,#555,.T.);
#185=ORIENTED_EDGE('',*,*,#525,.T.);
#186=ORIENTED_EDGE('',*,*,#579,.F.);
#187=ORIENTED_EDGE('',*,*,#586,.T.);
#188=ORIENTED_EDGE('',*,*,#587,.T.);
#189=ORIENTED_EDGE('',*,*,#556,.T.);
#190=ORIENTED_EDGE('',*,*,#586,.F.);
#191=ORIENTED_EDGE('',*,*,#584,.F.);
#192=ORIENTED_EDGE('',*,*,#535,.F.);
#193=ORIENTED_EDGE('',*,*,#557,.T.);
#194=ORIENTED_EDGE('',*,*,#587,.F.);
#195=ORIENTED_EDGE('',*,*,#583,.F.);
#196=ORIENTED_EDGE('',*,*,#588,.T.);
#197=ORIENTED_EDGE('',*,*,#567,.T.);
#198=ORIENTED_EDGE('',*,*,#568,.T.);
#199=ORIENTED_EDGE('',*,*,#588,.F.);
#200=ORIENTED_EDGE('',*,*,#582,.F.);
#201=ORIENTED_EDGE('',*,*,#589,.T.);
#202=ORIENTED_EDGE('',*,*,#539,.F.);
#203=ORIENTED_EDGE('',*,*,#569,.T.);
#204=ORIENTED_EDGE('',*,*,#589,.F.);
#205=ORIENTED_EDGE('',*,*,#581,.F.);
#206=ORIENTED_EDGE('',*,*,#585,.T.);
#207=ORIENTED_EDGE('',*,*,#545,.T.);
#208=ORIENTED_EDGE('',*,*,#590,.T.);
#209=ORIENTED_EDGE('',*,*,#528,.T.);
#210=ORIENTED_EDGE('',*,*,#591,.F.);
#211=ORIENTED_EDGE('',*,*,#592,.F.);
#212=ORIENTED_EDGE('',*,*,#593,.F.);
#213=ORIENTED_EDGE('',*,*,#594,.F.);
#214=ORIENTED_EDGE('',*,*,#595,.F.);
#215=ORIENTED_EDGE('',*,*,#543,.T.);
#216=ORIENTED_EDGE('',*,*,#517,.T.);
#217=ORIENTED_EDGE('',*,*,#590,.F.);
#218=ORIENTED_EDGE('',*,*,#596,.T.);
#219=ORIENTED_EDGE('',*,*,#530,.F.);
#220=ORIENTED_EDGE('',*,*,#544,.F.);
#221=ORIENTED_EDGE('',*,*,#596,.F.);
#222=ORIENTED_EDGE('',*,*,#595,.T.);
#223=ORIENTED_EDGE('',*,*,#597,.T.);
#224=ORIENTED_EDGE('',*,*,#563,.F.);
#225=ORIENTED_EDGE('',*,*,#560,.F.);
#226=ORIENTED_EDGE('',*,*,#565,.F.);
#227=ORIENTED_EDGE('',*,*,#598,.F.);
#228=ORIENTED_EDGE('',*,*,#593,.T.);
#229=ORIENTED_EDGE('',*,*,#599,.T.);
#230=ORIENTED_EDGE('',*,*,#552,.F.);
#231=ORIENTED_EDGE('',*,*,#553,.F.);
#232=ORIENTED_EDGE('',*,*,#599,.F.);
#233=ORIENTED_EDGE('',*,*,#592,.T.);
#234=ORIENTED_EDGE('',*,*,#600,.T.);
#235=ORIENTED_EDGE('',*,*,#527,.F.);
#236=ORIENTED_EDGE('',*,*,#554,.F.);
#237=ORIENTED_EDGE('',*,*,#600,.F.);
#238=ORIENTED_EDGE('',*,*,#591,.T.);
#239=ORIENTED_EDGE('',*,*,#564,.F.);
#240=ORIENTED_EDGE('',*,*,#597,.F.);
#241=ORIENTED_EDGE('',*,*,#594,.T.);
#242=ORIENTED_EDGE('',*,*,#598,.T.);
#243=ORIENTED_EDGE('',*,*,#601,.T.);
#244=ORIENTED_EDGE('',*,*,#602,.T.);
#245=ORIENTED_EDGE('',*,*,#603,.F.);
#246=ORIENTED_EDGE('',*,*,#604,.T.);
#247=ORIENTED_EDGE('',*,*,#605,.F.);
#248=ORIENTED_EDGE('',*,*,#606,.F.);
#249=ORIENTED_EDGE('',*,*,#607,.F.);
#250=ORIENTED_EDGE('',*,*,#608,.F.);
#251=ORIENTED_EDGE('',*,*,#609,.F.);
#252=ORIENTED_EDGE('',*,*,#610,.F.);
#253=ORIENTED_EDGE('',*,*,#611,.F.);
#254=ORIENTED_EDGE('',*,*,#612,.F.);
#255=ORIENTED_EDGE('',*,*,#613,.T.);
#256=ORIENTED_EDGE('',*,*,#614,.T.);
#257=ORIENTED_EDGE('',*,*,#615,.T.);
#258=ORIENTED_EDGE('',*,*,#616,.F.);
#259=ORIENTED_EDGE('',*,*,#617,.F.);
#260=ORIENTED_EDGE('',*,*,#618,.T.);
#261=ORIENTED_EDGE('',*,*,#619,.F.);
#262=ORIENTED_EDGE('',*,*,#620,.T.);
#263=ORIENTED_EDGE('',*,*,#621,.T.);
#264=ORIENTED_EDGE('',*,*,#622,.T.);
#265=ORIENTED_EDGE('',*,*,#623,.F.);
#266=ORIENTED_EDGE('',*,*,#624,.T.);
#267=ORIENTED_EDGE('',*,*,#625,.F.);
#268=ORIENTED_EDGE('',*,*,#626,.F.);
#269=ORIENTED_EDGE('',*,*,#627,.F.);
#270=ORIENTED_EDGE('',*,*,#611,.T.);
#271=ORIENTED_EDGE('',*,*,#628,.T.);
#272=ORIENTED_EDGE('',*,*,#629,.T.);
#273=ORIENTED_EDGE('',*,*,#630,.F.);
#274=ORIENTED_EDGE('',*,*,#631,.F.);
#275=ORIENTED_EDGE('',*,*,#623,.T.);
#276=ORIENTED_EDGE('',*,*,#632,.T.);
#277=ORIENTED_EDGE('',*,*,#633,.T.);
#278=ORIENTED_EDGE('',*,*,#634,.T.);
#279=ORIENTED_EDGE('',*,*,#635,.T.);
#280=ORIENTED_EDGE('',*,*,#636,.T.);
#281=ORIENTED_EDGE('',*,*,#637,.T.);
#282=ORIENTED_EDGE('',*,*,#638,.F.);
#283=ORIENTED_EDGE('',*,*,#639,.T.);
#284=ORIENTED_EDGE('',*,*,#640,.T.);
#285=ORIENTED_EDGE('',*,*,#641,.T.);
#286=ORIENTED_EDGE('',*,*,#642,.T.);
#287=ORIENTED_EDGE('',*,*,#643,.T.);
#288=ORIENTED_EDGE('',*,*,#644,.T.);
#289=ORIENTED_EDGE('',*,*,#645,.F.);
#290=ORIENTED_EDGE('',*,*,#646,.F.);
#291=ORIENTED_EDGE('',*,*,#647,.T.);
#292=ORIENTED_EDGE('',*,*,#648,.T.);
#293=ORIENTED_EDGE('',*,*,#649,.T.);
#294=ORIENTED_EDGE('',*,*,#650,.F.);
#295=ORIENTED_EDGE('',*,*,#651,.T.);
#296=ORIENTED_EDGE('',*,*,#652,.T.);
#297=ORIENTED_EDGE('',*,*,#653,.F.);
#298=ORIENTED_EDGE('',*,*,#654,.F.);
#299=ORIENTED_EDGE('',*,*,#655,.T.);
#300=ORIENTED_EDGE('',*,*,#656,.F.);
#301=ORIENTED_EDGE('',*,*,#657,.T.);
#302=ORIENTED_EDGE('',*,*,#658,.F.);
#303=ORIENTED_EDGE('',*,*,#659,.F.);
#304=ORIENTED_EDGE('',*,*,#660,.F.);
#305=ORIENTED_EDGE('',*,*,#661,.F.);
#306=ORIENTED_EDGE('',*,*,#662,.F.);
#307=ORIENTED_EDGE('',*,*,#663,.F.);
#308=ORIENTED_EDGE('',*,*,#621,.F.);
#309=ORIENTED_EDGE('',*,*,#664,.F.);
#310=ORIENTED_EDGE('',*,*,#626,.T.);
#311=ORIENTED_EDGE('',*,*,#665,.T.);
#312=ORIENTED_EDGE('',*,*,#666,.T.);
#313=ORIENTED_EDGE('',*,*,#667,.T.);
#314=ORIENTED_EDGE('',*,*,#668,.T.);
#315=ORIENTED_EDGE('',*,*,#669,.T.);
#316=ORIENTED_EDGE('',*,*,#670,.T.);
#317=ORIENTED_EDGE('',*,*,#671,.F.);
#318=ORIENTED_EDGE('',*,*,#672,.T.);
#319=ORIENTED_EDGE('',*,*,#673,.T.);
#320=ORIENTED_EDGE('',*,*,#674,.T.);
#321=ORIENTED_EDGE('',*,*,#675,.F.);
#322=ORIENTED_EDGE('',*,*,#676,.T.);
#323=ORIENTED_EDGE('',*,*,#677,.F.);
#324=ORIENTED_EDGE('',*,*,#660,.T.);
#325=ORIENTED_EDGE('',*,*,#678,.T.);
#326=ORIENTED_EDGE('',*,*,#635,.F.);
#327=ORIENTED_EDGE('',*,*,#668,.F.);
#328=ORIENTED_EDGE('',*,*,#679,.T.);
#329=ORIENTED_EDGE('',*,*,#607,.T.);
#330=ORIENTED_EDGE('',*,*,#680,.F.);
#331=ORIENTED_EDGE('',*,*,#681,.T.);
#332=ORIENTED_EDGE('',*,*,#682,.T.);
#333=ORIENTED_EDGE('',*,*,#619,.T.);
#334=ORIENTED_EDGE('',*,*,#683,.T.);
#335=ORIENTED_EDGE('',*,*,#684,.T.);
#336=ORIENTED_EDGE('',*,*,#616,.T.);
#337=ORIENTED_EDGE('',*,*,#685,.F.);
#338=ORIENTED_EDGE('',*,*,#686,.F.);
#339=ORIENTED_EDGE('',*,*,#687,.T.);
#340=ORIENTED_EDGE('',*,*,#685,.T.);
#341=ORIENTED_EDGE('',*,*,#687,.F.);
#342=ORIENTED_EDGE('',*,*,#688,.T.);
#343=ORIENTED_EDGE('',*,*,#686,.T.);
#344=ORIENTED_EDGE('',*,*,#689,.T.);
#345=ORIENTED_EDGE('',*,*,#688,.F.);
#346=ORIENTED_EDGE('',*,*,#690,.T.);
#347=ORIENTED_EDGE('',*,*,#691,.T.);
#348=ORIENTED_EDGE('',*,*,#681,.F.);
#349=ORIENTED_EDGE('',*,*,#615,.F.);
#350=ORIENTED_EDGE('',*,*,#692,.T.);
#351=ORIENTED_EDGE('',*,*,#601,.F.);
#352=ORIENTED_EDGE('',*,*,#693,.F.);
#353=ORIENTED_EDGE('',*,*,#694,.T.);
#354=ORIENTED_EDGE('',*,*,#695,.T.);
#355=ORIENTED_EDGE('',*,*,#689,.F.);
#356=ORIENTED_EDGE('',*,*,#696,.T.);
#357=ORIENTED_EDGE('',*,*,#697,.T.);
#358=ORIENTED_EDGE('',*,*,#617,.T.);
#359=ORIENTED_EDGE('',*,*,#698,.T.);
#360=ORIENTED_EDGE('',*,*,#684,.F.);
#361=ORIENTED_EDGE('',*,*,#699,.T.);
#362=ORIENTED_EDGE('',*,*,#700,.T.);
#363=ORIENTED_EDGE('',*,*,#701,.T.);
#364=ORIENTED_EDGE('',*,*,#702,.T.);
#365=ORIENTED_EDGE('',*,*,#703,.F.);
#366=ORIENTED_EDGE('',*,*,#630,.T.);
#367=ORIENTED_EDGE('',*,*,#704,.T.);
#368=ORIENTED_EDGE('',*,*,#613,.F.);
#369=ORIENTED_EDGE('',*,*,#705,.F.);
#370=ORIENTED_EDGE('',*,*,#706,.T.);
#371=ORIENTED_EDGE('',*,*,#707,.T.);
#372=ORIENTED_EDGE('',*,*,#655,.F.);
#373=ORIENTED_EDGE('',*,*,#707,.F.);
#374=ORIENTED_EDGE('',*,*,#708,.T.);
#375=ORIENTED_EDGE('',*,*,#628,.F.);
#376=ORIENTED_EDGE('',*,*,#709,.F.);
#377=ORIENTED_EDGE('',*,*,#656,.T.);
#378=ORIENTED_EDGE('',*,*,#603,.T.);
#379=ORIENTED_EDGE('',*,*,#710,.T.);
#380=ORIENTED_EDGE('',*,*,#705,.T.);
#381=ORIENTED_EDGE('',*,*,#672,.F.);
#382=ORIENTED_EDGE('',*,*,#711,.T.);
#383=ORIENTED_EDGE('',*,*,#703,.T.);
#384=ORIENTED_EDGE('',*,*,#712,.T.);
#385=ORIENTED_EDGE('',*,*,#639,.F.);
#386=ORIENTED_EDGE('',*,*,#713,.T.);
#387=ORIENTED_EDGE('',*,*,#693,.T.);
#388=ORIENTED_EDGE('',*,*,#612,.T.);
#389=ORIENTED_EDGE('',*,*,#627,.T.);
#390=ORIENTED_EDGE('',*,*,#664,.T.);
#391=ORIENTED_EDGE('',*,*,#624,.F.);
#392=ORIENTED_EDGE('',*,*,#631,.T.);
#393=ORIENTED_EDGE('',*,*,#659,.T.);
#394=ORIENTED_EDGE('',*,*,#714,.T.);
#395=ORIENTED_EDGE('',*,*,#636,.F.);
#396=ORIENTED_EDGE('',*,*,#678,.F.);
#397=ORIENTED_EDGE('',*,*,#709,.T.);
#398=ORIENTED_EDGE('',*,*,#638,.T.);
#399=ORIENTED_EDGE('',*,*,#715,.F.);
#400=ORIENTED_EDGE('',*,*,#657,.F.);
#401=ORIENTED_EDGE('',*,*,#658,.T.);
#402=ORIENTED_EDGE('',*,*,#715,.T.);
#403=ORIENTED_EDGE('',*,*,#637,.F.);
#404=ORIENTED_EDGE('',*,*,#714,.F.);
#405=ORIENTED_EDGE('',*,*,#680,.T.);
#406=ORIENTED_EDGE('',*,*,#606,.T.);
#407=ORIENTED_EDGE('',*,*,#716,.F.);
#408=ORIENTED_EDGE('',*,*,#669,.F.);
#409=ORIENTED_EDGE('',*,*,#716,.T.);
#410=ORIENTED_EDGE('',*,*,#605,.T.);
#411=ORIENTED_EDGE('',*,*,#717,.F.);
#412=ORIENTED_EDGE('',*,*,#670,.F.);
#413=ORIENTED_EDGE('',*,*,#671,.T.);
#414=ORIENTED_EDGE('',*,*,#717,.T.);
#415=ORIENTED_EDGE('',*,*,#604,.F.);
#416=ORIENTED_EDGE('',*,*,#711,.F.);
#417=ORIENTED_EDGE('',*,*,#718,.T.);
#418=ORIENTED_EDGE('',*,*,#651,.F.);
#419=ORIENTED_EDGE('',*,*,#719,.F.);
#420=ORIENTED_EDGE('',*,*,#644,.F.);
#421=ORIENTED_EDGE('',*,*,#645,.T.);
#422=ORIENTED_EDGE('',*,*,#719,.T.);
#423=ORIENTED_EDGE('',*,*,#654,.T.);
#424=ORIENTED_EDGE('',*,*,#720,.F.);
#425=ORIENTED_EDGE('',*,*,#646,.T.);
#426=ORIENTED_EDGE('',*,*,#720,.T.);
#427=ORIENTED_EDGE('',*,*,#653,.T.);
#428=ORIENTED_EDGE('',*,*,#721,.F.);
#429=ORIENTED_EDGE('',*,*,#721,.T.);
#430=ORIENTED_EDGE('',*,*,#652,.F.);
#431=ORIENTED_EDGE('',*,*,#718,.F.);
#432=ORIENTED_EDGE('',*,*,#643,.F.);
#433=ORIENTED_EDGE('',*,*,#722,.T.);
#434=ORIENTED_EDGE('',*,*,#673,.F.);
#435=ORIENTED_EDGE('',*,*,#723,.F.);
#436=ORIENTED_EDGE('',*,*,#648,.F.);
#437=ORIENTED_EDGE('',*,*,#723,.T.);
#438=ORIENTED_EDGE('',*,*,#676,.F.);
#439=ORIENTED_EDGE('',*,*,#724,.F.);
#440=ORIENTED_EDGE('',*,*,#649,.F.);
#441=ORIENTED_EDGE('',*,*,#650,.T.);
#442=ORIENTED_EDGE('',*,*,#724,.T.);
#443=ORIENTED_EDGE('',*,*,#675,.T.);
#444=ORIENTED_EDGE('',*,*,#725,.F.);
#445=ORIENTED_EDGE('',*,*,#725,.T.);
#446=ORIENTED_EDGE('',*,*,#674,.F.);
#447=ORIENTED_EDGE('',*,*,#722,.F.);
#448=ORIENTED_EDGE('',*,*,#647,.F.);
#449=ORIENTED_EDGE('',*,*,#662,.T.);
#450=ORIENTED_EDGE('',*,*,#726,.T.);
#451=ORIENTED_EDGE('',*,*,#633,.F.);
#452=ORIENTED_EDGE('',*,*,#727,.F.);
#453=ORIENTED_EDGE('',*,*,#661,.T.);
#454=ORIENTED_EDGE('',*,*,#677,.T.);
#455=ORIENTED_EDGE('',*,*,#634,.F.);
#456=ORIENTED_EDGE('',*,*,#726,.F.);
#457=ORIENTED_EDGE('',*,*,#663,.T.);
#458=ORIENTED_EDGE('',*,*,#727,.T.);
#459=ORIENTED_EDGE('',*,*,#632,.F.);
#460=ORIENTED_EDGE('',*,*,#622,.F.);
#461=ORIENTED_EDGE('',*,*,#625,.T.);
#462=ORIENTED_EDGE('',*,*,#610,.T.);
#463=ORIENTED_EDGE('',*,*,#728,.F.);
#464=ORIENTED_EDGE('',*,*,#665,.F.);
#465=ORIENTED_EDGE('',*,*,#728,.T.);
#466=ORIENTED_EDGE('',*,*,#609,.T.);
#467=ORIENTED_EDGE('',*,*,#729,.F.);
#468=ORIENTED_EDGE('',*,*,#666,.F.);
#469=ORIENTED_EDGE('',*,*,#729,.T.);
#470=ORIENTED_EDGE('',*,*,#608,.T.);
#471=ORIENTED_EDGE('',*,*,#679,.F.);
#472=ORIENTED_EDGE('',*,*,#667,.F.);
#473=ORIENTED_EDGE('',*,*,#692,.F.);
#474=ORIENTED_EDGE('',*,*,#614,.F.);
#475=ORIENTED_EDGE('',*,*,#704,.F.);
#476=ORIENTED_EDGE('',*,*,#629,.F.);
#477=ORIENTED_EDGE('',*,*,#708,.F.);
#478=ORIENTED_EDGE('',*,*,#706,.F.);
#479=ORIENTED_EDGE('',*,*,#710,.F.);
#480=ORIENTED_EDGE('',*,*,#602,.F.);
#481=ORIENTED_EDGE('',*,*,#641,.F.);
#482=ORIENTED_EDGE('',*,*,#730,.T.);
#483=ORIENTED_EDGE('',*,*,#696,.F.);
#484=ORIENTED_EDGE('',*,*,#731,.T.);
#485=ORIENTED_EDGE('',*,*,#712,.F.);
#486=ORIENTED_EDGE('',*,*,#702,.F.);
#487=ORIENTED_EDGE('',*,*,#732,.F.);
#488=ORIENTED_EDGE('',*,*,#640,.F.);
#489=ORIENTED_EDGE('',*,*,#732,.T.);
#490=ORIENTED_EDGE('',*,*,#701,.F.);
#491=ORIENTED_EDGE('',*,*,#733,.F.);
#492=ORIENTED_EDGE('',*,*,#730,.F.);
#493=ORIENTED_EDGE('',*,*,#733,.T.);
#494=ORIENTED_EDGE('',*,*,#700,.F.);
#495=ORIENTED_EDGE('',*,*,#734,.F.);
#496=ORIENTED_EDGE('',*,*,#697,.F.);
#497=ORIENTED_EDGE('',*,*,#734,.T.);
#498=ORIENTED_EDGE('',*,*,#699,.F.);
#499=ORIENTED_EDGE('',*,*,#683,.F.);
#500=ORIENTED_EDGE('',*,*,#618,.F.);
#501=ORIENTED_EDGE('',*,*,#713,.F.);
#502=ORIENTED_EDGE('',*,*,#642,.F.);
#503=ORIENTED_EDGE('',*,*,#735,.F.);
#504=ORIENTED_EDGE('',*,*,#694,.F.);
#505=ORIENTED_EDGE('',*,*,#735,.T.);
#506=ORIENTED_EDGE('',*,*,#731,.F.);
#507=ORIENTED_EDGE('',*,*,#736,.F.);
#508=ORIENTED_EDGE('',*,*,#695,.F.);
#509=ORIENTED_EDGE('',*,*,#736,.T.);
#510=ORIENTED_EDGE('',*,*,#698,.F.);
#511=ORIENTED_EDGE('',*,*,#737,.F.);
#512=ORIENTED_EDGE('',*,*,#690,.F.);
#513=ORIENTED_EDGE('',*,*,#682,.F.);
#514=ORIENTED_EDGE('',*,*,#691,.F.);
#515=ORIENTED_EDGE('',*,*,#737,.T.);
#516=ORIENTED_EDGE('',*,*,#620,.F.);
#517=EDGE_CURVE('',#738,#739,#885,.T.);
#518=EDGE_CURVE('',#740,#738,#886,.T.);
#519=EDGE_CURVE('',#740,#741,#887,.T.);
#520=EDGE_CURVE('',#741,#742,#888,.T.);
#521=EDGE_CURVE('',#743,#742,#889,.T.);
#522=EDGE_CURVE('',#744,#743,#890,.T.);
#523=EDGE_CURVE('',#744,#745,#891,.T.);
#524=EDGE_CURVE('',#746,#745,#892,.T.);
#525=EDGE_CURVE('',#747,#746,#893,.T.);
#526=EDGE_CURVE('',#748,#747,#894,.T.);
#527=EDGE_CURVE('',#748,#749,#895,.T.);
#528=EDGE_CURVE('',#739,#749,#896,.T.);
#529=EDGE_CURVE('',#740,#750,#897,.T.);
#530=EDGE_CURVE('',#750,#751,#898,.T.);
#531=EDGE_CURVE('',#751,#752,#899,.T.);
#532=EDGE_CURVE('',#752,#753,#900,.T.);
#533=EDGE_CURVE('',#741,#753,#901,.T.);
#534=EDGE_CURVE('',#754,#755,#902,.T.);
#535=EDGE_CURVE('',#754,#756,#903,.T.);
#536=EDGE_CURVE('',#757,#756,#904,.T.);
#537=EDGE_CURVE('',#755,#757,#905,.T.);
#538=EDGE_CURVE('',#758,#759,#906,.T.);
#539=EDGE_CURVE('',#758,#760,#907,.T.);
#540=EDGE_CURVE('',#743,#760,#908,.T.);
#541=EDGE_CURVE('',#742,#761,#909,.T.);
#542=EDGE_CURVE('',#759,#761,#910,.T.);
#543=EDGE_CURVE('',#762,#738,#911,.T.);
#544=EDGE_CURVE('',#762,#750,#912,.T.);
#545=EDGE_CURVE('',#763,#760,#913,.T.);
#546=EDGE_CURVE('',#763,#744,#914,.T.);
#547=EDGE_CURVE('',#764,#765,#53,.T.);
#548=EDGE_CURVE('',#764,#766,#915,.T.);
#549=EDGE_CURVE('',#767,#766,#54,.T.);
#550=EDGE_CURVE('',#765,#767,#916,.T.);
#551=EDGE_CURVE('',#768,#769,#917,.T.);
#552=EDGE_CURVE('',#768,#770,#918,.T.);
#553=EDGE_CURVE('',#770,#771,#919,.T.);
#554=EDGE_CURVE('',#771,#748,#920,.T.);
#555=EDGE_CURVE('',#772,#747,#921,.T.);
#556=EDGE_CURVE('',#773,#772,#922,.T.);
#557=EDGE_CURVE('',#754,#773,#923,.T.);
#558=EDGE_CURVE('',#769,#755,#924,.T.);
#559=EDGE_CURVE('',#774,#775,#925,.T.);
#560=EDGE_CURVE('',#775,#768,#926,.T.);
#561=EDGE_CURVE('',#769,#774,#927,.T.);
#562=EDGE_CURVE('',#752,#759,#928,.T.);
#563=EDGE_CURVE('',#751,#776,#929,.T.);
#564=EDGE_CURVE('',#776,#777,#930,.T.);
#565=EDGE_CURVE('',#777,#775,#931,.T.);
#566=EDGE_CURVE('',#774,#757,#932,.T.);
#567=EDGE_CURVE('',#778,#756,#933,.T.);
#568=EDGE_CURVE('',#779,#778,#934,.T.);
#569=EDGE_CURVE('',#758,#779,#935,.T.);
#570=EDGE_CURVE('',#780,#781,#55,.T.);
#571=EDGE_CURVE('',#781,#782,#936,.T.);
#572=EDGE_CURVE('',#782,#783,#56,.T.);
#573=EDGE_CURVE('',#780,#783,#937,.T.);
#574=EDGE_CURVE('',#753,#761,#938,.T.);
#575=EDGE_CURVE('',#764,#780,#939,.T.);
#576=EDGE_CURVE('',#765,#781,#940,.T.);
#577=EDGE_CURVE('',#767,#782,#941,.T.);
#578=EDGE_CURVE('',#766,#783,#942,.T.);
#579=EDGE_CURVE('',#784,#746,#943,.T.);
#580=EDGE_CURVE('',#785,#745,#944,.T.);
#581=EDGE_CURVE('',#785,#786,#945,.T.);
#582=EDGE_CURVE('',#786,#787,#946,.T.);
#583=EDGE_CURVE('',#787,#788,#947,.T.);
#584=EDGE_CURVE('',#788,#784,#948,.T.);
#585=EDGE_CURVE('',#785,#763,#949,.T.);
#586=EDGE_CURVE('',#784,#772,#950,.T.);
#587=EDGE_CURVE('',#788,#773,#951,.T.);
#588=EDGE_CURVE('',#787,#778,#952,.T.);
#589=EDGE_CURVE('',#786,#779,#953,.T.);
#590=EDGE_CURVE('',#789,#739,#954,.T.);
#591=EDGE_CURVE('',#790,#749,#955,.T.);
#592=EDGE_CURVE('',#791,#790,#956,.T.);
#593=EDGE_CURVE('',#792,#791,#957,.T.);
#594=EDGE_CURVE('',#793,#792,#958,.T.);
#595=EDGE_CURVE('',#789,#793,#959,.T.);
#596=EDGE_CURVE('',#789,#762,#960,.T.);
#597=EDGE_CURVE('',#793,#776,#961,.T.);
#598=EDGE_CURVE('',#792,#777,#962,.T.);
#599=EDGE_CURVE('',#791,#770,#963,.T.);
#600=EDGE_CURVE('',#790,#771,#964,.T.);
#601=EDGE_CURVE('',#794,#795,#965,.T.);
#602=EDGE_CURVE('',#795,#796,#966,.T.);
#603=EDGE_CURVE('',#797,#796,#967,.T.);
#604=EDGE_CURVE('',#797,#798,#968,.T.);
#605=EDGE_CURVE('',#799,#798,#969,.T.);
#606=EDGE_CURVE('',#800,#799,#970,.T.);
#607=EDGE_CURVE('',#801,#800,#971,.T.);
#608=EDGE_CURVE('',#802,#801,#972,.T.);
#609=EDGE_CURVE('',#803,#802,#973,.T.);
#610=EDGE_CURVE('',#804,#803,#974,.T.);
#611=EDGE_CURVE('',#805,#804,#975,.T.);
#612=EDGE_CURVE('',#794,#805,#976,.T.);
#613=EDGE_CURVE('',#806,#807,#14,.F.);
#614=EDGE_CURVE('',#807,#808,#977,.F.);
#615=EDGE_CURVE('',#808,#809,#15,.F.);
#616=EDGE_CURVE('',#806,#809,#16,.F.);
#617=EDGE_CURVE('',#810,#811,#17,.T.);
#618=EDGE_CURVE('',#810,#812,#18,.T.);
#619=EDGE_CURVE('',#813,#812,#19,.F.);
#620=EDGE_CURVE('',#813,#811,#20,.T.);
#621=EDGE_CURVE('',#814,#815,#978,.T.);
#622=EDGE_CURVE('',#815,#816,#979,.T.);
#623=EDGE_CURVE('',#817,#816,#980,.T.);
#624=EDGE_CURVE('',#817,#814,#981,.T.);
#625=EDGE_CURVE('',#818,#804,#982,.T.);
#626=EDGE_CURVE('',#819,#818,#983,.T.);
#627=EDGE_CURVE('',#805,#819,#984,.T.);
#628=EDGE_CURVE('',#820,#821,#985,.T.);
#629=EDGE_CURVE('',#821,#822,#986,.T.);
#630=EDGE_CURVE('',#823,#822,#987,.T.);
#631=EDGE_CURVE('',#817,#823,#988,.T.);
#632=EDGE_CURVE('',#816,#824,#989,.T.);
#633=EDGE_CURVE('',#824,#825,#990,.T.);
#634=EDGE_CURVE('',#825,#826,#991,.T.);
#635=EDGE_CURVE('',#826,#827,#992,.T.);
#636=EDGE_CURVE('',#827,#828,#993,.T.);
#637=EDGE_CURVE('',#828,#829,#994,.T.);
#638=EDGE_CURVE('',#820,#829,#995,.T.);
#639=EDGE_CURVE('',#830,#831,#996,.T.);
#640=EDGE_CURVE('',#831,#832,#997,.T.);
#641=EDGE_CURVE('',#832,#833,#998,.F.);
#642=EDGE_CURVE('',#833,#830,#999,.F.);
#643=EDGE_CURVE('',#834,#835,#1000,.T.);
#644=EDGE_CURVE('',#835,#836,#1001,.T.);
#645=EDGE_CURVE('',#837,#836,#1002,.T.);
#646=EDGE_CURVE('',#834,#837,#1003,.T.);
#647=EDGE_CURVE('',#838,#839,#57,.F.);
#648=EDGE_CURVE('',#839,#840,#1004,.T.);
#649=EDGE_CURVE('',#840,#841,#58,.F.);
#650=EDGE_CURVE('',#838,#841,#1005,.T.);
#651=EDGE_CURVE('',#842,#843,#1006,.T.);
#652=EDGE_CURVE('',#843,#844,#1007,.T.);
#653=EDGE_CURVE('',#845,#844,#1008,.T.);
#654=EDGE_CURVE('',#842,#845,#1009,.T.);
#655=EDGE_CURVE('',#846,#847,#1010,.T.);
#656=EDGE_CURVE('',#848,#847,#1011,.T.);
#657=EDGE_CURVE('',#848,#849,#1012,.T.);
#658=EDGE_CURVE('',#850,#849,#1013,.T.);
#659=EDGE_CURVE('',#851,#850,#1014,.T.);
#660=EDGE_CURVE('',#852,#851,#1015,.T.);
#661=EDGE_CURVE('',#853,#852,#1016,.T.);
#662=EDGE_CURVE('',#854,#853,#1017,.T.);
#663=EDGE_CURVE('',#815,#854,#1018,.T.);
#664=EDGE_CURVE('',#819,#814,#1019,.T.);
#665=EDGE_CURVE('',#818,#855,#1020,.T.);
#666=EDGE_CURVE('',#855,#856,#1021,.T.);
#667=EDGE_CURVE('',#856,#857,#1022,.T.);
#668=EDGE_CURVE('',#857,#858,#1023,.T.);
#669=EDGE_CURVE('',#858,#859,#1024,.T.);
#670=EDGE_CURVE('',#859,#860,#1025,.T.);
#671=EDGE_CURVE('',#861,#860,#1026,.T.);
#672=EDGE_CURVE('',#861,#846,#1027,.T.);
#673=EDGE_CURVE('',#862,#863,#1028,.T.);
#674=EDGE_CURVE('',#863,#864,#59,.T.);
#675=EDGE_CURVE('',#865,#864,#1029,.T.);
#676=EDGE_CURVE('',#865,#862,#60,.T.);
#677=EDGE_CURVE('',#852,#826,#1030,.T.);
#678=EDGE_CURVE('',#851,#827,#1031,.T.);
#679=EDGE_CURVE('',#857,#801,#1032,.T.);
#680=EDGE_CURVE('',#858,#800,#1033,.T.);
#681=EDGE_CURVE('',#809,#866,#21,.T.);
#682=EDGE_CURVE('',#866,#813,#22,.T.);
#683=EDGE_CURVE('',#812,#867,#23,.T.);
#684=EDGE_CURVE('',#867,#806,#24,.T.);
#685=EDGE_CURVE('',#868,#868,#25,.T.);
#686=EDGE_CURVE('',#869,#869,#26,.T.);
#687=EDGE_CURVE('',#870,#870,#27,.T.);
#688=EDGE_CURVE('',#871,#871,#28,.T.);
#689=EDGE_CURVE('',#872,#872,#29,.T.);
#690=EDGE_CURVE('',#873,#874,#1034,.T.);
#691=EDGE_CURVE('',#874,#866,#30,.T.);
#692=EDGE_CURVE('',#808,#795,#61,.T.);
#693=EDGE_CURVE('',#875,#794,#1035,.T.);
#694=EDGE_CURVE('',#875,#876,#1036,.T.);
#695=EDGE_CURVE('',#876,#873,#62,.T.);
#696=EDGE_CURVE('',#877,#878,#1037,.T.);
#697=EDGE_CURVE('',#878,#810,#1038,.F.);
#698=EDGE_CURVE('',#811,#877,#1039,.F.);
#699=EDGE_CURVE('',#867,#879,#31,.T.);
#700=EDGE_CURVE('',#879,#880,#1040,.T.);
#701=EDGE_CURVE('',#880,#881,#63,.F.);
#702=EDGE_CURVE('',#881,#882,#1041,.F.);
#703=EDGE_CURVE('',#823,#882,#1042,.T.);
#704=EDGE_CURVE('',#822,#807,#64,.F.);
#705=EDGE_CURVE('',#883,#846,#1043,.T.);
#706=EDGE_CURVE('',#883,#884,#1044,.T.);
#707=EDGE_CURVE('',#884,#847,#1045,.T.);
#708=EDGE_CURVE('',#884,#821,#65,.T.);
#709=EDGE_CURVE('',#848,#820,#1046,.T.);
#710=EDGE_CURVE('',#796,#883,#66,.F.);
#711=EDGE_CURVE('',#861,#797,#1047,.T.);
#712=EDGE_CURVE('',#882,#831,#67,.T.);
#713=EDGE_CURVE('',#830,#875,#68,.T.);
#714=EDGE_CURVE('',#850,#828,#1048,.T.);
#715=EDGE_CURVE('',#849,#829,#1049,.T.);
#716=EDGE_CURVE('',#859,#799,#1050,.T.);
#717=EDGE_CURVE('',#860,#798,#1051,.T.);
#718=EDGE_CURVE('',#835,#843,#1052,.T.);
#719=EDGE_CURVE('',#836,#842,#1053,.T.);
#720=EDGE_CURVE('',#837,#845,#1054,.T.);
#721=EDGE_CURVE('',#834,#844,#1055,.T.);
#722=EDGE_CURVE('',#839,#863,#1056,.T.);
#723=EDGE_CURVE('',#840,#862,#1057,.T.);
#724=EDGE_CURVE('',#841,#865,#1058,.T.);
#725=EDGE_CURVE('',#838,#864,#1059,.T.);
#726=EDGE_CURVE('',#853,#825,#1060,.T.);
#727=EDGE_CURVE('',#854,#824,#1061,.T.);
#728=EDGE_CURVE('',#855,#803,#1062,.T.);
#729=EDGE_CURVE('',#856,#802,#1063,.T.);
#730=EDGE_CURVE('',#832,#878,#69,.T.);
#731=EDGE_CURVE('',#877,#833,#70,.F.);
#732=EDGE_CURVE('',#832,#881,#71,.T.);
#733=EDGE_CURVE('',#878,#880,#72,.T.);
#734=EDGE_CURVE('',#810,#879,#32,.F.);
#735=EDGE_CURVE('',#876,#833,#73,.T.);
#736=EDGE_CURVE('',#873,#877,#74,.T.);
#737=EDGE_CURVE('',#874,#811,#33,.F.);
#738=VERTEX_POINT('',#2079);
#739=VERTEX_POINT('',#2080);
#740=VERTEX_POINT('',#2082);
#741=VERTEX_POINT('',#2084);
#742=VERTEX_POINT('',#2086);
#743=VERTEX_POINT('',#2088);
#744=VERTEX_POINT('',#2090);
#745=VERTEX_POINT('',#2092);
#746=VERTEX_POINT('',#2094);
#747=VERTEX_POINT('',#2096);
#748=VERTEX_POINT('',#2098);
#749=VERTEX_POINT('',#2100);
#750=VERTEX_POINT('',#2104);
#751=VERTEX_POINT('',#2106);
#752=VERTEX_POINT('',#2108);
#753=VERTEX_POINT('',#2110);
#754=VERTEX_POINT('',#2114);
#755=VERTEX_POINT('',#2115);
#756=VERTEX_POINT('',#2117);
#757=VERTEX_POINT('',#2119);
#758=VERTEX_POINT('',#2123);
#759=VERTEX_POINT('',#2124);
#760=VERTEX_POINT('',#2126);
#761=VERTEX_POINT('',#2129);
#762=VERTEX_POINT('',#2133);
#763=VERTEX_POINT('',#2137);
#764=VERTEX_POINT('',#2141);
#765=VERTEX_POINT('',#2142);
#766=VERTEX_POINT('',#2144);
#767=VERTEX_POINT('',#2146);
#768=VERTEX_POINT('',#2149);
#769=VERTEX_POINT('',#2150);
#770=VERTEX_POINT('',#2152);
#771=VERTEX_POINT('',#2154);
#772=VERTEX_POINT('',#2157);
#773=VERTEX_POINT('',#2159);
#774=VERTEX_POINT('',#2164);
#775=VERTEX_POINT('',#2165);
#776=VERTEX_POINT('',#2171);
#777=VERTEX_POINT('',#2173);
#778=VERTEX_POINT('',#2177);
#779=VERTEX_POINT('',#2179);
#780=VERTEX_POINT('',#2182);
#781=VERTEX_POINT('',#2183);
#782=VERTEX_POINT('',#2185);
#783=VERTEX_POINT('',#2187);
#784=VERTEX_POINT('',#2203);
#785=VERTEX_POINT('',#2205);
#786=VERTEX_POINT('',#2207);
#787=VERTEX_POINT('',#2209);
#788=VERTEX_POINT('',#2211);
#789=VERTEX_POINT('',#2226);
#790=VERTEX_POINT('',#2228);
#791=VERTEX_POINT('',#2230);
#792=VERTEX_POINT('',#2232);
#793=VERTEX_POINT('',#2234);
#794=VERTEX_POINT('',#2250);
#795=VERTEX_POINT('',#2251);
#796=VERTEX_POINT('',#2253);
#797=VERTEX_POINT('',#2255);
#798=VERTEX_POINT('',#2257);
#799=VERTEX_POINT('',#2259);
#800=VERTEX_POINT('',#2261);
#801=VERTEX_POINT('',#2263);
#802=VERTEX_POINT('',#2265);
#803=VERTEX_POINT('',#2267);
#804=VERTEX_POINT('',#2269);
#805=VERTEX_POINT('',#2271);
#806=VERTEX_POINT('',#2297);
#807=VERTEX_POINT('',#2298);
#808=VERTEX_POINT('',#2300);
#809=VERTEX_POINT('',#2311);
#810=VERTEX_POINT('',#2338);
#811=VERTEX_POINT('',#2339);
#812=VERTEX_POINT('',#2349);
#813=VERTEX_POINT('',#2354);
#814=VERTEX_POINT('',#2366);
#815=VERTEX_POINT('',#2367);
#816=VERTEX_POINT('',#2369);
#817=VERTEX_POINT('',#2371);
#818=VERTEX_POINT('',#2375);
#819=VERTEX_POINT('',#2377);
#820=VERTEX_POINT('',#2381);
#821=VERTEX_POINT('',#2382);
#822=VERTEX_POINT('',#2384);
#823=VERTEX_POINT('',#2386);
#824=VERTEX_POINT('',#2389);
#825=VERTEX_POINT('',#2391);
#826=VERTEX_POINT('',#2393);
#827=VERTEX_POINT('',#2395);
#828=VERTEX_POINT('',#2397);
#829=VERTEX_POINT('',#2399);
#830=VERTEX_POINT('',#2403);
#831=VERTEX_POINT('',#2404);
#832=VERTEX_POINT('',#2406);
#833=VERTEX_POINT('',#2408);
#834=VERTEX_POINT('',#2411);
#835=VERTEX_POINT('',#2412);
#836=VERTEX_POINT('',#2414);
#837=VERTEX_POINT('',#2416);
#838=VERTEX_POINT('',#2419);
#839=VERTEX_POINT('',#2420);
#840=VERTEX_POINT('',#2422);
#841=VERTEX_POINT('',#2424);
#842=VERTEX_POINT('',#2428);
#843=VERTEX_POINT('',#2429);
#844=VERTEX_POINT('',#2431);
#845=VERTEX_POINT('',#2433);
#846=VERTEX_POINT('',#2436);
#847=VERTEX_POINT('',#2437);
#848=VERTEX_POINT('',#2439);
#849=VERTEX_POINT('',#2441);
#850=VERTEX_POINT('',#2443);
#851=VERTEX_POINT('',#2445);
#852=VERTEX_POINT('',#2447);
#853=VERTEX_POINT('',#2449);
#854=VERTEX_POINT('',#2451);
#855=VERTEX_POINT('',#2455);
#856=VERTEX_POINT('',#2457);
#857=VERTEX_POINT('',#2459);
#858=VERTEX_POINT('',#2461);
#859=VERTEX_POINT('',#2463);
#860=VERTEX_POINT('',#2465);
#861=VERTEX_POINT('',#2467);
#862=VERTEX_POINT('',#2470);
#863=VERTEX_POINT('',#2471);
#864=VERTEX_POINT('',#2473);
#865=VERTEX_POINT('',#2475);
#866=VERTEX_POINT('',#3899);
#867=VERTEX_POINT('',#3918);
#868=VERTEX_POINT('',#4863);
#869=VERTEX_POINT('',#5038);
#870=VERTEX_POINT('',#5097);
#871=VERTEX_POINT('',#5787);
#872=VERTEX_POINT('',#7849);
#873=VERTEX_POINT('',#7852);
#874=VERTEX_POINT('',#7853);
#875=VERTEX_POINT('',#7870);
#876=VERTEX_POINT('',#7872);
#877=VERTEX_POINT('',#7876);
#878=VERTEX_POINT('',#7877);
#879=VERTEX_POINT('',#7888);
#880=VERTEX_POINT('',#7890);
#881=VERTEX_POINT('',#7892);
#882=VERTEX_POINT('',#7894);
#883=VERTEX_POINT('',#7899);
#884=VERTEX_POINT('',#7901);
#885=LINE('',#2078,#1064);
#886=LINE('',#2081,#1065);
#887=LINE('',#2083,#1066);
#888=LINE('',#2085,#1067);
#889=LINE('',#2087,#1068);
#890=LINE('',#2089,#1069);
#891=LINE('',#2091,#1070);
#892=LINE('',#2093,#1071);
#893=LINE('',#2095,#1072);
#894=LINE('',#2097,#1073);
#895=LINE('',#2099,#1074);
#896=LINE('',#2101,#1075);
#897=LINE('',#2103,#1076);
#898=LINE('',#2105,#1077);
#899=LINE('',#2107,#1078);
#900=LINE('',#2109,#1079);
#901=LINE('',#2111,#1080);
#902=LINE('',#2113,#1081);
#903=LINE('',#2116,#1082);
#904=LINE('',#2118,#1083);
#905=LINE('',#2120,#1084);
#906=LINE('',#2122,#1085);
#907=LINE('',#2125,#1086);
#908=LINE('',#2127,#1087);
#909=LINE('',#2128,#1088);
#910=LINE('',#2130,#1089);
#911=LINE('',#2132,#1090);
#912=LINE('',#2134,#1091);
#913=LINE('',#2136,#1092);
#914=LINE('',#2138,#1093);
#915=LINE('',#2143,#1094);
#916=LINE('',#2147,#1095);
#917=LINE('',#2148,#1096);
#918=LINE('',#2151,#1097);
#919=LINE('',#2153,#1098);
#920=LINE('',#2155,#1099);
#921=LINE('',#2156,#1100);
#922=LINE('',#2158,#1101);
#923=LINE('',#2160,#1102);
#924=LINE('',#2161,#1103);
#925=LINE('',#2163,#1104);
#926=LINE('',#2166,#1105);
#927=LINE('',#2167,#1106);
#928=LINE('',#2169,#1107);
#929=LINE('',#2170,#1108);
#930=LINE('',#2172,#1109);
#931=LINE('',#2174,#1110);
#932=LINE('',#2175,#1111);
#933=LINE('',#2176,#1112);
#934=LINE('',#2178,#1113);
#935=LINE('',#2180,#1114);
#936=LINE('',#2184,#1115);
#937=LINE('',#2188,#1116);
#938=LINE('',#2190,#1117);
#939=LINE('',#2194,#1118);
#940=LINE('',#2195,#1119);
#941=LINE('',#2197,#1120);
#942=LINE('',#2199,#1121);
#943=LINE('',#2202,#1122);
#944=LINE('',#2204,#1123);
#945=LINE('',#2206,#1124);
#946=LINE('',#2208,#1125);
#947=LINE('',#2210,#1126);
#948=LINE('',#2212,#1127);
#949=LINE('',#2214,#1128);
#950=LINE('',#2216,#1129);
#951=LINE('',#2218,#1130);
#952=LINE('',#2220,#1131);
#953=LINE('',#2222,#1132);
#954=LINE('',#2225,#1133);
#955=LINE('',#2227,#1134);
#956=LINE('',#2229,#1135);
#957=LINE('',#2231,#1136);
#958=LINE('',#2233,#1137);
#959=LINE('',#2235,#1138);
#960=LINE('',#2237,#1139);
#961=LINE('',#2239,#1140);
#962=LINE('',#2241,#1141);
#963=LINE('',#2242,#1142);
#964=LINE('',#2244,#1143);
#965=LINE('',#2249,#1144);
#966=LINE('',#2252,#1145);
#967=LINE('',#2254,#1146);
#968=LINE('',#2256,#1147);
#969=LINE('',#2258,#1148);
#970=LINE('',#2260,#1149);
#971=LINE('',#2262,#1150);
#972=LINE('',#2264,#1151);
#973=LINE('',#2266,#1152);
#974=LINE('',#2268,#1153);
#975=LINE('',#2270,#1154);
#976=LINE('',#2272,#1155);
#977=LINE('',#2299,#1156);
#978=LINE('',#2365,#1157);
#979=LINE('',#2368,#1158);
#980=LINE('',#2370,#1159);
#981=LINE('',#2372,#1160);
#982=LINE('',#2374,#1161);
#983=LINE('',#2376,#1162);
#984=LINE('',#2378,#1163);
#985=LINE('',#2380,#1164);
#986=LINE('',#2383,#1165);
#987=LINE('',#2385,#1166);
#988=LINE('',#2387,#1167);
#989=LINE('',#2388,#1168);
#990=LINE('',#2390,#1169);
#991=LINE('',#2392,#1170);
#992=LINE('',#2394,#1171);
#993=LINE('',#2396,#1172);
#994=LINE('',#2398,#1173);
#995=LINE('',#2400,#1174);
#996=LINE('',#2402,#1175);
#997=LINE('',#2405,#1176);
#998=LINE('',#2407,#1177);
#999=LINE('',#2409,#1178);
#1000=LINE('',#2410,#1179);
#1001=LINE('',#2413,#1180);
#1002=LINE('',#2415,#1181);
#1003=LINE('',#2417,#1182);
#1004=LINE('',#2421,#1183);
#1005=LINE('',#2425,#1184);
#1006=LINE('',#2427,#1185);
#1007=LINE('',#2430,#1186);
#1008=LINE('',#2432,#1187);
#1009=LINE('',#2434,#1188);
#1010=LINE('',#2435,#1189);
#1011=LINE('',#2438,#1190);
#1012=LINE('',#2440,#1191);
#1013=LINE('',#2442,#1192);
#1014=LINE('',#2444,#1193);
#1015=LINE('',#2446,#1194);
#1016=LINE('',#2448,#1195);
#1017=LINE('',#2450,#1196);
#1018=LINE('',#2452,#1197);
#1019=LINE('',#2453,#1198);
#1020=LINE('',#2454,#1199);
#1021=LINE('',#2456,#1200);
#1022=LINE('',#2458,#1201);
#1023=LINE('',#2460,#1202);
#1024=LINE('',#2462,#1203);
#1025=LINE('',#2464,#1204);
#1026=LINE('',#2466,#1205);
#1027=LINE('',#2468,#1206);
#1028=LINE('',#2469,#1207);
#1029=LINE('',#2474,#1208);
#1030=LINE('',#2478,#1209);
#1031=LINE('',#2479,#1210);
#1032=LINE('',#2481,#1211);
#1033=LINE('',#2482,#1212);
#1034=LINE('',#7851,#1213);
#1035=LINE('',#7869,#1214);
#1036=LINE('',#7871,#1215);
#1037=LINE('',#7875,#1216);
#1038=LINE('',#7878,#1217);
#1039=LINE('',#7879,#1218);
#1040=LINE('',#7889,#1219);
#1041=LINE('',#7893,#1220);
#1042=LINE('',#7895,#1221);
#1043=LINE('',#7898,#1222);
#1044=LINE('',#7900,#1223);
#1045=LINE('',#7902,#1224);
#1046=LINE('',#7905,#1225);
#1047=LINE('',#7908,#1226);
#1048=LINE('',#7913,#1227);
#1049=LINE('',#7915,#1228);
#1050=LINE('',#7918,#1229);
#1051=LINE('',#7920,#1230);
#1052=LINE('',#7923,#1231);
#1053=LINE('',#7924,#1232);
#1054=LINE('',#7926,#1233);
#1055=LINE('',#7928,#1234);
#1056=LINE('',#7931,#1235);
#1057=LINE('',#7932,#1236);
#1058=LINE('',#7934,#1237);
#1059=LINE('',#7936,#1238);
#1060=LINE('',#7939,#1239);
#1061=LINE('',#7940,#1240);
#1062=LINE('',#7944,#1241);
#1063=LINE('',#7946,#1242);
#1064=VECTOR('',#1703,1.);
#1065=VECTOR('',#1704,1.);
#1066=VECTOR('',#1705,1.);
#1067=VECTOR('',#1706,1.);
#1068=VECTOR('',#1707,1.);
#1069=VECTOR('',#1708,1.);
#1070=VECTOR('',#1709,1.);
#1071=VECTOR('',#1710,1.);
#1072=VECTOR('',#1711,1.);
#1073=VECTOR('',#1712,1.);
#1074=VECTOR('',#1713,1.);
#1075=VECTOR('',#1714,1.);
#1076=VECTOR('',#1717,1.);
#1077=VECTOR('',#1718,1.);
#1078=VECTOR('',#1719,1.);
#1079=VECTOR('',#1720,1.);
#1080=VECTOR('',#1721,1.);
#1081=VECTOR('',#1724,1.);
#1082=VECTOR('',#1725,1.);
#1083=VECTOR('',#1726,1.);
#1084=VECTOR('',#1727,1.);
#1085=VECTOR('',#1730,1.);
#1086=VECTOR('',#1731,1.);
#1087=VECTOR('',#1732,1.);
#1088=VECTOR('',#1733,1.);
#1089=VECTOR('',#1734,1.);
#1090=VECTOR('',#1737,1.);
#1091=VECTOR('',#1738,1.);
#1092=VECTOR('',#1741,1.);
#1093=VECTOR('',#1742,1.);
#1094=VECTOR('',#1747,1.);
#1095=VECTOR('',#1750,1.);
#1096=VECTOR('',#1751,1.);
#1097=VECTOR('',#1752,1.);
#1098=VECTOR('',#1753,1.);
#1099=VECTOR('',#1754,1.);
#1100=VECTOR('',#1755,1.);
#1101=VECTOR('',#1756,1.);
#1102=VECTOR('',#1757,1.);
#1103=VECTOR('',#1758,1.);
#1104=VECTOR('',#1761,1.);
#1105=VECTOR('',#1762,1.);
#1106=VECTOR('',#1763,1.);
#1107=VECTOR('',#1766,1.);
#1108=VECTOR('',#1767,1.);
#1109=VECTOR('',#1768,1.);
#1110=VECTOR('',#1769,1.);
#1111=VECTOR('',#1770,1.);
#1112=VECTOR('',#1771,1.);
#1113=VECTOR('',#1772,1.);
#1114=VECTOR('',#1773,1.);
#1115=VECTOR('',#1776,1.);
#1116=VECTOR('',#1779,1.);
#1117=VECTOR('',#1782,1.);
#1118=VECTOR('',#1789,1.);
#1119=VECTOR('',#1790,1.);
#1120=VECTOR('',#1793,1.);
#1121=VECTOR('',#1796,1.);
#1122=VECTOR('',#1801,1.);
#1123=VECTOR('',#1802,1.);
#1124=VECTOR('',#1803,1.);
#1125=VECTOR('',#1804,1.);
#1126=VECTOR('',#1805,1.);
#1127=VECTOR('',#1806,1.);
#1128=VECTOR('',#1809,1.);
#1129=VECTOR('',#1812,1.);
#1130=VECTOR('',#1815,1.);
#1131=VECTOR('',#1818,1.);
#1132=VECTOR('',#1821,1.);
#1133=VECTOR('',#1826,1.);
#1134=VECTOR('',#1827,1.);
#1135=VECTOR('',#1828,1.);
#1136=VECTOR('',#1829,1.);
#1137=VECTOR('',#1830,1.);
#1138=VECTOR('',#1831,1.);
#1139=VECTOR('',#1834,1.);
#1140=VECTOR('',#1837,1.);
#1141=VECTOR('',#1840,1.);
#1142=VECTOR('',#1841,1.);
#1143=VECTOR('',#1844,1.);
#1144=VECTOR('',#1853,1.);
#1145=VECTOR('',#1854,1.);
#1146=VECTOR('',#1855,1.);
#1147=VECTOR('',#1856,1.);
#1148=VECTOR('',#1857,1.);
#1149=VECTOR('',#1858,1.);
#1150=VECTOR('',#1859,1.);
#1151=VECTOR('',#1860,1.);
#1152=VECTOR('',#1861,1.);
#1153=VECTOR('',#1862,1.);
#1154=VECTOR('',#1863,1.);
#1155=VECTOR('',#1864,1.);
#1156=VECTOR('',#1865,1.);
#1157=VECTOR('',#1868,1.);
#1158=VECTOR('',#1869,1.);
#1159=VECTOR('',#1870,1.);
#1160=VECTOR('',#1871,1.);
#1161=VECTOR('',#1874,1.);
#1162=VECTOR('',#1875,1.);
#1163=VECTOR('',#1876,1.);
#1164=VECTOR('',#1879,1.);
#1165=VECTOR('',#1880,1.);
#1166=VECTOR('',#1881,1.);
#1167=VECTOR('',#1882,1.);
#1168=VECTOR('',#1883,1.);
#1169=VECTOR('',#1884,1.);
#1170=VECTOR('',#1885,1.);
#1171=VECTOR('',#1886,1.);
#1172=VECTOR('',#1887,1.);
#1173=VECTOR('',#1888,1.);
#1174=VECTOR('',#1889,1.);
#1175=VECTOR('',#1892,1.);
#1176=VECTOR('',#1893,1.);
#1177=VECTOR('',#1894,1.);
#1178=VECTOR('',#1895,1.);
#1179=VECTOR('',#1896,1.);
#1180=VECTOR('',#1897,1.);
#1181=VECTOR('',#1898,1.);
#1182=VECTOR('',#1899,1.);
#1183=VECTOR('',#1902,1.);
#1184=VECTOR('',#1905,1.);
#1185=VECTOR('',#1908,1.);
#1186=VECTOR('',#1909,1.);
#1187=VECTOR('',#1910,1.);
#1188=VECTOR('',#1911,1.);
#1189=VECTOR('',#1912,1.);
#1190=VECTOR('',#1913,1.);
#1191=VECTOR('',#1914,1.);
#1192=VECTOR('',#1915,1.);
#1193=VECTOR('',#1916,1.);
#1194=VECTOR('',#1917,1.);
#1195=VECTOR('',#1918,1.);
#1196=VECTOR('',#1919,1.);
#1197=VECTOR('',#1920,1.);
#1198=VECTOR('',#1921,1.);
#1199=VECTOR('',#1922,1.);
#1200=VECTOR('',#1923,1.);
#1201=VECTOR('',#1924,1.);
#1202=VECTOR('',#1925,1.);
#1203=VECTOR('',#1926,1.);
#1204=VECTOR('',#1927,1.);
#1205=VECTOR('',#1928,1.);
#1206=VECTOR('',#1929,1.);
#1207=VECTOR('',#1930,1.);
#1208=VECTOR('',#1933,1.);
#1209=VECTOR('',#1938,1.);
#1210=VECTOR('',#1939,1.);
#1211=VECTOR('',#1942,1.);
#1212=VECTOR('',#1943,1.);
#1213=VECTOR('',#1950,1.);
#1214=VECTOR('',#1953,1.);
#1215=VECTOR('',#1954,1.);
#1216=VECTOR('',#1959,1.);
#1217=VECTOR('',#1960,1.);
#1218=VECTOR('',#1961,1.);
#1219=VECTOR('',#1964,1.);
#1220=VECTOR('',#1967,1.);
#1221=VECTOR('',#1968,1.);
#1222=VECTOR('',#1973,1.);
#1223=VECTOR('',#1974,1.);
#1224=VECTOR('',#1975,1.);
#1225=VECTOR('',#1980,1.);
#1226=VECTOR('',#1985,1.);
#1227=VECTOR('',#1994,1.);
#1228=VECTOR('',#1997,1.);
#1229=VECTOR('',#2002,1.);
#1230=VECTOR('',#2005,1.);
#1231=VECTOR('',#2010,1.);
#1232=VECTOR('',#2011,1.);
#1233=VECTOR('',#2014,1.);
#1234=VECTOR('',#2017,1.);
#1235=VECTOR('',#2022,1.);
#1236=VECTOR('',#2023,1.);
#1237=VECTOR('',#2026,1.);
#1238=VECTOR('',#2029,1.);
#1239=VECTOR('',#2034,1.);
#1240=VECTOR('',#2035,1.);
#1241=VECTOR('',#2042,1.);
#1242=VECTOR('',#2045,1.);
#1243=EDGE_LOOP('',(#75,#76,#77,#78,#79,#80,#81,#82,#83,#84,#85,#86));
#1244=EDGE_LOOP('',(#87,#88,#89,#90,#91,#92));
#1245=EDGE_LOOP('',(#93,#94,#95,#96));
#1246=EDGE_LOOP('',(#97,#98,#99,#100,#101,#102));
#1247=EDGE_LOOP('',(#103,#104,#105,#106));
#1248=EDGE_LOOP('',(#107,#108,#109,#110));
#1249=EDGE_LOOP('',(#111,#112,#113,#114));
#1250=EDGE_LOOP('',(#115,#116,#117,#118,#119,#120,#121,#122,#123,#124));
#1251=EDGE_LOOP('',(#125,#126,#127,#128));
#1252=EDGE_LOOP('',(#129,#130,#131,#132,#133,#134,#135,#136,#137,#138,#139,
#140));
#1253=EDGE_LOOP('',(#141,#142,#143,#144));
#1254=EDGE_LOOP('',(#145,#146,#147,#148));
#1255=EDGE_LOOP('',(#149,#150,#151,#152));
#1256=EDGE_LOOP('',(#153,#154,#155,#156));
#1257=EDGE_LOOP('',(#157,#158,#159,#160));
#1258=EDGE_LOOP('',(#161,#162,#163,#164));
#1259=EDGE_LOOP('',(#165,#166,#167,#168));
#1260=EDGE_LOOP('',(#169,#170,#171,#172));
#1261=EDGE_LOOP('',(#173,#174,#175,#176,#177,#178,#179));
#1262=EDGE_LOOP('',(#180,#181,#182,#183));
#1263=EDGE_LOOP('',(#184,#185,#186,#187));
#1264=EDGE_LOOP('',(#188,#189,#190,#191));
#1265=EDGE_LOOP('',(#192,#193,#194,#195,#196,#197));
#1266=EDGE_LOOP('',(#198,#199,#200,#201));
#1267=EDGE_LOOP('',(#202,#203,#204,#205,#206,#207));
#1268=EDGE_LOOP('',(#208,#209,#210,#211,#212,#213,#214));
#1269=EDGE_LOOP('',(#215,#216,#217,#218));
#1270=EDGE_LOOP('',(#219,#220,#221,#222,#223,#224));
#1271=EDGE_LOOP('',(#225,#226,#227,#228,#229,#230));
#1272=EDGE_LOOP('',(#231,#232,#233,#234));
#1273=EDGE_LOOP('',(#235,#236,#237,#238));
#1274=EDGE_LOOP('',(#239,#240,#241,#242));
#1275=EDGE_LOOP('',(#243,#244,#245,#246,#247,#248,#249,#250,#251,#252,#253,
#254));
#1276=EDGE_LOOP('',(#255,#256,#257,#258));
#1277=EDGE_LOOP('',(#259,#260,#261,#262));
#1278=EDGE_LOOP('',(#263,#264,#265,#266));
#1279=EDGE_LOOP('',(#267,#268,#269,#270));
#1280=EDGE_LOOP('',(#271,#272,#273,#274,#275,#276,#277,#278,#279,#280,#281,
#282));
#1281=EDGE_LOOP('',(#283,#284,#285,#286));
#1282=EDGE_LOOP('',(#287,#288,#289,#290));
#1283=EDGE_LOOP('',(#291,#292,#293,#294));
#1284=EDGE_LOOP('',(#295,#296,#297,#298));
#1285=EDGE_LOOP('',(#299,#300,#301,#302,#303,#304,#305,#306,#307,#308,#309,
#310,#311,#312,#313,#314,#315,#316,#317,#318));
#1286=EDGE_LOOP('',(#319,#320,#321,#322));
#1287=EDGE_LOOP('',(#323,#324,#325,#326));
#1288=EDGE_LOOP('',(#327,#328,#329,#330));
#1289=EDGE_LOOP('',(#331,#332,#333,#334,#335,#336));
#1290=EDGE_LOOP('',(#337));
#1291=EDGE_LOOP('',(#338));
#1292=EDGE_LOOP('',(#339));
#1293=EDGE_LOOP('',(#340));
#1294=EDGE_LOOP('',(#341));
#1295=EDGE_LOOP('',(#342));
#1296=EDGE_LOOP('',(#343));
#1297=EDGE_LOOP('',(#344));
#1298=EDGE_LOOP('',(#345));
#1299=EDGE_LOOP('',(#346,#347,#348,#349,#350,#351,#352,#353,#354));
#1300=EDGE_LOOP('',(#355));
#1301=EDGE_LOOP('',(#356,#357,#358,#359));
#1302=EDGE_LOOP('',(#360,#361,#362,#363,#364,#365,#366,#367,#368));
#1303=EDGE_LOOP('',(#369,#370,#371,#372));
#1304=EDGE_LOOP('',(#373,#374,#375,#376,#377));
#1305=EDGE_LOOP('',(#378,#379,#380,#381,#382));
#1306=EDGE_LOOP('',(#383,#384,#385,#386,#387,#388,#389,#390,#391,#392));
#1307=EDGE_LOOP('',(#393,#394,#395,#396));
#1308=EDGE_LOOP('',(#397,#398,#399,#400));
#1309=EDGE_LOOP('',(#401,#402,#403,#404));
#1310=EDGE_LOOP('',(#405,#406,#407,#408));
#1311=EDGE_LOOP('',(#409,#410,#411,#412));
#1312=EDGE_LOOP('',(#413,#414,#415,#416));
#1313=EDGE_LOOP('',(#417,#418,#419,#420));
#1314=EDGE_LOOP('',(#421,#422,#423,#424));
#1315=EDGE_LOOP('',(#425,#426,#427,#428));
#1316=EDGE_LOOP('',(#429,#430,#431,#432));
#1317=EDGE_LOOP('',(#433,#434,#435,#436));
#1318=EDGE_LOOP('',(#437,#438,#439,#440));
#1319=EDGE_LOOP('',(#441,#442,#443,#444));
#1320=EDGE_LOOP('',(#445,#446,#447,#448));
#1321=EDGE_LOOP('',(#449,#450,#451,#452));
#1322=EDGE_LOOP('',(#453,#454,#455,#456));
#1323=EDGE_LOOP('',(#457,#458,#459,#460));
#1324=EDGE_LOOP('',(#461,#462,#463,#464));
#1325=EDGE_LOOP('',(#465,#466,#467,#468));
#1326=EDGE_LOOP('',(#469,#470,#471,#472));
#1327=EDGE_LOOP('',(#473,#474,#475,#476,#477,#478,#479,#480));
#1328=EDGE_LOOP('',(#481,#482,#483,#484));
#1329=EDGE_LOOP('',(#485,#486,#487,#488));
#1330=EDGE_LOOP('',(#489,#490,#491,#492));
#1331=EDGE_LOOP('',(#493,#494,#495,#496));
#1332=EDGE_LOOP('',(#497,#498,#499,#500));
#1333=EDGE_LOOP('',(#501,#502,#503,#504));
#1334=EDGE_LOOP('',(#505,#506,#507,#508));
#1335=EDGE_LOOP('',(#509,#510,#511,#512));
#1336=EDGE_LOOP('',(#513,#514,#515,#516));
#1337=FACE_BOUND('',#1243,.T.);
#1338=FACE_BOUND('',#1244,.T.);
#1339=FACE_BOUND('',#1245,.T.);
#1340=FACE_BOUND('',#1246,.T.);
#1341=FACE_BOUND('',#1247,.T.);
#1342=FACE_BOUND('',#1248,.T.);
#1343=FACE_BOUND('',#1249,.T.);
#1344=FACE_BOUND('',#1250,.T.);
#1345=FACE_BOUND('',#1251,.T.);
#1346=FACE_BOUND('',#1252,.T.);
#1347=FACE_BOUND('',#1253,.T.);
#1348=FACE_BOUND('',#1254,.T.);
#1349=FACE_BOUND('',#1255,.T.);
#1350=FACE_BOUND('',#1256,.T.);
#1351=FACE_BOUND('',#1257,.T.);
#1352=FACE_BOUND('',#1258,.T.);
#1353=FACE_BOUND('',#1259,.T.);
#1354=FACE_BOUND('',#1260,.T.);
#1355=FACE_BOUND('',#1261,.T.);
#1356=FACE_BOUND('',#1262,.T.);
#1357=FACE_BOUND('',#1263,.T.);
#1358=FACE_BOUND('',#1264,.T.);
#1359=FACE_BOUND('',#1265,.T.);
#1360=FACE_BOUND('',#1266,.T.);
#1361=FACE_BOUND('',#1267,.T.);
#1362=FACE_BOUND('',#1268,.T.);
#1363=FACE_BOUND('',#1269,.T.);
#1364=FACE_BOUND('',#1270,.T.);
#1365=FACE_BOUND('',#1271,.T.);
#1366=FACE_BOUND('',#1272,.T.);
#1367=FACE_BOUND('',#1273,.T.);
#1368=FACE_BOUND('',#1274,.T.);
#1369=FACE_BOUND('',#1275,.T.);
#1370=FACE_BOUND('',#1276,.T.);
#1371=FACE_BOUND('',#1277,.T.);
#1372=FACE_BOUND('',#1278,.T.);
#1373=FACE_BOUND('',#1279,.T.);
#1374=FACE_BOUND('',#1280,.T.);
#1375=FACE_BOUND('',#1281,.T.);
#1376=FACE_BOUND('',#1282,.T.);
#1377=FACE_BOUND('',#1283,.T.);
#1378=FACE_BOUND('',#1284,.T.);
#1379=FACE_BOUND('',#1285,.T.);
#1380=FACE_BOUND('',#1286,.T.);
#1381=FACE_BOUND('',#1287,.T.);
#1382=FACE_BOUND('',#1288,.T.);
#1383=FACE_BOUND('',#1289,.T.);
#1384=FACE_BOUND('',#1290,.T.);
#1385=FACE_BOUND('',#1291,.T.);
#1386=FACE_BOUND('',#1292,.T.);
#1387=FACE_BOUND('',#1293,.T.);
#1388=FACE_BOUND('',#1294,.T.);
#1389=FACE_BOUND('',#1295,.T.);
#1390=FACE_BOUND('',#1296,.T.);
#1391=FACE_BOUND('',#1297,.T.);
#1392=FACE_BOUND('',#1298,.T.);
#1393=FACE_BOUND('',#1299,.T.);
#1394=FACE_BOUND('',#1300,.T.);
#1395=FACE_BOUND('',#1301,.T.);
#1396=FACE_BOUND('',#1302,.T.);
#1397=FACE_BOUND('',#1303,.T.);
#1398=FACE_BOUND('',#1304,.T.);
#1399=FACE_BOUND('',#1305,.T.);
#1400=FACE_BOUND('',#1306,.T.);
#1401=FACE_BOUND('',#1307,.T.);
#1402=FACE_BOUND('',#1308,.T.);
#1403=FACE_BOUND('',#1309,.T.);
#1404=FACE_BOUND('',#1310,.T.);
#1405=FACE_BOUND('',#1311,.T.);
#1406=FACE_BOUND('',#1312,.T.);
#1407=FACE_BOUND('',#1313,.T.);
#1408=FACE_BOUND('',#1314,.T.);
#1409=FACE_BOUND('',#1315,.T.);
#1410=FACE_BOUND('',#1316,.T.);
#1411=FACE_BOUND('',#1317,.T.);
#1412=FACE_BOUND('',#1318,.T.);
#1413=FACE_BOUND('',#1319,.T.);
#1414=FACE_BOUND('',#1320,.T.);
#1415=FACE_BOUND('',#1321,.T.);
#1416=FACE_BOUND('',#1322,.T.);
#1417=FACE_BOUND('',#1323,.T.);
#1418=FACE_BOUND('',#1324,.T.);
#1419=FACE_BOUND('',#1325,.T.);
#1420=FACE_BOUND('',#1326,.T.);
#1421=FACE_BOUND('',#1327,.T.);
#1422=FACE_BOUND('',#1328,.T.);
#1423=FACE_BOUND('',#1329,.T.);
#1424=FACE_BOUND('',#1330,.T.);
#1425=FACE_BOUND('',#1331,.T.);
#1426=FACE_BOUND('',#1332,.T.);
#1427=FACE_BOUND('',#1333,.T.);
#1428=FACE_BOUND('',#1334,.T.);
#1429=FACE_BOUND('',#1335,.T.);
#1430=FACE_BOUND('',#1336,.T.);
#1431=PLANE('',#1601);
#1432=PLANE('',#1602);
#1433=PLANE('',#1603);
#1434=PLANE('',#1604);
#1435=PLANE('',#1605);
#1436=PLANE('',#1606);
#1437=PLANE('',#1607);
#1438=PLANE('',#1610);
#1439=PLANE('',#1611);
#1440=PLANE('',#1614);
#1441=PLANE('',#1615);
#1442=PLANE('',#1616);
#1443=PLANE('',#1618);
#1444=PLANE('',#1620);
#1445=PLANE('',#1621);
#1446=PLANE('',#1622);
#1447=PLANE('',#1623);
#1448=PLANE('',#1624);
#1449=PLANE('',#1625);
#1450=PLANE('',#1626);
#1451=PLANE('',#1627);
#1452=PLANE('',#1628);
#1453=PLANE('',#1629);
#1454=PLANE('',#1630);
#1455=PLANE('',#1631);
#1456=PLANE('',#1632);
#1457=PLANE('',#1633);
#1458=PLANE('',#1634);
#1459=PLANE('',#1636);
#1460=PLANE('',#1637);
#1461=PLANE('',#1638);
#1462=PLANE('',#1639);
#1463=PLANE('',#1640);
#1464=PLANE('',#1643);
#1465=PLANE('',#1646);
#1466=PLANE('',#1647);
#1467=PLANE('',#1648);
#1468=PLANE('',#1649);
#1469=PLANE('',#1650);
#1470=PLANE('',#1653);
#1471=PLANE('',#1654);
#1472=PLANE('',#1657);
#1473=PLANE('',#1658);
#1474=PLANE('',#1660);
#1475=PLANE('',#1662);
#1476=PLANE('',#1665);
#1477=PLANE('',#1666);
#1478=PLANE('',#1667);
#1479=PLANE('',#1668);
#1480=PLANE('',#1669);
#1481=PLANE('',#1670);
#1482=PLANE('',#1671);
#1483=PLANE('',#1672);
#1484=PLANE('',#1673);
#1485=PLANE('',#1674);
#1486=PLANE('',#1675);
#1487=PLANE('',#1677);
#1488=PLANE('',#1679);
#1489=PLANE('',#1680);
#1490=PLANE('',#1681);
#1491=PLANE('',#1682);
#1492=PLANE('',#1683);
#1493=PLANE('',#1684);
#1494=ADVANCED_FACE('',(#1337),#1431,.F.);
#1495=ADVANCED_FACE('',(#1338),#1432,.F.);
#1496=ADVANCED_FACE('',(#1339),#1433,.T.);
#1497=ADVANCED_FACE('',(#1340),#1434,.T.);
#1498=ADVANCED_FACE('',(#1341),#1435,.F.);
#1499=ADVANCED_FACE('',(#1342),#1436,.F.);
#1500=ADVANCED_FACE('',(#1343,#1344),#1437,.F.);
#1501=ADVANCED_FACE('',(#1345),#1438,.F.);
#1502=ADVANCED_FACE('',(#1346,#1347),#1439,.T.);
#1503=ADVANCED_FACE('',(#1348),#1440,.F.);
#1504=ADVANCED_FACE('',(#1349),#1441,.T.);
#1505=ADVANCED_FACE('',(#1350),#1442,.T.);
#1506=ADVANCED_FACE('',(#1351),#43,.F.);
#1507=ADVANCED_FACE('',(#1352),#1443,.T.);
#1508=ADVANCED_FACE('',(#1353),#44,.F.);
#1509=ADVANCED_FACE('',(#1354),#1444,.F.);
#1510=ADVANCED_FACE('',(#1355),#1445,.F.);
#1511=ADVANCED_FACE('',(#1356),#1446,.T.);
#1512=ADVANCED_FACE('',(#1357),#1447,.F.);
#1513=ADVANCED_FACE('',(#1358),#1448,.F.);
#1514=ADVANCED_FACE('',(#1359),#1449,.F.);
#1515=ADVANCED_FACE('',(#1360),#1450,.F.);
#1516=ADVANCED_FACE('',(#1361),#1451,.F.);
#1517=ADVANCED_FACE('',(#1362),#1452,.F.);
#1518=ADVANCED_FACE('',(#1363),#1453,.F.);
#1519=ADVANCED_FACE('',(#1364),#1454,.T.);
#1520=ADVANCED_FACE('',(#1365),#1455,.T.);
#1521=ADVANCED_FACE('',(#1366),#1456,.T.);
#1522=ADVANCED_FACE('',(#1367),#1457,.T.);
#1523=ADVANCED_FACE('',(#1368),#1458,.T.);
#1524=ADVANCED_FACE('',(#1369),#1459,.F.);
#1525=ADVANCED_FACE('',(#1370),#34,.F.);
#1526=ADVANCED_FACE('',(#1371),#35,.F.);
#1527=ADVANCED_FACE('',(#1372),#1460,.T.);
#1528=ADVANCED_FACE('',(#1373),#1461,.F.);
#1529=ADVANCED_FACE('',(#1374),#1462,.F.);
#1530=ADVANCED_FACE('',(#1375,#1376,#1377),#1463,.T.);
#1531=ADVANCED_FACE('',(#1378,#1379,#1380),#1464,.F.);
#1532=ADVANCED_FACE('',(#1381),#1465,.T.);
#1533=ADVANCED_FACE('',(#1382),#1466,.F.);
#1534=ADVANCED_FACE('',(#1383,#1384),#36,.T.);
#1535=ADVANCED_FACE('',(#1385,#1386),#37,.F.);
#1536=ADVANCED_FACE('',(#1387,#1388),#1467,.F.);
#1537=ADVANCED_FACE('',(#1389,#1390),#1468,.F.);
#1538=ADVANCED_FACE('',(#1391,#1392),#38,.T.);
#1539=ADVANCED_FACE('',(#1393,#1394),#1469,.T.);
#1540=ADVANCED_FACE('',(#1395),#1470,.T.);
#1541=ADVANCED_FACE('',(#1396),#1471,.F.);
#1542=ADVANCED_FACE('',(#1397),#1472,.F.);
#1543=ADVANCED_FACE('',(#1398),#1473,.T.);
#1544=ADVANCED_FACE('',(#1399),#1474,.F.);
#1545=ADVANCED_FACE('',(#1400),#1475,.T.);
#1546=ADVANCED_FACE('',(#1401),#1476,.T.);
#1547=ADVANCED_FACE('',(#1402),#1477,.F.);
#1548=ADVANCED_FACE('',(#1403),#1478,.T.);
#1549=ADVANCED_FACE('',(#1404),#1479,.F.);
#1550=ADVANCED_FACE('',(#1405),#1480,.F.);
#1551=ADVANCED_FACE('',(#1406),#1481,.T.);
#1552=ADVANCED_FACE('',(#1407),#1482,.T.);
#1553=ADVANCED_FACE('',(#1408),#1483,.F.);
#1554=ADVANCED_FACE('',(#1409),#1484,.F.);
#1555=ADVANCED_FACE('',(#1410),#1485,.T.);
#1556=ADVANCED_FACE('',(#1411),#1486,.T.);
#1557=ADVANCED_FACE('',(#1412),#45,.F.);
#1558=ADVANCED_FACE('',(#1413),#1487,.F.);
#1559=ADVANCED_FACE('',(#1414),#46,.F.);
#1560=ADVANCED_FACE('',(#1415),#1488,.T.);
#1561=ADVANCED_FACE('',(#1416),#1489,.T.);
#1562=ADVANCED_FACE('',(#1417),#1490,.T.);
#1563=ADVANCED_FACE('',(#1418),#1491,.F.);
#1564=ADVANCED_FACE('',(#1419),#1492,.F.);
#1565=ADVANCED_FACE('',(#1420),#1493,.F.);
#1566=ADVANCED_FACE('',(#1421),#47,.T.);
#1567=ADVANCED_FACE('',(#1422),#48,.T.);
#1568=ADVANCED_FACE('',(#1423),#49,.T.);
#1569=ADVANCED_FACE('',(#1424),#12,.T.);
#1570=ADVANCED_FACE('',(#1425),#50,.T.);
#1571=ADVANCED_FACE('',(#1426),#10,.T.);
#1572=ADVANCED_FACE('',(#1427),#51,.T.);
#1573=ADVANCED_FACE('',(#1428),#13,.T.);
#1574=ADVANCED_FACE('',(#1429),#52,.T.);
#1575=ADVANCED_FACE('',(#1430),#11,.T.);
#1576=CLOSED_SHELL('',(#1494,#1495,#1496,#1497,#1498,#1499,#1500,#1501,
#1502,#1503,#1504,#1505,#1506,#1507,#1508,#1509,#1510,#1511,#1512,#1513,
#1514,#1515,#1516,#1517,#1518,#1519,#1520,#1521,#1522,#1523));
#1577=CLOSED_SHELL('',(#1524,#1525,#1526,#1527,#1528,#1529,#1530,#1531,
#1532,#1533,#1534,#1535,#1536,#1537,#1538,#1539,#1540,#1541,#1542,#1543,
#1544,#1545,#1546,#1547,#1548,#1549,#1550,#1551,#1552,#1553,#1554,#1555,
#1556,#1557,#1558,#1559,#1560,#1561,#1562,#1563,#1564,#1565,#1566,#1567,
#1568,#1569,#1570,#1571,#1572,#1573,#1574,#1575));
#1578=STYLED_ITEM('',(#1580),#1594);
#1579=STYLED_ITEM('',(#1581),#1595);
#1580=PRESENTATION_STYLE_ASSIGNMENT((#1582));
#1581=PRESENTATION_STYLE_ASSIGNMENT((#1583));
#1582=SURFACE_STYLE_USAGE(.BOTH.,#1584);
#1583=SURFACE_STYLE_USAGE(.BOTH.,#1585);
#1584=SURFACE_SIDE_STYLE('',(#1586));
#1585=SURFACE_SIDE_STYLE('',(#1587));
#1586=SURFACE_STYLE_FILL_AREA(#1588);
#1587=SURFACE_STYLE_FILL_AREA(#1589);
#1588=FILL_AREA_STYLE('',(#1590));
#1589=FILL_AREA_STYLE('',(#1591));
#1590=FILL_AREA_STYLE_COLOUR('',#1592);
#1591=FILL_AREA_STYLE_COLOUR('',#1593);
#1592=COLOUR_RGB('',0.647058823529412,0.647058823529412,0.647058823529412);
#1593=COLOUR_RGB('',0.615686274509804,0.811764705882353,0.929411764705882);
#1594=MANIFOLD_SOLID_BREP('Part 2',#1576);
#1595=MANIFOLD_SOLID_BREP('Part 1',#1577);
#1596=SHAPE_DEFINITION_REPRESENTATION(#8089,#1598);
#1597=SHAPE_DEFINITION_REPRESENTATION(#8090,#1599);
#1598=SHAPE_REPRESENTATION('Part 2',(#1600),#8079);
#1599=SHAPE_REPRESENTATION('Part 1',(#1635),#8080);
#1600=AXIS2_PLACEMENT_3D('',#2076,#1699,#1700);
#1601=AXIS2_PLACEMENT_3D('',#2077,#1701,#1702);
#1602=AXIS2_PLACEMENT_3D('',#2102,#1715,#1716);
#1603=AXIS2_PLACEMENT_3D('',#2112,#1722,#1723);
#1604=AXIS2_PLACEMENT_3D('',#2121,#1728,#1729);
#1605=AXIS2_PLACEMENT_3D('',#2131,#1735,#1736);
#1606=AXIS2_PLACEMENT_3D('',#2135,#1739,#1740);
#1607=AXIS2_PLACEMENT_3D('',#2139,#1743,#1744);
#1608=AXIS2_PLACEMENT_3D('',#2140,#1745,#1746);
#1609=AXIS2_PLACEMENT_3D('',#2145,#1748,#1749);
#1610=AXIS2_PLACEMENT_3D('',#2162,#1759,#1760);
#1611=AXIS2_PLACEMENT_3D('',#2168,#1764,#1765);
#1612=AXIS2_PLACEMENT_3D('',#2181,#1774,#1775);
#1613=AXIS2_PLACEMENT_3D('',#2186,#1777,#1778);
#1614=AXIS2_PLACEMENT_3D('',#2189,#1780,#1781);
#1615=AXIS2_PLACEMENT_3D('',#2191,#1783,#1784);
#1616=AXIS2_PLACEMENT_3D('',#2192,#1785,#1786);
#1617=AXIS2_PLACEMENT_3D('',#2193,#1787,#1788);
#1618=AXIS2_PLACEMENT_3D('',#2196,#1791,#1792);
#1619=AXIS2_PLACEMENT_3D('',#2198,#1794,#1795);
#1620=AXIS2_PLACEMENT_3D('',#2200,#1797,#1798);
#1621=AXIS2_PLACEMENT_3D('',#2201,#1799,#1800);
#1622=AXIS2_PLACEMENT_3D('',#2213,#1807,#1808);
#1623=AXIS2_PLACEMENT_3D('',#2215,#1810,#1811);
#1624=AXIS2_PLACEMENT_3D('',#2217,#1813,#1814);
#1625=AXIS2_PLACEMENT_3D('',#2219,#1816,#1817);
#1626=AXIS2_PLACEMENT_3D('',#2221,#1819,#1820);
#1627=AXIS2_PLACEMENT_3D('',#2223,#1822,#1823);
#1628=AXIS2_PLACEMENT_3D('',#2224,#1824,#1825);
#1629=AXIS2_PLACEMENT_3D('',#2236,#1832,#1833);
#1630=AXIS2_PLACEMENT_3D('',#2238,#1835,#1836);
#1631=AXIS2_PLACEMENT_3D('',#2240,#1838,#1839);
#1632=AXIS2_PLACEMENT_3D('',#2243,#1842,#1843);
#1633=AXIS2_PLACEMENT_3D('',#2245,#1845,#1846);
#1634=AXIS2_PLACEMENT_3D('',#2246,#1847,#1848);
#1635=AXIS2_PLACEMENT_3D('',#2247,#1849,#1850);
#1636=AXIS2_PLACEMENT_3D('',#2248,#1851,#1852);
#1637=AXIS2_PLACEMENT_3D('',#2364,#1866,#1867);
#1638=AXIS2_PLACEMENT_3D('',#2373,#1872,#1873);
#1639=AXIS2_PLACEMENT_3D('',#2379,#1877,#1878);
#1640=AXIS2_PLACEMENT_3D('',#2401,#1890,#1891);
#1641=AXIS2_PLACEMENT_3D('',#2418,#1900,#1901);
#1642=AXIS2_PLACEMENT_3D('',#2423,#1903,#1904);
#1643=AXIS2_PLACEMENT_3D('',#2426,#1906,#1907);
#1644=AXIS2_PLACEMENT_3D('',#2472,#1931,#1932);
#1645=AXIS2_PLACEMENT_3D('',#2476,#1934,#1935);
#1646=AXIS2_PLACEMENT_3D('',#2477,#1936,#1937);
#1647=AXIS2_PLACEMENT_3D('',#2480,#1940,#1941);
#1648=AXIS2_PLACEMENT_3D('',#5098,#1944,#1945);
#1649=AXIS2_PLACEMENT_3D('',#5099,#1946,#1947);
#1650=AXIS2_PLACEMENT_3D('',#7850,#1948,#1949);
#1651=AXIS2_PLACEMENT_3D('',#7868,#1951,#1952);
#1652=AXIS2_PLACEMENT_3D('',#7873,#1955,#1956);
#1653=AXIS2_PLACEMENT_3D('',#7874,#1957,#1958);
#1654=AXIS2_PLACEMENT_3D('',#7880,#1962,#1963);
#1655=AXIS2_PLACEMENT_3D('',#7891,#1965,#1966);
#1656=AXIS2_PLACEMENT_3D('',#7896,#1969,#1970);
#1657=AXIS2_PLACEMENT_3D('',#7897,#1971,#1972);
#1658=AXIS2_PLACEMENT_3D('',#7903,#1976,#1977);
#1659=AXIS2_PLACEMENT_3D('',#7904,#1978,#1979);
#1660=AXIS2_PLACEMENT_3D('',#7906,#1981,#1982);
#1661=AXIS2_PLACEMENT_3D('',#7907,#1983,#1984);
#1662=AXIS2_PLACEMENT_3D('',#7909,#1986,#1987);
#1663=AXIS2_PLACEMENT_3D('',#7910,#1988,#1989);
#1664=AXIS2_PLACEMENT_3D('',#7911,#1990,#1991);
#1665=AXIS2_PLACEMENT_3D('',#7912,#1992,#1993);
#1666=AXIS2_PLACEMENT_3D('',#7914,#1995,#1996);
#1667=AXIS2_PLACEMENT_3D('',#7916,#1998,#1999);
#1668=AXIS2_PLACEMENT_3D('',#7917,#2000,#2001);
#1669=AXIS2_PLACEMENT_3D('',#7919,#2003,#2004);
#1670=AXIS2_PLACEMENT_3D('',#7921,#2006,#2007);
#1671=AXIS2_PLACEMENT_3D('',#7922,#2008,#2009);
#1672=AXIS2_PLACEMENT_3D('',#7925,#2012,#2013);
#1673=AXIS2_PLACEMENT_3D('',#7927,#2015,#2016);
#1674=AXIS2_PLACEMENT_3D('',#7929,#2018,#2019);
#1675=AXIS2_PLACEMENT_3D('',#7930,#2020,#2021);
#1676=AXIS2_PLACEMENT_3D('',#7933,#2024,#2025);
#1677=AXIS2_PLACEMENT_3D('',#7935,#2027,#2028);
#1678=AXIS2_PLACEMENT_3D('',#7937,#2030,#2031);
#1679=AXIS2_PLACEMENT_3D('',#7938,#2032,#2033);
#1680=AXIS2_PLACEMENT_3D('',#7941,#2036,#2037);
#1681=AXIS2_PLACEMENT_3D('',#7942,#2038,#2039);
#1682=AXIS2_PLACEMENT_3D('',#7943,#2040,#2041);
#1683=AXIS2_PLACEMENT_3D('',#7945,#2043,#2044);
#1684=AXIS2_PLACEMENT_3D('',#7947,#2046,#2047);
#1685=AXIS2_PLACEMENT_3D('',#7948,#2048,#2049);
#1686=AXIS2_PLACEMENT_3D('',#7949,#2050,#2051);
#1687=AXIS2_PLACEMENT_3D('',#7950,#2052,#2053);
#1688=AXIS2_PLACEMENT_3D('',#7951,#2054,#2055);
#1689=AXIS2_PLACEMENT_3D('',#7952,#2056,#2057);
#1690=AXIS2_PLACEMENT_3D('',#7953,#2058,#2059);
#1691=AXIS2_PLACEMENT_3D('',#7954,#2060,#2061);
#1692=AXIS2_PLACEMENT_3D('',#7955,#2062,#2063);
#1693=AXIS2_PLACEMENT_3D('',#7956,#2064,#2065);
#1694=AXIS2_PLACEMENT_3D('',#8001,#2066,#2067);
#1695=AXIS2_PLACEMENT_3D('',#8002,#2068,#2069);
#1696=AXIS2_PLACEMENT_3D('',#8003,#2070,#2071);
#1697=AXIS2_PLACEMENT_3D('',#8004,#2072,#2073);
#1698=AXIS2_PLACEMENT_3D('',#8005,#2074,#2075);
#1699=DIRECTION('',(0.,0.,1.));
#1700=DIRECTION('',(1.,0.,0.));
#1701=DIRECTION('',(0.,0.,-1.));
#1702=DIRECTION('',(-1.,0.,0.));
#1703=DIRECTION('',(-1.,0.,0.));
#1704=DIRECTION('',(0.,-1.,0.));
#1705=DIRECTION('',(-1.,0.,0.));
#1706=DIRECTION('',(0.,-1.,0.));
#1707=DIRECTION('',(-1.,0.,0.));
#1708=DIRECTION('',(0.,-1.,0.));
#1709=DIRECTION('',(-1.,0.,0.));
#1710=DIRECTION('',(0.,-1.,0.));
#1711=DIRECTION('',(-1.,0.,0.));
#1712=DIRECTION('',(0.,-1.,0.));
#1713=DIRECTION('',(-1.,0.,0.));
#1714=DIRECTION('',(0.,-1.,0.));
#1715=DIRECTION('',(0.,-1.,0.));
#1716=DIRECTION('',(-1.,0.,0.));
#1717=DIRECTION('',(0.,0.,1.));
#1718=DIRECTION('',(1.,0.,0.));
#1719=DIRECTION('',(0.,0.,-1.));
#1720=DIRECTION('',(-1.,0.,0.));
#1721=DIRECTION('',(0.,0.,-1.));
#1722=DIRECTION('',(0.,-1.,0.));
#1723=DIRECTION('',(-1.,0.,0.));
#1724=DIRECTION('',(0.,0.,1.));
#1725=DIRECTION('',(1.,0.,0.));
#1726=DIRECTION('',(0.,0.,-1.));
#1727=DIRECTION('',(1.,0.,0.));
#1728=DIRECTION('',(0.,-1.,0.));
#1729=DIRECTION('',(-1.,0.,0.));
#1730=DIRECTION('',(0.,0.,-1.));
#1731=DIRECTION('',(-1.,0.,0.));
#1732=DIRECTION('',(0.,0.,1.));
#1733=DIRECTION('',(0.,0.,-1.));
#1734=DIRECTION('',(-1.,0.,0.));
#1735=DIRECTION('',(1.,0.,0.));
#1736=DIRECTION('',(0.,0.,-1.));
#1737=DIRECTION('',(0.,0.,-1.));
#1738=DIRECTION('',(0.,0.866025403784432,-0.500000000000011));
#1739=DIRECTION('',(1.,0.,0.));
#1740=DIRECTION('',(0.,0.,-1.));
#1741=DIRECTION('',(0.,-0.866025403784432,-0.500000000000011));
#1742=DIRECTION('',(0.,0.,-1.));
#1743=DIRECTION('',(1.,0.,0.));
#1744=DIRECTION('',(0.,0.,-1.));
#1745=DIRECTION('',(-1.,0.,0.));
#1746=DIRECTION('',(0.,-1.,0.));
#1747=DIRECTION('',(0.,-1.,0.));
#1748=DIRECTION('',(-1.,0.,0.));
#1749=DIRECTION('',(0.,-1.,0.));
#1750=DIRECTION('',(0.,-1.,0.));
#1751=DIRECTION('',(0.,0.,1.));
#1752=DIRECTION('',(0.,-0.866025403784437,-0.5));
#1753=DIRECTION('',(0.,-1.,0.));
#1754=DIRECTION('',(0.,0.,-1.));
#1755=DIRECTION('',(0.,0.,-1.));
#1756=DIRECTION('',(0.,1.,0.));
#1757=DIRECTION('',(0.,0.866025403784437,-0.5));
#1758=DIRECTION('',(0.,-1.,-2.4093381610789E-16));
#1759=DIRECTION('',(0.,-1.,0.));
#1760=DIRECTION('',(-1.,0.,0.));
#1761=DIRECTION('',(0.,0.,-1.));
#1762=DIRECTION('',(-1.,0.,0.));
#1763=DIRECTION('',(1.,0.,0.));
#1764=DIRECTION('',(1.,0.,0.));
#1765=DIRECTION('',(0.,-1.,0.));
#1766=DIRECTION('',(0.,-1.,0.));
#1767=DIRECTION('',(0.,0.866025403784432,-0.500000000000011));
#1768=DIRECTION('',(0.,0.,1.));
#1769=DIRECTION('',(0.,-0.866025403784437,-0.5));
#1770=DIRECTION('',(0.,-1.,-2.4093381610789E-16));
#1771=DIRECTION('',(0.,0.866025403784437,-0.5));
#1772=DIRECTION('',(0.,0.,1.));
#1773=DIRECTION('',(0.,-0.866025403784432,-0.500000000000011));
#1774=DIRECTION('',(-1.,0.,0.));
#1775=DIRECTION('',(0.,-1.,0.));
#1776=DIRECTION('',(0.,-1.,0.));
#1777=DIRECTION('',(-1.,0.,0.));
#1778=DIRECTION('',(0.,-1.,0.));
#1779=DIRECTION('',(0.,-1.,0.));
#1780=DIRECTION('',(1.,0.,0.));
#1781=DIRECTION('',(0.,-1.,0.));
#1782=DIRECTION('',(0.,-1.,0.));
#1783=DIRECTION('',(0.,0.,-1.));
#1784=DIRECTION('',(-1.,0.,0.));
#1785=DIRECTION('',(0.,-2.4093381610789E-16,1.));
#1786=DIRECTION('',(0.,-1.,-2.4093381610789E-16));
#1787=DIRECTION('',(1.,0.,0.));
#1788=DIRECTION('',(0.,-1.,0.));
#1789=DIRECTION('',(1.,0.,0.));
#1790=DIRECTION('',(1.,0.,0.));
#1791=DIRECTION('',(0.,0.,1.));
#1792=DIRECTION('',(0.,-1.,0.));
#1793=DIRECTION('',(1.,0.,0.));
#1794=DIRECTION('',(1.,0.,0.));
#1795=DIRECTION('',(0.,-1.,0.));
#1796=DIRECTION('',(1.,0.,0.));
#1797=DIRECTION('',(0.,0.,1.));
#1798=DIRECTION('',(0.,-1.,0.));
#1799=DIRECTION('',(1.,0.,0.));
#1800=DIRECTION('',(0.,0.,-1.));
#1801=DIRECTION('',(0.,0.,-1.));
#1802=DIRECTION('',(0.,0.,-1.));
#1803=DIRECTION('',(0.,-0.866025403784432,-0.500000000000011));
#1804=DIRECTION('',(0.,0.,1.));
#1805=DIRECTION('',(0.,0.866025403784437,-0.5));
#1806=DIRECTION('',(0.,1.,0.));
#1807=DIRECTION('',(0.,-1.,0.));
#1808=DIRECTION('',(-1.,0.,0.));
#1809=DIRECTION('',(1.,0.,0.));
#1810=DIRECTION('',(0.,-1.,0.));
#1811=DIRECTION('',(-1.,0.,0.));
#1812=DIRECTION('',(1.,0.,0.));
#1813=DIRECTION('',(0.,0.,-1.));
#1814=DIRECTION('',(0.,1.,0.));
#1815=DIRECTION('',(1.,0.,0.));
#1816=DIRECTION('',(0.,-0.5,-0.866025403784437));
#1817=DIRECTION('',(0.,0.866025403784437,-0.5));
#1818=DIRECTION('',(1.,0.,0.));
#1819=DIRECTION('',(0.,1.,0.));
#1820=DIRECTION('',(1.,0.,0.));
#1821=DIRECTION('',(1.,0.,0.));
#1822=DIRECTION('',(0.,-0.500000000000011,0.866025403784432));
#1823=DIRECTION('',(0.,-0.866025403784432,-0.500000000000011));
#1824=DIRECTION('',(1.,0.,0.));
#1825=DIRECTION('',(0.,0.,-1.));
#1826=DIRECTION('',(0.,0.,-1.));
#1827=DIRECTION('',(0.,0.,-1.));
#1828=DIRECTION('',(0.,-1.,0.));
#1829=DIRECTION('',(0.,-0.866025403784437,-0.5));
#1830=DIRECTION('',(0.,0.,1.));
#1831=DIRECTION('',(0.,0.866025403784432,-0.500000000000011));
#1832=DIRECTION('',(0.,-1.,0.));
#1833=DIRECTION('',(-1.,0.,0.));
#1834=DIRECTION('',(1.,0.,0.));
#1835=DIRECTION('',(0.,-0.500000000000011,-0.866025403784432));
#1836=DIRECTION('',(0.,0.866025403784432,-0.500000000000011));
#1837=DIRECTION('',(1.,0.,0.));
#1838=DIRECTION('',(0.,-0.5,0.866025403784437));
#1839=DIRECTION('',(0.,-0.866025403784437,-0.5));
#1840=DIRECTION('',(1.,0.,0.));
#1841=DIRECTION('',(1.,0.,0.));
#1842=DIRECTION('',(0.,0.,1.));
#1843=DIRECTION('',(0.,-1.,0.));
#1844=DIRECTION('',(1.,0.,0.));
#1845=DIRECTION('',(0.,-1.,0.));
#1846=DIRECTION('',(-1.,0.,0.));
#1847=DIRECTION('',(0.,1.,0.));
#1848=DIRECTION('',(1.,0.,0.));
#1849=DIRECTION('',(0.,0.,1.));
#1850=DIRECTION('',(1.,0.,0.));
#1851=DIRECTION('',(-1.,0.,0.));
#1852=DIRECTION('',(0.,1.,0.));
#1853=DIRECTION('',(0.,0.,1.));
#1854=DIRECTION('',(0.,-1.,0.));
#1855=DIRECTION('',(0.,0.,1.));
#1856=DIRECTION('',(0.,1.,0.));
#1857=DIRECTION('',(0.,0.,1.));
#1858=DIRECTION('',(0.,1.,0.));
#1859=DIRECTION('',(0.,0.,1.));
#1860=DIRECTION('',(0.,-0.866025403784439,-0.5));
#1861=DIRECTION('',(0.,0.,1.));
#1862=DIRECTION('',(0.,0.866025403784439,-0.5));
#1863=DIRECTION('',(0.,0.,1.));
#1864=DIRECTION('',(0.,-1.,0.));
#1865=DIRECTION('',(0.,-1.,0.));
#1866=DIRECTION('',(0.,1.,0.));
#1867=DIRECTION('',(1.,0.,0.));
#1868=DIRECTION('',(0.,0.,1.));
#1869=DIRECTION('',(1.,0.,0.));
#1870=DIRECTION('',(0.,0.,1.));
#1871=DIRECTION('',(-1.,0.,0.));
#1872=DIRECTION('',(0.,1.,0.));
#1873=DIRECTION('',(1.,0.,0.));
#1874=DIRECTION('',(1.,0.,0.));
#1875=DIRECTION('',(0.,0.,1.));
#1876=DIRECTION('',(-1.,0.,0.));
#1877=DIRECTION('',(-1.,0.,0.));
#1878=DIRECTION('',(0.,1.,0.));
#1879=DIRECTION('',(0.,0.,1.));
#1880=DIRECTION('',(0.,-1.,0.));
#1881=DIRECTION('',(0.,0.,1.));
#1882=DIRECTION('',(0.,-1.,0.));
#1883=DIRECTION('',(0.,-0.866025403784445,-0.499999999999988));
#1884=DIRECTION('',(0.,9.89793553705245E-15,1.));
#1885=DIRECTION('',(0.,0.866025403784432,-0.500000000000012));
#1886=DIRECTION('',(0.,0.,1.));
#1887=DIRECTION('',(0.,-1.,5.59588218057032E-15));
#1888=DIRECTION('',(0.,1.04083408558608E-14,1.));
#1889=DIRECTION('',(0.,-1.,5.59588218057032E-15));
#1890=DIRECTION('',(-1.,-2.04085114820801E-16,0.));
#1891=DIRECTION('',(-2.04085114820801E-16,1.,0.));
#1892=DIRECTION('',(2.04085114820801E-16,-1.,0.));
#1893=DIRECTION('',(0.,0.,1.));
#1894=DIRECTION('',(2.04085114820801E-16,-1.,0.));
#1895=DIRECTION('',(0.,0.,1.));
#1896=DIRECTION('',(2.04085114820801E-16,-1.,0.));
#1897=DIRECTION('',(0.,0.,-1.));
#1898=DIRECTION('',(2.04085114820801E-16,-1.,0.));
#1899=DIRECTION('',(0.,0.,-1.));
#1900=DIRECTION('',(-1.,-2.04085114820801E-16,0.));
#1901=DIRECTION('',(-2.04085114820801E-16,1.,0.));
#1902=DIRECTION('',(-3.54031239777065E-31,1.73472347597681E-15,-1.));
#1903=DIRECTION('',(-1.,-2.04085114820801E-16,0.));
#1904=DIRECTION('',(-2.04085114820801E-16,1.,0.));
#1905=DIRECTION('',(-3.54031239777065E-31,1.73472347597681E-15,-1.));
#1906=DIRECTION('',(-1.,0.,0.));
#1907=DIRECTION('',(0.,1.,0.));
#1908=DIRECTION('',(0.,0.,1.));
#1909=DIRECTION('',(0.,1.,0.));
#1910=DIRECTION('',(0.,0.,1.));
#1911=DIRECTION('',(0.,1.,0.));
#1912=DIRECTION('',(0.,-1.,0.));
#1913=DIRECTION('',(0.,0.,1.));
#1914=DIRECTION('',(0.,-1.,5.59588218057032E-15));
#1915=DIRECTION('',(0.,1.04083408558608E-14,1.));
#1916=DIRECTION('',(0.,-1.,5.59588218057032E-15));
#1917=DIRECTION('',(0.,0.,1.));
#1918=DIRECTION('',(0.,0.866025403784432,-0.500000000000012));
#1919=DIRECTION('',(0.,9.89793553705246E-15,1.));
#1920=DIRECTION('',(0.,-0.866025403784446,-0.499999999999988));
#1921=DIRECTION('',(0.,-1.,0.));
#1922=DIRECTION('',(0.,0.866025403784439,-0.5));
#1923=DIRECTION('',(0.,0.,1.));
#1924=DIRECTION('',(0.,-0.866025403784439,-0.5));
#1925=DIRECTION('',(0.,0.,1.));
#1926=DIRECTION('',(0.,1.,0.));
#1927=DIRECTION('',(0.,0.,1.));
#1928=DIRECTION('',(0.,1.,0.));
#1929=DIRECTION('',(0.,0.,1.));
#1930=DIRECTION('',(0.,-1.73472347597681E-15,1.));
#1931=DIRECTION('',(-1.,0.,0.));
#1932=DIRECTION('',(0.,-1.,0.));
#1933=DIRECTION('',(0.,-1.73472347597681E-15,1.));
#1934=DIRECTION('',(-1.,0.,0.));
#1935=DIRECTION('',(0.,-1.,0.));
#1936=DIRECTION('',(0.,1.,0.));
#1937=DIRECTION('',(1.,0.,0.));
#1938=DIRECTION('',(1.,0.,0.));
#1939=DIRECTION('',(1.,0.,0.));
#1940=DIRECTION('',(0.,1.,0.));
#1941=DIRECTION('',(1.,0.,0.));
#1942=DIRECTION('',(1.,0.,0.));
#1943=DIRECTION('',(1.,0.,0.));
#1944=DIRECTION('',(0.,1.,0.));
#1945=DIRECTION('',(1.,0.,0.));
#1946=DIRECTION('',(0.,1.,0.));
#1947=DIRECTION('',(1.,0.,0.));
#1948=DIRECTION('',(0.,1.,0.));
#1949=DIRECTION('',(1.,0.,0.));
#1950=DIRECTION('',(1.,0.,0.));
#1951=DIRECTION('',(0.,1.,0.));
#1952=DIRECTION('',(1.,0.,0.));
#1953=DIRECTION('',(1.,0.,0.));
#1954=DIRECTION('',(0.,0.,1.));
#1955=DIRECTION('',(0.,1.,0.));
#1956=DIRECTION('',(1.,0.,0.));
#1957=DIRECTION('',(0.,0.,1.));
#1958=DIRECTION('',(1.,0.,0.));
#1959=DIRECTION('',(2.04085114820801E-16,-1.,0.));
#1960=DIRECTION('',(-1.,-1.38777878078145E-16,0.));
#1961=DIRECTION('',(1.,0.,0.));
#1962=DIRECTION('',(-1.38777878078145E-16,1.,0.));
#1963=DIRECTION('',(1.,1.38777878078145E-16,0.));
#1964=DIRECTION('',(-1.,-1.38777878078145E-16,0.));
#1965=DIRECTION('',(-1.38777878078145E-16,1.,0.));
#1966=DIRECTION('',(1.,1.38777878078145E-16,0.));
#1967=DIRECTION('',(0.,0.,1.));
#1968=DIRECTION('',(-1.,-1.38777878078145E-16,0.));
#1969=DIRECTION('',(-1.38777878078145E-16,1.,0.));
#1970=DIRECTION('',(1.,1.38777878078145E-16,0.));
#1971=DIRECTION('',(0.,0.,1.));
#1972=DIRECTION('',(1.,0.,0.));
#1973=DIRECTION('',(-1.,0.,0.));
#1974=DIRECTION('',(0.,-1.,0.));
#1975=DIRECTION('',(-1.,0.,0.));
#1976=DIRECTION('',(0.,1.,0.));
#1977=DIRECTION('',(1.,0.,0.));
#1978=DIRECTION('',(0.,1.,0.));
#1979=DIRECTION('',(1.,0.,0.));
#1980=DIRECTION('',(1.,0.,0.));
#1981=DIRECTION('',(0.,1.,0.));
#1982=DIRECTION('',(1.,0.,0.));
#1983=DIRECTION('',(0.,1.,0.));
#1984=DIRECTION('',(1.,0.,0.));
#1985=DIRECTION('',(1.,0.,0.));
#1986=DIRECTION('',(0.,0.,-1.));
#1987=DIRECTION('',(-1.,0.,0.));
#1988=DIRECTION('',(0.,0.,-1.));
#1989=DIRECTION('',(0.,1.,0.));
#1990=DIRECTION('',(0.,0.,-1.));
#1991=DIRECTION('',(0.,1.,0.));
#1992=DIRECTION('',(0.,5.59588218057032E-15,1.));
#1993=DIRECTION('',(0.,-1.,5.59588218057032E-15));
#1994=DIRECTION('',(1.,0.,0.));
#1995=DIRECTION('',(0.,5.59588218057032E-15,1.));
#1996=DIRECTION('',(0.,-1.,5.59588218057032E-15));
#1997=DIRECTION('',(1.,0.,0.));
#1998=DIRECTION('',(0.,1.,-1.04083408558608E-14));
#1999=DIRECTION('',(0.,1.04083408558608E-14,1.));
#2000=DIRECTION('',(0.,0.,-1.));
#2001=DIRECTION('',(0.,1.,0.));
#2002=DIRECTION('',(1.,0.,0.));
#2003=DIRECTION('',(0.,1.,0.));
#2004=DIRECTION('',(1.,0.,0.));
#2005=DIRECTION('',(1.,0.,0.));
#2006=DIRECTION('',(0.,0.,-1.));
#2007=DIRECTION('',(0.,1.,0.));
#2008=DIRECTION('',(0.,1.,0.));
#2009=DIRECTION('',(1.,0.,0.));
#2010=DIRECTION('',(1.,0.,0.));
#2011=DIRECTION('',(1.,0.,0.));
#2012=DIRECTION('',(0.,0.,-1.));
#2013=DIRECTION('',(0.,1.,0.));
#2014=DIRECTION('',(1.,0.,0.));
#2015=DIRECTION('',(0.,1.,0.));
#2016=DIRECTION('',(1.,0.,0.));
#2017=DIRECTION('',(1.,0.,0.));
#2018=DIRECTION('',(0.,0.,-1.));
#2019=DIRECTION('',(0.,1.,0.));
#2020=DIRECTION('',(0.,1.,1.73472347597681E-15));
#2021=DIRECTION('',(0.,-1.73472347597681E-15,1.));
#2022=DIRECTION('',(1.,0.,0.));
#2023=DIRECTION('',(1.,0.,0.));
#2024=DIRECTION('',(1.,0.,0.));
#2025=DIRECTION('',(0.,-1.,0.));
#2026=DIRECTION('',(1.,0.,0.));
#2027=DIRECTION('',(0.,1.,1.73472347597681E-15));
#2028=DIRECTION('',(0.,-1.73472347597681E-15,1.));
#2029=DIRECTION('',(1.,0.,0.));
#2030=DIRECTION('',(1.,0.,0.));
#2031=DIRECTION('',(0.,-1.,0.));
#2032=DIRECTION('',(0.,1.,-9.89793553705246E-15));
#2033=DIRECTION('',(0.,9.89793553705246E-15,1.));
#2034=DIRECTION('',(1.,0.,0.));
#2035=DIRECTION('',(1.,0.,0.));
#2036=DIRECTION('',(0.,-0.500000000000012,-0.866025403784432));
#2037=DIRECTION('',(0.,0.866025403784432,-0.500000000000012));
#2038=DIRECTION('',(0.,-0.499999999999988,0.866025403784446));
#2039=DIRECTION('',(0.,-0.866025403784446,-0.499999999999988));
#2040=DIRECTION('',(0.,-0.5,-0.866025403784439));
#2041=DIRECTION('',(0.,0.866025403784439,-0.5));
#2042=DIRECTION('',(1.,0.,0.));
#2043=DIRECTION('',(0.,1.,0.));
#2044=DIRECTION('',(1.,0.,0.));
#2045=DIRECTION('',(1.,0.,0.));
#2046=DIRECTION('',(0.,-0.5,0.866025403784439));
#2047=DIRECTION('',(0.,-0.866025403784439,-0.5));
#2048=DIRECTION('',(0.,-1.,0.));
#2049=DIRECTION('',(-1.,0.,0.));
#2050=DIRECTION('',(2.04085114820801E-16,-1.,0.));
#2051=DIRECTION('',(-1.,-2.04085114820801E-16,0.));
#2052=DIRECTION('',(-1.38777878078145E-16,1.,0.));
#2053=DIRECTION('',(1.,1.38777878078145E-16,0.));
#2054=DIRECTION('',(0.,1.,0.));
#2055=DIRECTION('',(1.,0.,0.));
#2056=DIRECTION('',(0.,0.,-1.));
#2057=DIRECTION('',(0.,1.,0.));
#2058=DIRECTION('',(0.,0.,1.));
#2059=DIRECTION('',(0.,-1.,0.));
#2060=DIRECTION('',(-1.38777878078145E-16,1.,0.));
#2061=DIRECTION('',(1.,1.38777878078145E-16,0.));
#2062=DIRECTION('',(1.,-3.46944695195362E-15,3.46944695195362E-15));
#2063=DIRECTION('',(-3.46944695195362E-15,-1.,0.));
#2064=DIRECTION('',(1.,1.38777878078145E-16,0.));
#2065=DIRECTION('',(1.38777878078145E-16,-1.,0.));
#2066=DIRECTION('',(0.,0.,1.));
#2067=DIRECTION('',(0.,-1.,0.));
#2068=DIRECTION('',(0.,0.,1.));
#2069=DIRECTION('',(0.,-1.,0.));
#2070=DIRECTION('',(0.,1.,0.));
#2071=DIRECTION('',(1.,0.,0.));
#2072=DIRECTION('',(1.,0.,0.));
#2073=DIRECTION('',(0.,-1.,0.));
#2074=DIRECTION('',(1.,0.,0.));
#2075=DIRECTION('',(0.,-1.,0.));
#2076=CARTESIAN_POINT('',(0.,0.,0.));
#2077=CARTESIAN_POINT('',(-0.0086671077860408,0.037,-0.0411863881674698));
#2078=CARTESIAN_POINT('',(-0.0086671077860408,0.0512,-0.0411863881674698));
#2079=CARTESIAN_POINT('',(0.0273328922139592,0.0512,-0.0411863881674698));
#2080=CARTESIAN_POINT('',(-0.0040671077860408,0.0512,-0.0411863881674698));
#2081=CARTESIAN_POINT('',(0.0273328922139592,0.037,-0.0411863881674698));
#2082=CARTESIAN_POINT('',(0.0273328922139592,0.0514,-0.0411863881674698));
#2083=CARTESIAN_POINT('',(-0.0073671077860408,0.0514,-0.0411863881674698));
#2084=CARTESIAN_POINT('',(-0.0435671077860408,0.0514,-0.0411863881674698));
#2085=CARTESIAN_POINT('',(-0.0435671077860408,0.037,-0.0411863881674698));
#2086=CARTESIAN_POINT('',(-0.0435671077860408,0.0226,-0.0411863881674698));
#2087=CARTESIAN_POINT('',(-0.0073671077860408,0.0226,-0.0411863881674698));
#2088=CARTESIAN_POINT('',(0.0273328922139592,0.0226,-0.0411863881674698));
#2089=CARTESIAN_POINT('',(0.0273328922139592,0.037,-0.0411863881674698));
#2090=CARTESIAN_POINT('',(0.0273328922139592,0.0228,-0.0411863881674698));
#2091=CARTESIAN_POINT('',(-0.0086671077860408,0.0228,-0.0411863881674698));
#2092=CARTESIAN_POINT('',(-0.0040671077860408,0.0228,-0.0411863881674698));
#2093=CARTESIAN_POINT('',(-0.0040671077860408,0.037,-0.0411863881674698));
#2094=CARTESIAN_POINT('',(-0.0040671077860408,0.0249237335027883,-0.0411863881674698));
#2095=CARTESIAN_POINT('',(-0.0086671077860408,0.0249237335027883,-0.0411863881674698));
#2096=CARTESIAN_POINT('',(0.0273328922139592,0.0249237335027883,-0.0411863881674698));
#2097=CARTESIAN_POINT('',(0.0273328922139592,0.037,-0.0411863881674698));
#2098=CARTESIAN_POINT('',(0.0273328922139592,0.0490762664972117,-0.0411863881674698));
#2099=CARTESIAN_POINT('',(-0.0086671077860408,0.0490762664972117,-0.0411863881674698));
#2100=CARTESIAN_POINT('',(-0.0040671077860408,0.0490762664972117,-0.0411863881674698));
#2101=CARTESIAN_POINT('',(-0.0040671077860408,0.037,-0.0411863881674698));
#2102=CARTESIAN_POINT('',(-0.0073671077860408,0.0514,-0.0411863881674698));
#2103=CARTESIAN_POINT('',(0.0273328922139592,0.0514,-0.0431863881674698));
#2104=CARTESIAN_POINT('',(0.0273328922139592,0.0514,-0.0380940121243994));
#2105=CARTESIAN_POINT('',(-0.0073671077860408,0.0514,-0.0380940121243994));
#2106=CARTESIAN_POINT('',(0.0288328922139592,0.0514,-0.0380940121243994));
#2107=CARTESIAN_POINT('',(0.0288328922139592,0.0514,-0.0411863881674698));
#2108=CARTESIAN_POINT('',(0.0288328922139592,0.0514,-0.0431863881674698));
#2109=CARTESIAN_POINT('',(-0.0073671077860408,0.0514,-0.0431863881674698));
#2110=CARTESIAN_POINT('',(-0.0435671077860408,0.0514,-0.0431863881674698));
#2111=CARTESIAN_POINT('',(-0.0435671077860408,0.0514,-0.0411863881674698));
#2112=CARTESIAN_POINT('',(-0.0073671077860408,0.0226,-0.0411863881674698));
#2113=CARTESIAN_POINT('',(0.0273328922139592,0.0226,-0.0317226668420663));
#2114=CARTESIAN_POINT('',(0.0273328922139592,0.0226,-0.0362787642105402));
#2115=CARTESIAN_POINT('',(0.0273328922139592,0.0226,-0.0202589455166627));
#2116=CARTESIAN_POINT('',(-0.0073671077860408,0.0226,-0.0362787642105402));
#2117=CARTESIAN_POINT('',(0.0288328922139592,0.0226,-0.0362787642105402));
#2118=CARTESIAN_POINT('',(0.0288328922139592,0.0226,-0.0411863881674698));
#2119=CARTESIAN_POINT('',(0.0288328922139592,0.0226,-0.0202589455166627));
#2120=CARTESIAN_POINT('',(0.0273328922139592,0.0226,-0.0202589455166627));
#2121=CARTESIAN_POINT('',(-0.0073671077860408,0.0226,-0.0411863881674698));
#2122=CARTESIAN_POINT('',(0.0288328922139592,0.0226,-0.0411863881674698));
#2123=CARTESIAN_POINT('',(0.0288328922139592,0.0226,-0.0380940121243994));
#2124=CARTESIAN_POINT('',(0.0288328922139592,0.0226,-0.0431863881674698));
#2125=CARTESIAN_POINT('',(-0.0073671077860408,0.0226,-0.0380940121243994));
#2126=CARTESIAN_POINT('',(0.0273328922139592,0.0226,-0.0380940121243994));
#2127=CARTESIAN_POINT('',(0.0273328922139592,0.0226,-0.0317226668420663));
#2128=CARTESIAN_POINT('',(-0.0435671077860408,0.0226,-0.0411863881674698));
#2129=CARTESIAN_POINT('',(-0.0435671077860408,0.0226,-0.0431863881674698));
#2130=CARTESIAN_POINT('',(-0.0073671077860408,0.0226,-0.0431863881674698));
#2131=CARTESIAN_POINT('',(0.0273328922139592,0.0383,-0.0317226668420663));
#2132=CARTESIAN_POINT('',(0.0273328922139592,0.0512,-0.0317226668420663));
#2133=CARTESIAN_POINT('',(0.0273328922139592,0.0512,-0.0379785420705615));
#2134=CARTESIAN_POINT('',(0.0273328922139592,0.0388161265646087,-0.0308287094090279));
#2135=CARTESIAN_POINT('',(0.0273328922139592,0.0383,-0.0317226668420663));
#2136=CARTESIAN_POINT('',(0.0273328922139592,0.0371338734353912,-0.0297028763841082));
#2137=CARTESIAN_POINT('',(0.0273328922139592,0.0228,-0.0379785420705615));
#2138=CARTESIAN_POINT('',(0.0273328922139592,0.0228,-0.0317226668420663));
#2139=CARTESIAN_POINT('',(0.0273328922139592,0.0383,-0.0317226668420663));
#2140=CARTESIAN_POINT('',(0.0273328922139592,0.0398488404498019,-0.0341745468954997));
#2141=CARTESIAN_POINT('',(0.0273328922139592,0.0398488404498019,-0.0304245468954998));
#2142=CARTESIAN_POINT('',(0.0273328922139592,0.0398488404498019,-0.0379245468954997));
#2143=CARTESIAN_POINT('',(0.0273328922139592,0.0363827461242436,-0.0304245468954998));
#2144=CARTESIAN_POINT('',(0.0273328922139592,0.0329166517986852,-0.0304245468954998));
#2145=CARTESIAN_POINT('',(0.0273328922139592,0.0329166517986852,-0.0341745468954997));
#2146=CARTESIAN_POINT('',(0.0273328922139592,0.0329166517986852,-0.0379245468954997));
#2147=CARTESIAN_POINT('',(0.0273328922139592,0.0363827461242436,-0.0379245468954997));
#2148=CARTESIAN_POINT('',(0.0273328922139592,0.0514,-0.0431863881674698));
#2149=CARTESIAN_POINT('',(0.0273328922139592,0.0514,-0.0362787642105402));
#2150=CARTESIAN_POINT('',(0.0273328922139592,0.0514,-0.0202589455166627));
#2151=CARTESIAN_POINT('',(0.0273328922139592,0.043547848031607,-0.0408122062632097));
#2152=CARTESIAN_POINT('',(0.0273328922139592,0.0512,-0.0363942342643781));
#2153=CARTESIAN_POINT('',(0.0273328922139592,0.0383,-0.0363942342643781));
#2154=CARTESIAN_POINT('',(0.0273328922139592,0.0490762664972117,-0.0363942342643781));
#2155=CARTESIAN_POINT('',(0.0273328922139592,0.0490762664972117,-0.0317226668420663));
#2156=CARTESIAN_POINT('',(0.0273328922139592,0.0249237335027883,-0.0317226668420663));
#2157=CARTESIAN_POINT('',(0.0273328922139592,0.0249237335027883,-0.0363942342643781));
#2158=CARTESIAN_POINT('',(0.0273328922139592,0.0383,-0.0363942342643781));
#2159=CARTESIAN_POINT('',(0.0273328922139592,0.0228,-0.0363942342643781));
#2160=CARTESIAN_POINT('',(0.0273328922139592,0.0324021519683931,-0.0419380392881296));
#2161=CARTESIAN_POINT('',(0.0273328922139592,0.037,-0.0202589455166627));
#2162=CARTESIAN_POINT('',(-0.0073671077860408,0.0514,-0.0411863881674698));
#2163=CARTESIAN_POINT('',(0.0288328922139592,0.0514,-0.0411863881674698));
#2164=CARTESIAN_POINT('',(0.0288328922139592,0.0514,-0.0202589455166627));
#2165=CARTESIAN_POINT('',(0.0288328922139592,0.0514,-0.0362787642105402));
#2166=CARTESIAN_POINT('',(-0.0073671077860408,0.0514,-0.0362787642105402));
#2167=CARTESIAN_POINT('',(0.0273328922139592,0.0514,-0.0202589455166627));
#2168=CARTESIAN_POINT('',(0.0288328922139592,0.037,-0.0411863881674698));
#2169=CARTESIAN_POINT('',(0.0288328922139592,0.037,-0.0431863881674698));
#2170=CARTESIAN_POINT('',(0.0288328922139592,0.05176,-0.0383018582213077));
#2171=CARTESIAN_POINT('',(0.0288328922139592,0.05232,-0.038625174372054));
#2172=CARTESIAN_POINT('',(0.0288328922139592,0.05232,-0.0371863881674698));
#2173=CARTESIAN_POINT('',(0.0288328922139592,0.05232,-0.0357476019628857));
#2174=CARTESIAN_POINT('',(0.0288328922139592,0.05176,-0.0360709181136319));
#2175=CARTESIAN_POINT('',(0.0288328922139592,0.037,-0.0202589455166627));
#2176=CARTESIAN_POINT('',(0.0288328922139592,0.02224,-0.0360709181136319));
#2177=CARTESIAN_POINT('',(0.0288328922139592,0.02168,-0.0357476019628857));
#2178=CARTESIAN_POINT('',(0.0288328922139592,0.02168,-0.0371863881674698));
#2179=CARTESIAN_POINT('',(0.0288328922139592,0.02168,-0.038625174372054));
#2180=CARTESIAN_POINT('',(0.0288328922139592,0.02224,-0.0383018582213077));
#2181=CARTESIAN_POINT('',(0.0288328922139592,0.0398488404498019,-0.0341745468954997));
#2182=CARTESIAN_POINT('',(0.0288328922139592,0.0398488404498019,-0.0304245468954998));
#2183=CARTESIAN_POINT('',(0.0288328922139592,0.0398488404498019,-0.0379245468954997));
#2184=CARTESIAN_POINT('',(0.0288328922139592,0.0363827461242436,-0.0379245468954997));
#2185=CARTESIAN_POINT('',(0.0288328922139592,0.0329166517986852,-0.0379245468954997));
#2186=CARTESIAN_POINT('',(0.0288328922139592,0.0329166517986852,-0.0341745468954997));
#2187=CARTESIAN_POINT('',(0.0288328922139592,0.0329166517986852,-0.0304245468954998));
#2188=CARTESIAN_POINT('',(0.0288328922139592,0.0363827461242436,-0.0304245468954998));
#2189=CARTESIAN_POINT('',(-0.0435671077860408,0.037,-0.0411863881674698));
#2190=CARTESIAN_POINT('',(-0.0435671077860408,0.037,-0.0431863881674698));
#2191=CARTESIAN_POINT('',(-0.0086671077860408,0.037,-0.0431863881674698));
#2192=CARTESIAN_POINT('',(0.0273328922139592,0.037,-0.0202589455166627));
#2193=CARTESIAN_POINT('',(0.0273328922139592,0.0398488404498019,-0.0341745468954997));
#2194=CARTESIAN_POINT('',(0.0273328922139592,0.0398488404498019,-0.0304245468954998));
#2195=CARTESIAN_POINT('',(0.0273328922139592,0.0398488404498019,-0.0379245468954997));
#2196=CARTESIAN_POINT('',(0.0273328922139592,0.0363827461242436,-0.0379245468954997));
#2197=CARTESIAN_POINT('',(0.0273328922139592,0.0329166517986852,-0.0379245468954997));
#2198=CARTESIAN_POINT('',(0.0273328922139592,0.0329166517986852,-0.0341745468954997));
#2199=CARTESIAN_POINT('',(0.0273328922139592,0.0329166517986852,-0.0304245468954998));
#2200=CARTESIAN_POINT('',(0.0273328922139592,0.0363827461242436,-0.0304245468954998));
#2201=CARTESIAN_POINT('',(-0.0040671077860408,0.037,-0.0317226668420663));
#2202=CARTESIAN_POINT('',(-0.0040671077860408,0.0249237335027883,-0.0397903112159239));
#2203=CARTESIAN_POINT('',(-0.0040671077860408,0.0249237335027883,-0.0363942342643781));
#2204=CARTESIAN_POINT('',(-0.0040671077860408,0.0228,-0.0405824651190156));
#2205=CARTESIAN_POINT('',(-0.0040671077860408,0.0228,-0.0379785420705615));
#2206=CARTESIAN_POINT('',(-0.0040671077860408,0.02224,-0.0383018582213077));
#2207=CARTESIAN_POINT('',(-0.0040671077860408,0.02168,-0.038625174372054));
#2208=CARTESIAN_POINT('',(-0.0040671077860408,0.02168,-0.0371863881674698));
#2209=CARTESIAN_POINT('',(-0.0040671077860408,0.02168,-0.0357476019628857));
#2210=CARTESIAN_POINT('',(-0.0040671077860408,0.02224,-0.0360709181136319));
#2211=CARTESIAN_POINT('',(-0.0040671077860408,0.0228,-0.0363942342643781));
#2212=CARTESIAN_POINT('',(-0.0040671077860408,0.0238618667513942,-0.0363942342643781));
#2213=CARTESIAN_POINT('',(-0.0040671077860408,0.0228,-0.0405824651190156));
#2214=CARTESIAN_POINT('',(-0.0040671077860408,0.0228,-0.0379785420705615));
#2215=CARTESIAN_POINT('',(-0.0040671077860408,0.0249237335027883,-0.0397903112159239));
#2216=CARTESIAN_POINT('',(-0.0040671077860408,0.0249237335027883,-0.0363942342643781));
#2217=CARTESIAN_POINT('',(-0.0040671077860408,0.0238618667513942,-0.0363942342643781));
#2218=CARTESIAN_POINT('',(-0.0040671077860408,0.0228,-0.0363942342643781));
#2219=CARTESIAN_POINT('',(-0.0040671077860408,0.02224,-0.0360709181136319));
#2220=CARTESIAN_POINT('',(-0.0040671077860408,0.02168,-0.0357476019628857));
#2221=CARTESIAN_POINT('',(-0.0040671077860408,0.02168,-0.0371863881674698));
#2222=CARTESIAN_POINT('',(-0.0040671077860408,0.02168,-0.038625174372054));
#2223=CARTESIAN_POINT('',(-0.0040671077860408,0.02224,-0.0383018582213077));
#2224=CARTESIAN_POINT('',(-0.0040671077860408,0.037,-0.0317226668420663));
#2225=CARTESIAN_POINT('',(-0.0040671077860408,0.0512,-0.0405824651190156));
#2226=CARTESIAN_POINT('',(-0.0040671077860408,0.0512,-0.0379785420705615));
#2227=CARTESIAN_POINT('',(-0.0040671077860408,0.0490762664972117,-0.0397903112159239));
#2228=CARTESIAN_POINT('',(-0.0040671077860408,0.0490762664972117,-0.0363942342643781));
#2229=CARTESIAN_POINT('',(-0.0040671077860408,0.0501381332486059,-0.0363942342643781));
#2230=CARTESIAN_POINT('',(-0.0040671077860408,0.0512,-0.0363942342643781));
#2231=CARTESIAN_POINT('',(-0.0040671077860408,0.05176,-0.0360709181136319));
#2232=CARTESIAN_POINT('',(-0.0040671077860408,0.05232,-0.0357476019628857));
#2233=CARTESIAN_POINT('',(-0.0040671077860408,0.05232,-0.0371863881674698));
#2234=CARTESIAN_POINT('',(-0.0040671077860408,0.05232,-0.038625174372054));
#2235=CARTESIAN_POINT('',(-0.0040671077860408,0.05176,-0.0383018582213077));
#2236=CARTESIAN_POINT('',(-0.0040671077860408,0.0512,-0.0405824651190156));
#2237=CARTESIAN_POINT('',(-0.0040671077860408,0.0512,-0.0379785420705615));
#2238=CARTESIAN_POINT('',(-0.0040671077860408,0.05176,-0.0383018582213077));
#2239=CARTESIAN_POINT('',(-0.0040671077860408,0.05232,-0.038625174372054));
#2240=CARTESIAN_POINT('',(-0.0040671077860408,0.05176,-0.0360709181136319));
#2241=CARTESIAN_POINT('',(-0.0040671077860408,0.05232,-0.0357476019628857));
#2242=CARTESIAN_POINT('',(-0.0040671077860408,0.0512,-0.0363942342643781));
#2243=CARTESIAN_POINT('',(-0.0040671077860408,0.0501381332486059,-0.0363942342643781));
#2244=CARTESIAN_POINT('',(-0.0040671077860408,0.0490762664972117,-0.0363942342643781));
#2245=CARTESIAN_POINT('',(-0.0040671077860408,0.0490762664972117,-0.0397903112159239));
#2246=CARTESIAN_POINT('',(-0.0040671077860408,0.05232,-0.0371863881674698));
#2247=CARTESIAN_POINT('',(0.,0.,0.));
#2248=CARTESIAN_POINT('',(0.0288328922139592,0.037,-0.0198863881674698));
#2249=CARTESIAN_POINT('',(0.0288328922139592,0.054,-0.0198863881674698));
#2250=CARTESIAN_POINT('',(0.0288328922139592,0.054,-0.0431863881674698));
#2251=CARTESIAN_POINT('',(0.0288328922139592,0.054,-0.0204226786202093));
#2252=CARTESIAN_POINT('',(0.0288328922139592,0.037,-0.0204226786202093));
#2253=CARTESIAN_POINT('',(0.0288328922139592,0.0514,-0.0204226786202093));
#2254=CARTESIAN_POINT('',(0.0288328922139592,0.0514,-0.0431863881674698));
#2255=CARTESIAN_POINT('',(0.0288328922139592,0.0514,-0.0268863881674698));
#2256=CARTESIAN_POINT('',(0.0288328922139592,0.05171,-0.0268863881674698));
#2257=CARTESIAN_POINT('',(0.0288328922139592,0.05202,-0.0268863881674698));
#2258=CARTESIAN_POINT('',(0.0288328922139592,0.05202,-0.0278863881674698));
#2259=CARTESIAN_POINT('',(0.0288328922139592,0.05202,-0.0288863881674698));
#2260=CARTESIAN_POINT('',(0.0288328922139592,0.05171,-0.0288863881674698));
#2261=CARTESIAN_POINT('',(0.0288328922139592,0.0514,-0.0288863881674698));
#2262=CARTESIAN_POINT('',(0.0288328922139592,0.0514,-0.0431863881674698));
#2263=CARTESIAN_POINT('',(0.0288328922139592,0.0514,-0.0361863881674698));
#2264=CARTESIAN_POINT('',(0.0288328922139592,0.0519,-0.035897713032875));
#2265=CARTESIAN_POINT('',(0.0288328922139592,0.0524,-0.0356090378982802));
#2266=CARTESIAN_POINT('',(0.0288328922139592,0.0524,-0.0371863881674698));
#2267=CARTESIAN_POINT('',(0.0288328922139592,0.0524,-0.0387637384366595));
#2268=CARTESIAN_POINT('',(0.0288328922139592,0.0519,-0.0384750633020646));
#2269=CARTESIAN_POINT('',(0.0288328922139592,0.0514,-0.0381863881674698));
#2270=CARTESIAN_POINT('',(0.0288328922139592,0.0514,-0.0431863881674698));
#2271=CARTESIAN_POINT('',(0.0288328922139592,0.0514,-0.0431863881674698));
#2272=CARTESIAN_POINT('',(0.0288328922139592,0.037,-0.0431863881674698));
#2273=CARTESIAN_POINT('',(0.0270468180699542,0.02,-0.0184341526012353));
#2274=CARTESIAN_POINT('',(0.0270468180699542,0.054,-0.0184341526012353));
#2275=CARTESIAN_POINT('',(0.026407243626512,0.02,-0.018365347125476));
#2276=CARTESIAN_POINT('',(0.026407243626512,0.054,-0.018365347125476));
#2277=CARTESIAN_POINT('',(0.0252047101201016,0.02,-0.0180453688228985));
#2278=CARTESIAN_POINT('',(0.0252047101201016,0.054,-0.0180453688228985));
#2279=CARTESIAN_POINT('',(0.0243793888406697,0.02,-0.0168958852944016));
#2280=CARTESIAN_POINT('',(0.0243793888406697,0.054,-0.0168958852944016));
#2281=CARTESIAN_POINT('',(0.0249004797770816,0.02,-0.0150787713113183));
#2282=CARTESIAN_POINT('',(0.0249004797770816,0.054,-0.0150787713113183));
#2283=CARTESIAN_POINT('',(0.0257404258640657,0.02,-0.014060495446866));
#2284=CARTESIAN_POINT('',(0.0257404258640657,0.054,-0.014060495446866));
#2285=CARTESIAN_POINT('',(0.0260974267201409,0.02,-0.0136136989683978));
#2286=CARTESIAN_POINT('',(0.0260974267201409,0.054,-0.0136136989683978));
#2287=CARTESIAN_POINT('',(0.0270468180573178,0.02,-0.0184341525998758));
#2288=CARTESIAN_POINT('',(0.0267646658004626,0.02,-0.0184037986343645));
#2289=CARTESIAN_POINT('',(0.0262013774381127,0.02,-0.0183081454084767));
#2290=CARTESIAN_POINT('',(0.0253990061825247,0.02,-0.0180109713570542));
#2291=CARTESIAN_POINT('',(0.0247202773105471,0.02,-0.0174374597962822));
#2292=CARTESIAN_POINT('',(0.0245307478606709,0.02,-0.0165660776240553));
#2293=CARTESIAN_POINT('',(0.0247271983588339,0.02,-0.0157289144054833));
#2294=CARTESIAN_POINT('',(0.0252129690662815,0.02,-0.0146971216924516));
#2295=CARTESIAN_POINT('',(0.0257482661928816,0.02,-0.0140506830577768));
#2296=CARTESIAN_POINT('',(0.0260974267201409,0.02,-0.0136136989683978));
#2297=CARTESIAN_POINT('',(0.0260974267201408,0.02,-0.0136136989683978));
#2298=CARTESIAN_POINT('',(0.0270468213785306,0.02,-0.0184341217278734));
#2299=CARTESIAN_POINT('',(0.0270468180320273,0.02,-0.0184341525971551));
#2300=CARTESIAN_POINT('',(0.027046824078737,0.054,-0.018434096064311));
#2301=CARTESIAN_POINT('',(0.0260974267201409,0.054,-0.0136136989683978));
#2302=CARTESIAN_POINT('',(0.0257445568266048,0.054,-0.0140553254326104));
#2303=CARTESIAN_POINT('',(0.0252018103960931,0.054,-0.0147133861041775));
#2304=CARTESIAN_POINT('',(0.0247217187392964,0.054,-0.0157446185615413));
#2305=CARTESIAN_POINT('',(0.0245294985233652,0.054,-0.0165834336389941));
#2306=CARTESIAN_POINT('',(0.0247295856944449,0.054,-0.0174510787658603));
#2307=CARTESIAN_POINT('',(0.0254107888133511,0.054,-0.0180162805135466));
#2308=CARTESIAN_POINT('',(0.0262068225881438,0.054,-0.0183091929628351));
#2309=CARTESIAN_POINT('',(0.0267675041665446,0.054,-0.018404103983631));
#2310=CARTESIAN_POINT('',(0.0270468179973299,0.054,-0.0184341525934223));
#2311=CARTESIAN_POINT('',(0.0260974267201408,0.054,-0.0136136989683978));
#2312=CARTESIAN_POINT('',(0.0260974267201408,0.054,-0.0136136989683978));
#2313=CARTESIAN_POINT('',(0.0260974267201409,0.0426666666666667,-0.0136136989683978));
#2314=CARTESIAN_POINT('',(0.0260974267201409,0.0313333333333333,-0.0136136989683978));
#2315=CARTESIAN_POINT('',(0.0260974267201408,0.02,-0.0136136989683978));
#2316=CARTESIAN_POINT('',(-0.019866500187049,0.0219999999999991,-0.0135743136375106));
#2317=CARTESIAN_POINT('',(-0.019866500187049,0.052,-0.0135743136375106));
#2318=CARTESIAN_POINT('',(-0.0196612884213818,0.0219999999999991,-0.0138224152059253));
#2319=CARTESIAN_POINT('',(-0.0196612884213818,0.052,-0.0138224152059253));
#2320=CARTESIAN_POINT('',(-0.0191870532529119,0.0219999999999991,-0.0143563267298445));
#2321=CARTESIAN_POINT('',(-0.0191870532529119,0.052,-0.0143563267298445));
#2322=CARTESIAN_POINT('',(-0.0185494539083176,0.021999999999999,-0.0153638115015041));
#2323=CARTESIAN_POINT('',(-0.0185494539083176,0.052,-0.0153638115015041));
#2324=CARTESIAN_POINT('',(-0.0182168645193299,0.0219999999999991,-0.0164215989236796));
#2325=CARTESIAN_POINT('',(-0.0182168645193299,0.052,-0.0164215989236796));
#2326=CARTESIAN_POINT('',(-0.0183736254255583,0.0219999999999991,-0.0175930465376825));
#2327=CARTESIAN_POINT('',(-0.0183736254255583,0.052,-0.0175930465376825));
#2328=CARTESIAN_POINT('',(-0.019747577546655,0.0219999999999991,-0.0184301293920873));
#2329=CARTESIAN_POINT('',(-0.019747577546655,0.052,-0.0184301293920873));
#2330=CARTESIAN_POINT('',(-0.0213813760169603,0.0219999999999991,-0.0184863881674699));
#2331=CARTESIAN_POINT('',(-0.0213813760169603,0.052,-0.0184863881674699));
#2332=CARTESIAN_POINT('',(-0.0221782032371576,0.0219999999999991,-0.0184863881674699));
#2333=CARTESIAN_POINT('',(-0.0221782032371576,0.052,-0.0184863881674699));
#2334=CARTESIAN_POINT('',(-0.0221782032371575,0.0219999999999994,-0.0184863881674698));
#2335=CARTESIAN_POINT('',(-0.0221782032371575,0.0319999999999993,-0.0184863881674698));
#2336=CARTESIAN_POINT('',(-0.0221782032371575,0.0419999999999991,-0.0184863881674698));
#2337=CARTESIAN_POINT('',(-0.0221782032371575,0.051999999999999,-0.0184863881674698));
#2338=CARTESIAN_POINT('',(-0.0221782032371576,0.0219999999999994,-0.0184863881674698));
#2339=CARTESIAN_POINT('',(-0.0221782032371576,0.051999999999999,-0.0184863881674698));
#2340=CARTESIAN_POINT('',(-0.0221782032371576,0.022,-0.0184863881674699));
#2341=CARTESIAN_POINT('',(-0.0213813760170327,0.022,-0.0184863881674699));
#2342=CARTESIAN_POINT('',(-0.0197475775468864,0.022,-0.0184301293921069));
#2343=CARTESIAN_POINT('',(-0.0183736254257688,0.022,-0.0175930465378829));
#2344=CARTESIAN_POINT('',(-0.0182168645192881,0.022,-0.0164215989241293));
#2345=CARTESIAN_POINT('',(-0.0185494539080447,0.022,-0.0153638115020889));
#2346=CARTESIAN_POINT('',(-0.0191870532524579,0.022,-0.0143563267304342));
#2347=CARTESIAN_POINT('',(-0.0196612884209066,0.022,-0.0138224152064632));
#2348=CARTESIAN_POINT('',(-0.0198665001866015,0.022,-0.0135743136380516));
#2349=CARTESIAN_POINT('',(-0.0198665001487088,0.0219999999999991,-0.013574313683864));
#2350=CARTESIAN_POINT('',(-0.0198665001486954,0.0219999999999991,-0.0135743136838803));
#2351=CARTESIAN_POINT('',(-0.0198665001488264,0.031999999999999,-0.0135743136837219));
#2352=CARTESIAN_POINT('',(-0.0198665001489574,0.041999999999999,-0.0135743136835634));
#2353=CARTESIAN_POINT('',(-0.0198665001490884,0.051999999999999,-0.013574313683405));
#2354=CARTESIAN_POINT('',(-0.019866500149129,0.051999999999999,-0.013574313683356));
#2355=CARTESIAN_POINT('',(-0.019866500187049,0.052,-0.0135743136375106));
#2356=CARTESIAN_POINT('',(-0.0196612884213818,0.052,-0.0138224152059253));
#2357=CARTESIAN_POINT('',(-0.0191870532529119,0.052,-0.0143563267298445));
#2358=CARTESIAN_POINT('',(-0.0185494539083176,0.052,-0.0153638115015041));
#2359=CARTESIAN_POINT('',(-0.0182168645193299,0.052,-0.0164215989236796));
#2360=CARTESIAN_POINT('',(-0.0183736254255583,0.052,-0.0175930465376825));
#2361=CARTESIAN_POINT('',(-0.019747577546655,0.052,-0.0184301293920873));
#2362=CARTESIAN_POINT('',(-0.0213813760169603,0.052,-0.0184863881674699));
#2363=CARTESIAN_POINT('',(-0.0221782032371576,0.052,-0.0184863881674699));
#2364=CARTESIAN_POINT('',(-0.0073671077860408,0.0226,-0.0431863881674698));
#2365=CARTESIAN_POINT('',(-0.0435671077860408,0.0226,-0.0431863881674698));
#2366=CARTESIAN_POINT('',(-0.0435671077860408,0.0226,-0.0431863881674698));
#2367=CARTESIAN_POINT('',(-0.0435671077860408,0.0226,-0.0381863881674697));
#2368=CARTESIAN_POINT('',(-0.0435691077860408,0.0226,-0.0381863881674697));
#2369=CARTESIAN_POINT('',(0.0288328922139592,0.0226,-0.0381863881674697));
#2370=CARTESIAN_POINT('',(0.0288328922139592,0.0226,-0.0431863881674698));
#2371=CARTESIAN_POINT('',(0.0288328922139592,0.0226,-0.0431863881674698));
#2372=CARTESIAN_POINT('',(-0.0073671077860408,0.0226,-0.0431863881674698));
#2373=CARTESIAN_POINT('',(-0.0073671077860408,0.0514,-0.0431863881674698));
#2374=CARTESIAN_POINT('',(-0.0435691077860408,0.0514,-0.0381863881674698));
#2375=CARTESIAN_POINT('',(-0.0435671077860408,0.0514,-0.0381863881674698));
#2376=CARTESIAN_POINT('',(-0.0435671077860408,0.0514,-0.0431863881674698));
#2377=CARTESIAN_POINT('',(-0.0435671077860408,0.0514,-0.0431863881674698));
#2378=CARTESIAN_POINT('',(-0.0073671077860408,0.0514,-0.0431863881674698));
#2379=CARTESIAN_POINT('',(0.0288328922139592,0.037,-0.0198863881674698));
#2380=CARTESIAN_POINT('',(0.0288328922139592,0.0226,-0.0431863881674698));
#2381=CARTESIAN_POINT('',(0.0288328922139592,0.0226,-0.0268863881674696));
#2382=CARTESIAN_POINT('',(0.0288328922139592,0.0226,-0.0204226786202093));
#2383=CARTESIAN_POINT('',(0.0288328922139592,0.037,-0.0204226786202093));
#2384=CARTESIAN_POINT('',(0.0288328922139592,0.02,-0.0204226786202093));
#2385=CARTESIAN_POINT('',(0.0288328922139592,0.02,-0.0198863881674698));
#2386=CARTESIAN_POINT('',(0.0288328922139592,0.02,-0.0431863881674698));
#2387=CARTESIAN_POINT('',(0.0288328922139592,0.037,-0.0431863881674698));
#2388=CARTESIAN_POINT('',(0.0288328922139592,0.0221,-0.0384750633020645));
#2389=CARTESIAN_POINT('',(0.0288328922139592,0.0216,-0.0387637384366593));
#2390=CARTESIAN_POINT('',(0.0288328922139592,0.0216,-0.0371863881674697));
#2391=CARTESIAN_POINT('',(0.0288328922139592,0.0216,-0.0356090378982801));
#2392=CARTESIAN_POINT('',(0.0288328922139592,0.0221,-0.0358977130328748));
#2393=CARTESIAN_POINT('',(0.0288328922139592,0.0226,-0.0361863881674696));
#2394=CARTESIAN_POINT('',(0.0288328922139592,0.0226,-0.0431863881674698));
#2395=CARTESIAN_POINT('',(0.0288328922139592,0.0226,-0.0288863881674697));
#2396=CARTESIAN_POINT('',(0.0288328922139592,0.02229,-0.0288863881674697));
#2397=CARTESIAN_POINT('',(0.0288328922139592,0.02198,-0.0288863881674697));
#2398=CARTESIAN_POINT('',(0.0288328922139592,0.02198,-0.0278863881674697));
#2399=CARTESIAN_POINT('',(0.0288328922139592,0.02198,-0.0268863881674696));
#2400=CARTESIAN_POINT('',(0.0288328922139592,0.02229,-0.0268863881674696));
#2401=CARTESIAN_POINT('',(-0.0461671077860408,0.037,-0.0198863881674698));
#2402=CARTESIAN_POINT('',(-0.0461671077860408,0.037,-0.0431863881674698));
#2403=CARTESIAN_POINT('',(-0.0461671077860408,0.052,-0.0431863881674698));
#2404=CARTESIAN_POINT('',(-0.0461671077860408,0.022,-0.0431863881674698));
#2405=CARTESIAN_POINT('',(-0.0461671077860408,0.022,-0.0224863881674698));
#2406=CARTESIAN_POINT('',(-0.0461671077860408,0.022,-0.0224863881674698));
#2407=CARTESIAN_POINT('',(-0.0461671077860408,0.037,-0.0224863881674698));
#2408=CARTESIAN_POINT('',(-0.0461671077860408,0.052,-0.0224863881674698));
#2409=CARTESIAN_POINT('',(-0.0461671077860408,0.052,-0.0198863881674698));
#2410=CARTESIAN_POINT('',(-0.0461671077860408,0.037,-0.0325998641806972));
#2411=CARTESIAN_POINT('',(-0.0461671077860408,0.04965,-0.0325998641806972));
#2412=CARTESIAN_POINT('',(-0.0461671077860408,0.04415,-0.0325998641806972));
#2413=CARTESIAN_POINT('',(-0.0461671077860408,0.04415,-0.0198863881674698));
#2414=CARTESIAN_POINT('',(-0.0461671077860408,0.04415,-0.0395998641806972));
#2415=CARTESIAN_POINT('',(-0.0461671077860408,0.037,-0.0395998641806972));
#2416=CARTESIAN_POINT('',(-0.0461671077860408,0.04965,-0.0395998641806972));
#2417=CARTESIAN_POINT('',(-0.0461671077860408,0.04965,-0.0198863881674698));
#2418=CARTESIAN_POINT('',(-0.0461671077860408,0.0382,-0.0338863881674697));
#2419=CARTESIAN_POINT('',(-0.0461671077860408,0.04095,-0.0338863881674697));
#2420=CARTESIAN_POINT('',(-0.0461671077860408,0.03545,-0.0338863881674697));
#2421=CARTESIAN_POINT('',(-0.0461671077860408,0.03545,-0.0198863881674698));
#2422=CARTESIAN_POINT('',(-0.0461671077860408,0.03545,-0.0378863881674698));
#2423=CARTESIAN_POINT('',(-0.0461671077860408,0.0382,-0.0378863881674698));
#2424=CARTESIAN_POINT('',(-0.0461671077860408,0.04095,-0.0378863881674698));
#2425=CARTESIAN_POINT('',(-0.0461671077860408,0.04095,-0.0198863881674698));
#2426=CARTESIAN_POINT('',(-0.0435671077860408,0.037,-0.0431863881674698));
#2427=CARTESIAN_POINT('',(-0.0435671077860408,0.04415,-0.0360998641806971));
#2428=CARTESIAN_POINT('',(-0.0435671077860408,0.04415,-0.0395998641806972));
#2429=CARTESIAN_POINT('',(-0.0435671077860408,0.04415,-0.0325998641806972));
#2430=CARTESIAN_POINT('',(-0.0435671077860408,0.0469,-0.0325998641806972));
#2431=CARTESIAN_POINT('',(-0.0435671077860408,0.04965,-0.0325998641806972));
#2432=CARTESIAN_POINT('',(-0.0435671077860408,0.04965,-0.0360998641806971));
#2433=CARTESIAN_POINT('',(-0.0435671077860408,0.04965,-0.0395998641806972));
#2434=CARTESIAN_POINT('',(-0.0435671077860408,0.0469,-0.0395998641806972));
#2435=CARTESIAN_POINT('',(-0.0435671077860408,0.037,-0.0198863881674698));
#2436=CARTESIAN_POINT('',(-0.0435671077860408,0.0514,-0.0198863881674698));
#2437=CARTESIAN_POINT('',(-0.0435671077860408,0.0226,-0.0198863881674698));
#2438=CARTESIAN_POINT('',(-0.0435671077860408,0.0226,-0.0431863881674698));
#2439=CARTESIAN_POINT('',(-0.0435671077860408,0.0226,-0.0268863881674696));
#2440=CARTESIAN_POINT('',(-0.0435671077860408,0.02229,-0.0268863881674696));
#2441=CARTESIAN_POINT('',(-0.0435671077860408,0.02198,-0.0268863881674696));
#2442=CARTESIAN_POINT('',(-0.0435671077860408,0.02198,-0.0278863881674697));
#2443=CARTESIAN_POINT('',(-0.0435671077860408,0.02198,-0.0288863881674697));
#2444=CARTESIAN_POINT('',(-0.0435671077860408,0.02229,-0.0288863881674697));
#2445=CARTESIAN_POINT('',(-0.0435671077860408,0.0226,-0.0288863881674697));
#2446=CARTESIAN_POINT('',(-0.0435671077860408,0.0226,-0.0431863881674698));
#2447=CARTESIAN_POINT('',(-0.0435671077860408,0.0226,-0.0361863881674696));
#2448=CARTESIAN_POINT('',(-0.0435671077860408,0.0221,-0.0358977130328748));
#2449=CARTESIAN_POINT('',(-0.0435671077860408,0.0216,-0.0356090378982801));
#2450=CARTESIAN_POINT('',(-0.0435671077860408,0.0216,-0.0371863881674697));
#2451=CARTESIAN_POINT('',(-0.0435671077860408,0.0216,-0.0387637384366593));
#2452=CARTESIAN_POINT('',(-0.0435671077860408,0.0221,-0.0384750633020645));
#2453=CARTESIAN_POINT('',(-0.0435671077860408,0.037,-0.0431863881674698));
#2454=CARTESIAN_POINT('',(-0.0435671077860408,0.0519,-0.0384750633020646));
#2455=CARTESIAN_POINT('',(-0.0435671077860408,0.0524,-0.0387637384366595));
#2456=CARTESIAN_POINT('',(-0.0435671077860408,0.0524,-0.0371863881674698));
#2457=CARTESIAN_POINT('',(-0.0435671077860408,0.0524,-0.0356090378982802));
#2458=CARTESIAN_POINT('',(-0.0435671077860408,0.0519,-0.035897713032875));
#2459=CARTESIAN_POINT('',(-0.0435671077860408,0.0514,-0.0361863881674698));
#2460=CARTESIAN_POINT('',(-0.0435671077860408,0.0514,-0.0431863881674698));
#2461=CARTESIAN_POINT('',(-0.0435671077860408,0.0514,-0.0288863881674698));
#2462=CARTESIAN_POINT('',(-0.0435671077860408,0.05171,-0.0288863881674698));
#2463=CARTESIAN_POINT('',(-0.0435671077860408,0.05202,-0.0288863881674698));
#2464=CARTESIAN_POINT('',(-0.0435671077860408,0.05202,-0.0278863881674698));
#2465=CARTESIAN_POINT('',(-0.0435671077860408,0.05202,-0.0268863881674698));
#2466=CARTESIAN_POINT('',(-0.0435671077860408,0.05171,-0.0268863881674698));
#2467=CARTESIAN_POINT('',(-0.0435671077860408,0.0514,-0.0268863881674698));
#2468=CARTESIAN_POINT('',(-0.0435671077860408,0.0514,-0.0431863881674698));
#2469=CARTESIAN_POINT('',(-0.0435671077860408,0.03545,-0.0358863881674698));
#2470=CARTESIAN_POINT('',(-0.0435671077860408,0.03545,-0.0378863881674698));
#2471=CARTESIAN_POINT('',(-0.0435671077860408,0.03545,-0.0338863881674697));
#2472=CARTESIAN_POINT('',(-0.0435671077860408,0.0382,-0.0338863881674697));
#2473=CARTESIAN_POINT('',(-0.0435671077860408,0.04095,-0.0338863881674697));
#2474=CARTESIAN_POINT('',(-0.0435671077860408,0.04095,-0.0358863881674698));
#2475=CARTESIAN_POINT('',(-0.0435671077860408,0.04095,-0.0378863881674698));
#2476=CARTESIAN_POINT('',(-0.0435671077860408,0.0382,-0.0378863881674698));
#2477=CARTESIAN_POINT('',(-0.0073671077860408,0.0226,-0.0431863881674698));
#2478=CARTESIAN_POINT('',(-0.0435691077860408,0.0226,-0.0361863881674696));
#2479=CARTESIAN_POINT('',(-0.0435691077860408,0.0226,-0.0288863881674697));
#2480=CARTESIAN_POINT('',(-0.0073671077860408,0.0514,-0.0431863881674698));
#2481=CARTESIAN_POINT('',(-0.0435691077860408,0.0514,-0.0361863881674698));
#2482=CARTESIAN_POINT('',(-0.0435691077860408,0.0514,-0.0288863881674698));
#2483=CARTESIAN_POINT('',(-0.0225839200785475,0.0540000000000005,-0.00439251154366907));
#2484=CARTESIAN_POINT('',(-0.0225839200785475,0.,-0.00439251154366907));
#2485=CARTESIAN_POINT('',(-0.022583228722724,0.0540000000000005,-0.00446160880956712));
#2486=CARTESIAN_POINT('',(-0.022583228722724,0.,-0.00446160880956712));
#2487=CARTESIAN_POINT('',(-0.0225814295909368,0.0540000000000005,-0.00459618145954065));
#2488=CARTESIAN_POINT('',(-0.0225814295909368,0.,-0.00459618145954065));
#2489=CARTESIAN_POINT('',(-0.0225778007651297,0.0540000000000005,-0.00478623346757566));
#2490=CARTESIAN_POINT('',(-0.0225778007651297,0.,-0.00478623346757566));
#2491=CARTESIAN_POINT('',(-0.0225735560949179,0.0540000000000005,-0.00496494733633908));
#2492=CARTESIAN_POINT('',(-0.0225735560949179,0.,-0.00496494733633908));
#2493=CARTESIAN_POINT('',(-0.0225690142928537,0.0540000000000005,-0.00513237932016718));
#2494=CARTESIAN_POINT('',(-0.0225690142928537,0.,-0.00513237932016718));
#2495=CARTESIAN_POINT('',(-0.0225644850063965,0.0540000000000005,-0.00528869104539617));
#2496=CARTESIAN_POINT('',(-0.0225644850063965,0.,-0.00528869104539617));
#2497=CARTESIAN_POINT('',(-0.0225602570217313,0.0540000000000005,-0.00543409073198182));
#2498=CARTESIAN_POINT('',(-0.0225602570217313,0.,-0.00543409073198182));
#2499=CARTESIAN_POINT('',(-0.0225575061087585,0.0540000000000005,-0.00553511626551186));
#2500=CARTESIAN_POINT('',(-0.0225575061087585,0.,-0.00553511626551186));
#2501=CARTESIAN_POINT('',(-0.0225559105044541,0.0540000000000005,-0.00559934976025562));
#2502=CARTESIAN_POINT('',(-0.0225559105044541,0.,-0.00559934976025562));
#2503=CARTESIAN_POINT('',(-0.0225549190573704,0.0540000000000005,-0.00564116782846442));
#2504=CARTESIAN_POINT('',(-0.0225549190573704,0.,-0.00564116782846442));
#2505=CARTESIAN_POINT('',(-0.0225537418256903,0.0540000000000005,-0.00569457626103495));
#2506=CARTESIAN_POINT('',(-0.0225537418256903,0.,-0.00569457626103495));
#2507=CARTESIAN_POINT('',(-0.0225523751178709,0.0540000000000005,-0.00576060921287961));
#2508=CARTESIAN_POINT('',(-0.0225523751178709,0.,-0.00576060921287961));
#2509=CARTESIAN_POINT('',(-0.0225505328468633,0.0540000000000005,-0.00585160724844585));
#2510=CARTESIAN_POINT('',(-0.0225505328468633,0.,-0.00585160724844585));
#2511=CARTESIAN_POINT('',(-0.0225480293005418,0.0540000000000005,-0.00597139773157726));
#2512=CARTESIAN_POINT('',(-0.0225480293005418,0.,-0.00597139773157726));
#2513=CARTESIAN_POINT('',(-0.0225440871085514,0.0540000000000005,-0.00612601886552632));
#2514=CARTESIAN_POINT('',(-0.0225440871085514,0.,-0.00612601886552632));
#2515=CARTESIAN_POINT('',(-0.022539416587026,0.0540000000000005,-0.00626441274847343));
#2516=CARTESIAN_POINT('',(-0.022539416587026,0.,-0.00626441274847343));
#2517=CARTESIAN_POINT('',(-0.0225344566550084,0.0540000000000005,-0.00638085872146831));
#2518=CARTESIAN_POINT('',(-0.0225344566550084,0.,-0.00638085872146831));
#2519=CARTESIAN_POINT('',(-0.0225300231321407,0.0540000000000005,-0.00647102651609567));
#2520=CARTESIAN_POINT('',(-0.0225300231321407,0.,-0.00647102651609567));
#2521=CARTESIAN_POINT('',(-0.022524786402331,0.0540000000000005,-0.00656391756986892));
#2522=CARTESIAN_POINT('',(-0.022524786402331,0.,-0.00656391756986892));
#2523=CARTESIAN_POINT('',(-0.0225165660327569,0.0540000000000005,-0.00669155713117159));
#2524=CARTESIAN_POINT('',(-0.0225165660327569,0.,-0.00669155713117159));
#2525=CARTESIAN_POINT('',(-0.0225045654838908,0.0540000000000005,-0.00684885138298628));
#2526=CARTESIAN_POINT('',(-0.0225045654838908,0.,-0.00684885138298628));
#2527=CARTESIAN_POINT('',(-0.022487746850408,0.0540000000000005,-0.00703555413705501));
#2528=CARTESIAN_POINT('',(-0.022487746850408,0.,-0.00703555413705501));
#2529=CARTESIAN_POINT('',(-0.0224688319487183,0.0540000000000005,-0.00721960997120544));
#2530=CARTESIAN_POINT('',(-0.0224688319487183,0.,-0.00721960997120544));
#2531=CARTESIAN_POINT('',(-0.0224480712913834,0.0540000000000005,-0.00740068523496728));
#2532=CARTESIAN_POINT('',(-0.0224480712913834,0.,-0.00740068523496728));
#2533=CARTESIAN_POINT('',(-0.0224256873170618,0.0540000000000005,-0.00757817244907538));
#2534=CARTESIAN_POINT('',(-0.0224256873170618,0.,-0.00757817244907538));
#2535=CARTESIAN_POINT('',(-0.0224017910747563,0.0540000000000005,-0.00775172692359214));
#2536=CARTESIAN_POINT('',(-0.0224017910747563,0.,-0.00775172692359214));
#2537=CARTESIAN_POINT('',(-0.0223766264902184,0.0540000000000005,-0.00792040311045312));
#2538=CARTESIAN_POINT('',(-0.0223766264902184,0.,-0.00792040311045312));
#2539=CARTESIAN_POINT('',(-0.0223480951166871,0.0540000000000005,-0.00809521367785632));
#2540=CARTESIAN_POINT('',(-0.0223480951166871,0.,-0.00809521367785632));
#2541=CARTESIAN_POINT('',(-0.0223155258472931,0.0540000000000005,-0.00827520351479219));
#2542=CARTESIAN_POINT('',(-0.0223155258472931,0.,-0.00827520351479219));
#2543=CARTESIAN_POINT('',(-0.0222784783223367,0.0540000000000005,-0.00845973392171078));
#2544=CARTESIAN_POINT('',(-0.0222784783223367,0.,-0.00845973392171078));
#2545=CARTESIAN_POINT('',(-0.0222369500536249,0.0540000000000005,-0.00864733337416668));
#2546=CARTESIAN_POINT('',(-0.0222369500536249,0.,-0.00864733337416668));
#2547=CARTESIAN_POINT('',(-0.0221910345394437,0.0540000000000005,-0.00883755799107087));
#2548=CARTESIAN_POINT('',(-0.0221910345394437,0.,-0.00883755799107087));
#2549=CARTESIAN_POINT('',(-0.0221410817759146,0.0540000000000005,-0.0090301692840602));
#2550=CARTESIAN_POINT('',(-0.0221410817759146,0.,-0.0090301692840602));
#2551=CARTESIAN_POINT('',(-0.0220855147888837,0.0540000000000005,-0.00923186052103464));
#2552=CARTESIAN_POINT('',(-0.0220855147888837,0.,-0.00923186052103464));
#2553=CARTESIAN_POINT('',(-0.0220241151243798,0.0540000000000005,-0.009442252818523));
#2554=CARTESIAN_POINT('',(-0.0220241151243798,0.,-0.009442252818523));
#2555=CARTESIAN_POINT('',(-0.0219567177402436,0.0540000000000005,-0.00966064893654958));
#2556=CARTESIAN_POINT('',(-0.0219567177402436,0.,-0.00966064893654958));
#2557=CARTESIAN_POINT('',(-0.0218830979360826,0.0540000000000005,-0.00988618549235325));
#2558=CARTESIAN_POINT('',(-0.0218830979360826,0.,-0.00988618549235325));
#2559=CARTESIAN_POINT('',(-0.0218029348217352,0.0540000000000005,-0.0101179976137233));
#2560=CARTESIAN_POINT('',(-0.0218029348217352,0.,-0.0101179976137233));
#2561=CARTESIAN_POINT('',(-0.0217302773233282,0.0540000000000005,-0.0103157739127232));
#2562=CARTESIAN_POINT('',(-0.0217302773233282,0.,-0.0103157739127232));
#2563=CARTESIAN_POINT('',(-0.0216682677846043,0.0540000000000005,-0.010476483257773));
#2564=CARTESIAN_POINT('',(-0.0216682677846043,0.,-0.010476483257773));
#2565=CARTESIAN_POINT('',(-0.0216196800400842,0.0540000000000005,-0.0105982453709578));
#2566=CARTESIAN_POINT('',(-0.0216196800400842,0.,-0.0105982453709578));
#2567=CARTESIAN_POINT('',(-0.0215688890889154,0.0540000000000005,-0.0107211499252588));
#2568=CARTESIAN_POINT('',(-0.0215688890889154,0.,-0.0107211499252588));
#2569=CARTESIAN_POINT('',(-0.0215244654097381,0.0540000000000005,-0.0108247758734249));
#2570=CARTESIAN_POINT('',(-0.0215244654097381,0.,-0.0108247758734249));
#2571=CARTESIAN_POINT('',(-0.0214877745590214,0.0540000000000005,-0.0109078975234796));
#2572=CARTESIAN_POINT('',(-0.0214877745590214,0.,-0.0109078975234796));
#2573=CARTESIAN_POINT('',(-0.021451108763794,0.0540000000000005,-0.0109894110034401));
#2574=CARTESIAN_POINT('',(-0.021451108763794,0.,-0.0109894110034401));
#2575=CARTESIAN_POINT('',(-0.0214050671795567,0.0540000000000005,-0.0110890353635514));
#2576=CARTESIAN_POINT('',(-0.0214050671795567,0.,-0.0110890353635514));
#2577=CARTESIAN_POINT('',(-0.0213497888271355,0.0540000000000005,-0.0112047257357723));
#2578=CARTESIAN_POINT('',(-0.0213497888271355,0.,-0.0112047257357723));
#2579=CARTESIAN_POINT('',(-0.0212762804702882,0.0540000000000005,-0.0113539154933616));
#2580=CARTESIAN_POINT('',(-0.0212762804702882,0.,-0.0113539154933616));
#2581=CARTESIAN_POINT('',(-0.021148889633795,0.0540000000000005,-0.0116016044025972));
#2582=CARTESIAN_POINT('',(-0.021148889633795,0.,-0.0116016044025972));
#2583=CARTESIAN_POINT('',(-0.0210093167682311,0.0540000000000005,-0.0118538739095389));
#2584=CARTESIAN_POINT('',(-0.0210093167682311,0.,-0.0118538739095389));
#2585=CARTESIAN_POINT('',(-0.0208983362771858,0.0540000000000005,-0.0120458943565319));
#2586=CARTESIAN_POINT('',(-0.0208983362771858,0.,-0.0120458943565319));
#2587=CARTESIAN_POINT('',(-0.0208390295758904,0.0540000000000005,-0.0121468995984966));
#2588=CARTESIAN_POINT('',(-0.0208390295758904,0.,-0.0121468995984966));
#2589=CARTESIAN_POINT('',(-0.0207968955768223,0.0540000000000005,-0.012218055444988));
#2590=CARTESIAN_POINT('',(-0.0207968955768223,0.,-0.012218055444988));
#2591=CARTESIAN_POINT('',(-0.0207638297462296,0.0540000000000005,-0.012273562266502));
#2592=CARTESIAN_POINT('',(-0.0207638297462296,0.,-0.012273562266502));
#2593=CARTESIAN_POINT('',(-0.0207390457583016,0.0540000000000005,-0.0123150677296609));
#2594=CARTESIAN_POINT('',(-0.0207390457583016,0.,-0.0123150677296609));
#2595=CARTESIAN_POINT('',(-0.0207141540309853,0.0540000000000005,-0.0123567026900252));
#2596=CARTESIAN_POINT('',(-0.0207141540309853,0.,-0.0123567026900252));
#2597=CARTESIAN_POINT('',(-0.020682312651429,0.0540000000000005,-0.0124097991160978));
#2598=CARTESIAN_POINT('',(-0.020682312651429,0.,-0.0124097991160978));
#2599=CARTESIAN_POINT('',(-0.0206294894544478,0.0540000000000005,-0.0124972643595367));
#2600=CARTESIAN_POINT('',(-0.0206294894544478,0.,-0.0124972643595367));
#2601=CARTESIAN_POINT('',(-0.0205589948521588,0.0540000000000005,-0.0126122787401261));
#2602=CARTESIAN_POINT('',(-0.0205589948521588,0.,-0.0126122787401261));
#2603=CARTESIAN_POINT('',(-0.0204651962606932,0.0540000000000005,-0.0127604675294398));
#2604=CARTESIAN_POINT('',(-0.0204651962606932,0.,-0.0127604675294398));
#2605=CARTESIAN_POINT('',(-0.0203611045210595,0.0540000000000005,-0.0129179986507075));
#2606=CARTESIAN_POINT('',(-0.0203611045210595,0.,-0.0129179986507075));
#2607=CARTESIAN_POINT('',(-0.0202469185265126,0.0540000000000005,-0.0130823545795795));
#2608=CARTESIAN_POINT('',(-0.0202469185265126,0.,-0.0130823545795795));
#2609=CARTESIAN_POINT('',(-0.0201228151398101,0.0540000000000005,-0.0132514872663152));
#2610=CARTESIAN_POINT('',(-0.0201228151398101,0.,-0.0132514872663152));
#2611=CARTESIAN_POINT('',(-0.0199944537302214,0.0540000000000005,-0.0134175068458256));
#2612=CARTESIAN_POINT('',(-0.0199944537302214,0.,-0.0134175068458256));
#2613=CARTESIAN_POINT('',(-0.0198611071837454,0.0540000000000005,-0.013582045986228));
#2614=CARTESIAN_POINT('',(-0.0198611071837454,0.,-0.013582045986228));
#2615=CARTESIAN_POINT('',(-0.0197226240513758,0.0540000000000005,-0.0137454755734431));
#2616=CARTESIAN_POINT('',(-0.0197226240513758,0.,-0.0137454755734431));
#2617=CARTESIAN_POINT('',(-0.0195787974227402,0.0540000000000005,-0.0139081450978097));
#2618=CARTESIAN_POINT('',(-0.0195787974227402,0.,-0.0139081450978097));
#2619=CARTESIAN_POINT('',(-0.0194294745337489,0.0540000000000005,-0.0140701796843229));
#2620=CARTESIAN_POINT('',(-0.0194294745337489,0.,-0.0140701796843229));
#2621=CARTESIAN_POINT('',(-0.0192746090479211,0.0540000000000005,-0.014231515242211));
#2622=CARTESIAN_POINT('',(-0.0192746090479211,0.,-0.014231515242211));
#2623=CARTESIAN_POINT('',(-0.0190602285061796,0.0540000000000005,-0.0144458602779694));
#2624=CARTESIAN_POINT('',(-0.0190602285061796,0.,-0.0144458602779694));
#2625=CARTESIAN_POINT('',(-0.0187821711315756,0.0540000000000005,-0.0147074041603876));
#2626=CARTESIAN_POINT('',(-0.0187821711315756,0.,-0.0147074041603876));
#2627=CARTESIAN_POINT('',(-0.0184322902850995,0.0540000000000005,-0.0150114468115395));
#2628=CARTESIAN_POINT('',(-0.0184322902850995,0.,-0.0150114468115395));
#2629=CARTESIAN_POINT('',(-0.0181273350288992,0.0540000000000005,-0.0152560927811395));
#2630=CARTESIAN_POINT('',(-0.0181273350288992,0.,-0.0152560927811395));
#2631=CARTESIAN_POINT('',(-0.0178753434597382,0.0540000000000005,-0.0154460552368354));
#2632=CARTESIAN_POINT('',(-0.0178753434597382,0.,-0.0154460552368354));
#2633=CARTESIAN_POINT('',(-0.0176177673212623,0.0540000000000005,-0.0156320667046901));
#2634=CARTESIAN_POINT('',(-0.0176177673212623,0.,-0.0156320667046901));
#2635=CARTESIAN_POINT('',(-0.0172887148884797,0.0540000000000005,-0.015854451521366));
#2636=CARTESIAN_POINT('',(-0.0172887148884797,0.,-0.015854451521366));
#2637=CARTESIAN_POINT('',(-0.0168829385034492,0.0540000000000005,-0.0161051458448072));
#2638=CARTESIAN_POINT('',(-0.0168829385034492,0.,-0.0161051458448072));
#2639=CARTESIAN_POINT('',(-0.0165363125128683,0.0540000000000005,-0.0163007005798358));
#2640=CARTESIAN_POINT('',(-0.0165363125128683,0.,-0.0163007005798358));
#2641=CARTESIAN_POINT('',(-0.01625430616024,0.0540000000000005,-0.0164493891173576));
#2642=CARTESIAN_POINT('',(-0.01625430616024,0.,-0.0164493891173576));
#2643=CARTESIAN_POINT('',(-0.0159688355800886,0.0540000000000005,-0.0165932352476428));
#2644=CARTESIAN_POINT('',(-0.0159688355800886,0.,-0.0165932352476428));
#2645=CARTESIAN_POINT('',(-0.015608967499711,0.0540000000000005,-0.0167627157693833));
#2646=CARTESIAN_POINT('',(-0.015608967499711,0.,-0.0167627157693833));
#2647=CARTESIAN_POINT('',(-0.0151741647439372,0.0540000000000005,-0.0169509186351324));
#2648=CARTESIAN_POINT('',(-0.0151741647439372,0.,-0.0169509186351324));
#2649=CARTESIAN_POINT('',(-0.014737535752337,0.0540000000000005,-0.017125109647595));
#2650=CARTESIAN_POINT('',(-0.014737535752337,0.,-0.017125109647595));
#2651=CARTESIAN_POINT('',(-0.0143736897440545,0.0540000000000005,-0.0172590717854091));
#2652=CARTESIAN_POINT('',(-0.0143736897440545,0.,-0.0172590717854091));
#2653=CARTESIAN_POINT('',(-0.0140830711718756,0.0540000000000005,-0.0173598245452811));
#2654=CARTESIAN_POINT('',(-0.0140830711718756,0.,-0.0173598245452811));
#2655=CARTESIAN_POINT('',(-0.0137952071841971,0.0540000000000005,-0.0174556554443386));
#2656=CARTESIAN_POINT('',(-0.0137952071841971,0.,-0.0174556554443386));
#2657=CARTESIAN_POINT('',(-0.0134418167819549,0.0540000000000005,-0.0175664193667728));
#2658=CARTESIAN_POINT('',(-0.0134418167819549,0.,-0.0175664193667728));
#2659=CARTESIAN_POINT('',(-0.0131002911453259,0.0540000000000005,-0.01766537304034));
#2660=CARTESIAN_POINT('',(-0.0131002911453259,0.,-0.01766537304034));
#2661=CARTESIAN_POINT('',(-0.0128360119077917,0.0540000000000005,-0.0177374711682877));
#2662=CARTESIAN_POINT('',(-0.0128360119077917,0.,-0.0177374711682877));
#2663=CARTESIAN_POINT('',(-0.0126749166691145,0.0540000000000005,-0.017779575952496));
#2664=CARTESIAN_POINT('',(-0.0126749166691145,0.,-0.017779575952496));
#2665=CARTESIAN_POINT('',(-0.0125485294026529,0.0540000000000005,-0.0178115102036529));
#2666=CARTESIAN_POINT('',(-0.0125485294026529,0.,-0.0178115102036529));
#2667=CARTESIAN_POINT('',(-0.0124241804550898,0.0540000000000005,-0.0178421949023386));
#2668=CARTESIAN_POINT('',(-0.0124241804550898,0.,-0.0178421949023386));
#2669=CARTESIAN_POINT('',(-0.012207803430244,0.0540000000000005,-0.0178936127386629));
#2670=CARTESIAN_POINT('',(-0.012207803430244,0.,-0.0178936127386629));
#2671=CARTESIAN_POINT('',(-0.0118963184546551,0.0540000000000005,-0.0179609894209132));
#2672=CARTESIAN_POINT('',(-0.0118963184546551,0.,-0.0179609894209132));
#2673=CARTESIAN_POINT('',(-0.011579694474595,0.0540000000000005,-0.0180195550059108));
#2674=CARTESIAN_POINT('',(-0.011579694474595,0.,-0.0180195550059108));
#2675=CARTESIAN_POINT('',(-0.0113206553237794,0.0540000000000005,-0.0180622139654938));
#2676=CARTESIAN_POINT('',(-0.0113206553237794,0.,-0.0180622139654938));
#2677=CARTESIAN_POINT('',(-0.0111218166980983,0.0540000000000005,-0.0180927010079848));
#2678=CARTESIAN_POINT('',(-0.0111218166980983,0.,-0.0180927010079848));
#2679=CARTESIAN_POINT('',(-0.0109148026677913,0.0540000000000005,-0.0181225321040344));
#2680=CARTESIAN_POINT('',(-0.0109148026677913,0.,-0.0181225321040344));
#2681=CARTESIAN_POINT('',(-0.0106267337960735,0.0540000000000005,-0.0181617531934255));
#2682=CARTESIAN_POINT('',(-0.0106267337960735,0.,-0.0181617531934255));
#2683=CARTESIAN_POINT('',(-0.0102482337746732,0.0540000000000005,-0.01820925378937));
#2684=CARTESIAN_POINT('',(-0.0102482337746732,0.,-0.01820925378937));
#2685=CARTESIAN_POINT('',(-0.009856110212023,0.0540000000000005,-0.0182532196983989));
#2686=CARTESIAN_POINT('',(-0.009856110212023,0.,-0.0182532196983989));
#2687=CARTESIAN_POINT('',(-0.00954144718613865,0.0540000000000005,-0.0182851182410969));
#2688=CARTESIAN_POINT('',(-0.00954144718613865,0.,-0.0182851182410969));
#2689=CARTESIAN_POINT('',(-0.00930655831108328,0.0540000000000005,-0.0183071020548129));
#2690=CARTESIAN_POINT('',(-0.00930655831108328,0.,-0.0183071020548129));
#2691=CARTESIAN_POINT('',(-0.00907432235170902,0.0540000000000005,-0.018326832033758));
#2692=CARTESIAN_POINT('',(-0.00907432235170902,0.,-0.018326832033758));
#2693=CARTESIAN_POINT('',(-0.00876905384958395,0.0540000000000005,-0.0183496841778513));
#2694=CARTESIAN_POINT('',(-0.00876905384958395,0.,-0.0183496841778513));
#2695=CARTESIAN_POINT('',(-0.00840584749854679,0.0540000000000005,-0.0183705673720546));
#2696=CARTESIAN_POINT('',(-0.00840584749854679,0.,-0.0183705673720546));
#2697=CARTESIAN_POINT('',(-0.00798632322194322,0.0540000000000005,-0.018385719040278));
#2698=CARTESIAN_POINT('',(-0.00798632322194322,0.,-0.018385719040278));
#2699=CARTESIAN_POINT('',(-0.00763762711176855,0.0540000000000005,-0.0183929640005563));
#2700=CARTESIAN_POINT('',(-0.00763762711176855,0.,-0.0183929640005563));
#2701=CARTESIAN_POINT('',(-0.00734564040349813,0.0540000000000005,-0.0183973980418357));
#2702=CARTESIAN_POINT('',(-0.00734564040349813,0.,-0.0183973980418357));
#2703=CARTESIAN_POINT('',(-0.00711568576135135,0.0540000000000005,-0.0184004492783408));
#2704=CARTESIAN_POINT('',(-0.00711568576135135,0.,-0.0184004492783408));
#2705=CARTESIAN_POINT('',(-0.00687109705387559,0.0540000000000005,-0.0184036222352121));
#2706=CARTESIAN_POINT('',(-0.00687109705387559,0.,-0.0184036222352121));
#2707=CARTESIAN_POINT('',(-0.00660437080454885,0.0540000000000005,-0.0184072688274942));
#2708=CARTESIAN_POINT('',(-0.00660437080454885,0.,-0.0184072688274942));
#2709=CARTESIAN_POINT('',(-0.00631672467416371,0.0540000000000005,-0.0184113094313483));
#2710=CARTESIAN_POINT('',(-0.00631672467416371,0.,-0.0184113094313483));
#2711=CARTESIAN_POINT('',(-0.0059076265529409,0.0540000000000005,-0.0184171568895232));
#2712=CARTESIAN_POINT('',(-0.0059076265529409,0.,-0.0184171568895232));
#2713=CARTESIAN_POINT('',(-0.00535220723939683,0.0540000000000005,-0.0184251868040419));
#2714=CARTESIAN_POINT('',(-0.00535220723939683,0.,-0.0184251868040419));
#2715=CARTESIAN_POINT('',(-0.00462768324956032,0.0540000000000005,-0.0184355375570092));
#2716=CARTESIAN_POINT('',(-0.00462768324956032,0.,-0.0184355375570092));
#2717=CARTESIAN_POINT('',(-0.00385736490860068,0.0540000000000005,-0.0184461657444108));
#2718=CARTESIAN_POINT('',(-0.00385736490860068,0.,-0.0184461657444108));
#2719=CARTESIAN_POINT('',(-0.00305337097673795,0.0540000000000005,-0.0184566338346999));
#2720=CARTESIAN_POINT('',(-0.00305337097673795,0.,-0.0184566338346999));
#2721=CARTESIAN_POINT('',(-0.00195259059534358,0.0540000000000005,-0.018469801656285));
#2722=CARTESIAN_POINT('',(-0.00195259059534358,0.,-0.018469801656285));
#2723=CARTESIAN_POINT('',(-0.000552233827226373,0.0540000000000005,-0.0184836517603106));
#2724=CARTESIAN_POINT('',(-0.000552233827226373,0.,-0.0184836517603106));
#2725=CARTESIAN_POINT('',(0.00107040635163851,0.0540000000000005,-0.0184927823275382));
#2726=CARTESIAN_POINT('',(0.00107040635163851,0.,-0.0184927823275382));
#2727=CARTESIAN_POINT('',(0.00266675412275912,0.0540000000000005,-0.0184971166804289));
#2728=CARTESIAN_POINT('',(0.00266675412275912,0.,-0.0184971166804289));
#2729=CARTESIAN_POINT('',(0.00400233122163456,0.0540000000000005,-0.018498813837652));
#2730=CARTESIAN_POINT('',(0.00400233122163456,0.,-0.018498813837652));
#2731=CARTESIAN_POINT('',(0.00509049498358757,0.0540000000000005,-0.0185002863699214));
#2732=CARTESIAN_POINT('',(0.00509049498358757,0.,-0.0185002863699214));
#2733=CARTESIAN_POINT('',(0.00592065511116394,0.0540000000000005,-0.0185017624951423));
#2734=CARTESIAN_POINT('',(0.00592065511116394,0.,-0.0185017624951423));
#2735=CARTESIAN_POINT('',(0.00662768988045024,0.0540000000000005,-0.0185035534777878));
#2736=CARTESIAN_POINT('',(0.00662768988045024,0.,-0.0185035534777878));
#2737=CARTESIAN_POINT('',(0.00720450581826465,0.0540000000000005,-0.0185054988902843));
#2738=CARTESIAN_POINT('',(0.00720450581826465,0.,-0.0185054988902843));
#2739=CARTESIAN_POINT('',(0.0077903895118527,0.0540000000000005,-0.0185077537609904));
#2740=CARTESIAN_POINT('',(0.0077903895118527,0.,-0.0185077537609904));
#2741=CARTESIAN_POINT('',(0.00853602516491023,0.0540000000000005,-0.0185107476209018));
#2742=CARTESIAN_POINT('',(0.00853602516491023,0.,-0.0185107476209018));
#2743=CARTESIAN_POINT('',(0.00944225223043575,0.0540000000000005,-0.0185134805595748));
#2744=CARTESIAN_POINT('',(0.00944225223043575,0.,-0.0185134805595748));
#2745=CARTESIAN_POINT('',(0.0103501814050183,0.0540000000000005,-0.0185141833143454));
#2746=CARTESIAN_POINT('',(0.0103501814050183,0.,-0.0185141833143454));
#2747=CARTESIAN_POINT('',(0.0115504819297294,0.0540000000000005,-0.0185108294703921));
#2748=CARTESIAN_POINT('',(0.0115504819297294,0.,-0.0185108294703921));
#2749=CARTESIAN_POINT('',(0.0127167635987813,0.0540000000000005,-0.0184986586363784));
#2750=CARTESIAN_POINT('',(0.0127167635987813,0.,-0.0184986586363784));
#2751=CARTESIAN_POINT('',(0.0136779523629727,0.0540000000000005,-0.0184757734180595));
#2752=CARTESIAN_POINT('',(0.0136779523629727,0.,-0.0184757734180595));
#2753=CARTESIAN_POINT('',(0.0142067742502525,0.0540000000000005,-0.0184584405594142));
#2754=CARTESIAN_POINT('',(0.0142067742502525,0.,-0.0184584405594142));
#2755=CARTESIAN_POINT('',(0.0145924843747595,0.0540000000000005,-0.0184430929710679));
#2756=CARTESIAN_POINT('',(0.0145924843747595,0.,-0.0184430929710679));
#2757=CARTESIAN_POINT('',(0.0149664988761463,0.0540000000000005,-0.0184251668836257));
#2758=CARTESIAN_POINT('',(0.0149664988761463,0.,-0.0184251668836257));
#2759=CARTESIAN_POINT('',(0.0153291139890902,0.0540000000000005,-0.0184043165028612));
#2760=CARTESIAN_POINT('',(0.0153291139890902,0.,-0.0184043165028612));
#2761=CARTESIAN_POINT('',(0.0156774157741753,0.0540000000000005,-0.018380390834323));
#2762=CARTESIAN_POINT('',(0.0156774157741753,0.,-0.018380390834323));
#2763=CARTESIAN_POINT('',(0.0161225798257867,0.0540000000000005,-0.0183445179835643));
#2764=CARTESIAN_POINT('',(0.0161225798257867,0.,-0.0183445179835643));
#2765=CARTESIAN_POINT('',(0.0166461580274478,0.0540000000000005,-0.018292161246229));
#2766=CARTESIAN_POINT('',(0.0166461580274478,0.,-0.018292161246229));
#2767=CARTESIAN_POINT('',(0.0172287183077984,0.0540000000000005,-0.0182173699632541));
#2768=CARTESIAN_POINT('',(0.0172287183077984,0.,-0.0182173699632541));
#2769=CARTESIAN_POINT('',(0.0176808376706138,0.0540000000000005,-0.0181453401810495));
#2770=CARTESIAN_POINT('',(0.0176808376706138,0.,-0.0181453401810495));
#2771=CARTESIAN_POINT('',(0.0180244740905867,0.0540000000000005,-0.0180823825891037));
#2772=CARTESIAN_POINT('',(0.0180244740905867,0.,-0.0180823825891037));
#2773=CARTESIAN_POINT('',(0.0182735053740634,0.0540000000000005,-0.0180327117384926));
#2774=CARTESIAN_POINT('',(0.0182735053740634,0.,-0.0180327117384926));
#2775=CARTESIAN_POINT('',(0.0185140697053903,0.0540000000000005,-0.0179808473878817));
#2776=CARTESIAN_POINT('',(0.0185140697053903,0.,-0.0179808473878817));
#2777=CARTESIAN_POINT('',(0.0188240153561726,0.0540000000000005,-0.017909216537861));
#2778=CARTESIAN_POINT('',(0.0188240153561726,0.,-0.017909216537861));
#2779=CARTESIAN_POINT('',(0.0192002691869166,0.0540000000000005,-0.0178133541472538));
#2780=CARTESIAN_POINT('',(0.0192002691869166,0.,-0.0178133541472538));
#2781=CARTESIAN_POINT('',(0.0195623725699457,0.0540000000000005,-0.0177097781862019));
#2782=CARTESIAN_POINT('',(0.0195623725699457,0.,-0.0177097781862019));
#2783=CARTESIAN_POINT('',(0.0198453583044252,0.0540000000000005,-0.0176228734721683));
#2784=CARTESIAN_POINT('',(0.0198453583044252,0.,-0.0176228734721683));
#2785=CARTESIAN_POINT('',(0.0200548281423118,0.0540000000000005,-0.0175558250277282));
#2786=CARTESIAN_POINT('',(0.0200548281423118,0.,-0.0175558250277282));
#2787=CARTESIAN_POINT('',(0.020227645743525,0.0540000000000005,-0.0174985036918913));
#2788=CARTESIAN_POINT('',(0.020227645743525,0.,-0.0174985036918913));
#2789=CARTESIAN_POINT('',(0.0203654469269651,0.0540000000000005,-0.0174517597046631));
#2790=CARTESIAN_POINT('',(0.0203654469269651,0.,-0.0174517597046631));
#2791=CARTESIAN_POINT('',(0.0204683856913008,0.0540000000000005,-0.0174163669926842));
#2792=CARTESIAN_POINT('',(0.0204683856913008,0.,-0.0174163669926842));
#2793=CARTESIAN_POINT('',(0.0205723620894436,0.0540000000000005,-0.0173801860104955));
#2794=CARTESIAN_POINT('',(0.0205723620894436,0.,-0.0173801860104955));
#2795=CARTESIAN_POINT('',(0.0207146883875408,0.0540000000000005,-0.017329994294267));
#2796=CARTESIAN_POINT('',(0.0207146883875408,0.,-0.017329994294267));
#2797=CARTESIAN_POINT('',(0.0208980714863355,0.0540000000000005,-0.0172638919903152));
#2798=CARTESIAN_POINT('',(0.0208980714863355,0.,-0.0172638919903152));
#2799=CARTESIAN_POINT('',(0.0211263211300993,0.0540000000000005,-0.0171787101850743));
#2800=CARTESIAN_POINT('',(0.0211263211300993,0.,-0.0171787101850743));
#2801=CARTESIAN_POINT('',(0.0213618278765576,0.0540000000000005,-0.0170872775025727));
#2802=CARTESIAN_POINT('',(0.0213618278765576,0.,-0.0170872775025727));
#2803=CARTESIAN_POINT('',(0.0216038470437181,0.0540000000000005,-0.0169890940505874));
#2804=CARTESIAN_POINT('',(0.0216038470437181,0.,-0.0169890940505874));
#2805=CARTESIAN_POINT('',(0.0218516567790253,0.0540000000000005,-0.0168835995219115));
#2806=CARTESIAN_POINT('',(0.0218516567790253,0.,-0.0168835995219115));
#2807=CARTESIAN_POINT('',(0.0221045911688286,0.0540000000000005,-0.0167701494965978));
#2808=CARTESIAN_POINT('',(0.0221045911688286,0.,-0.0167701494965978));
#2809=CARTESIAN_POINT('',(0.0223620017108936,0.0540000000000005,-0.016648018878072));
#2810=CARTESIAN_POINT('',(0.0223620017108936,0.,-0.016648018878072));
#2811=CARTESIAN_POINT('',(0.0225797540474013,0.0540000000000005,-0.0165382987683615));
#2812=CARTESIAN_POINT('',(0.0225797540474013,0.,-0.0165382987683615));
#2813=CARTESIAN_POINT('',(0.0227555248362645,0.0540000000000005,-0.0164453240615987));
#2814=CARTESIAN_POINT('',(0.0227555248362645,0.,-0.0164453240615987));
#2815=CARTESIAN_POINT('',(0.0229324635332959,0.0540000000000005,-0.0163485655147899));
#2816=CARTESIAN_POINT('',(0.0229324635332959,0.,-0.0163485655147899));
#2817=CARTESIAN_POINT('',(0.023151643593653,0.0540000000000005,-0.0162225322865775));
#2818=CARTESIAN_POINT('',(0.023151643593653,0.,-0.0162225322865775));
#2819=CARTESIAN_POINT('',(0.0234980588588448,0.0540000000000005,-0.0160097157048817));
#2820=CARTESIAN_POINT('',(0.0234980588588448,0.,-0.0160097157048817));
#2821=CARTESIAN_POINT('',(0.0239220114007968,0.0540000000000005,-0.0157226892899146));
#2822=CARTESIAN_POINT('',(0.0239220114007968,0.,-0.0157226892899146));
#2823=CARTESIAN_POINT('',(0.0243316959765671,0.0540000000000005,-0.0154077481781642));
#2824=CARTESIAN_POINT('',(0.0243316959765671,0.,-0.0154077481781642));
#2825=CARTESIAN_POINT('',(0.0246497410098361,0.0540000000000005,-0.0151394670427663));
#2826=CARTESIAN_POINT('',(0.0246497410098361,0.,-0.0151394670427663));
#2827=CARTESIAN_POINT('',(0.0248831901508981,0.0540000000000005,-0.01493026057248));
#2828=CARTESIAN_POINT('',(0.0248831901508981,0.,-0.01493026057248));
#2829=CARTESIAN_POINT('',(0.025073384495001,0.0540000000000005,-0.0147493487040475));
#2830=CARTESIAN_POINT('',(0.025073384495001,0.,-0.0147493487040475));
#2831=CARTESIAN_POINT('',(0.0252227620717029,0.0540000000000005,-0.0146008747058362));
#2832=CARTESIAN_POINT('',(0.0252227620717029,0.,-0.0146008747058362));
#2833=CARTESIAN_POINT('',(0.025333659134541,0.0540000000000005,-0.0144873893105826));
#2834=CARTESIAN_POINT('',(0.025333659134541,0.,-0.0144873893105826));
#2835=CARTESIAN_POINT('',(0.0254422294200573,0.0540000000000005,-0.0143730472649056));
#2836=CARTESIAN_POINT('',(0.0254422294200573,0.,-0.0143730472649056));
#2837=CARTESIAN_POINT('',(0.0255835446201139,0.0540000000000005,-0.0142201112904012));
#2838=CARTESIAN_POINT('',(0.0255835446201139,0.,-0.0142201112904012));
#2839=CARTESIAN_POINT('',(0.0257542313888304,0.0540000000000005,-0.0140279955356482));
#2840=CARTESIAN_POINT('',(0.0257542313888304,0.,-0.0140279955356482));
#2841=CARTESIAN_POINT('',(0.0259500281158545,0.0540000000000005,-0.0137967316585101));
#2842=CARTESIAN_POINT('',(0.0259500281158545,0.,-0.0137967316585101));
#2843=CARTESIAN_POINT('',(0.026199499023012,0.0540000000000005,-0.0134883511425201));
#2844=CARTESIAN_POINT('',(0.026199499023012,0.,-0.0134883511425201));
#2845=CARTESIAN_POINT('',(0.0264319046410474,0.0540000000000005,-0.013181438916656));
#2846=CARTESIAN_POINT('',(0.0264319046410474,0.,-0.013181438916656));
#2847=CARTESIAN_POINT('',(0.0266473402850678,0.0540000000000005,-0.0128784629793872));
#2848=CARTESIAN_POINT('',(0.0266473402850678,0.,-0.0128784629793872));
#2849=CARTESIAN_POINT('',(0.0268004294757245,0.0540000000000005,-0.0126535265658205));
#2850=CARTESIAN_POINT('',(0.0268004294757245,0.,-0.0126535265658205));
#2851=CARTESIAN_POINT('',(0.0269209792436441,0.0540000000000005,-0.01246805331728));
#2852=CARTESIAN_POINT('',(0.0269209792436441,0.,-0.01246805331728));
#2853=CARTESIAN_POINT('',(0.027013346146146,0.0540000000000005,-0.0123205357291135));
#2854=CARTESIAN_POINT('',(0.027013346146146,0.,-0.0123205357291135));
#2855=CARTESIAN_POINT('',(0.0270805627923111,0.0540000000000005,-0.0122102945984609));
#2856=CARTESIAN_POINT('',(0.0270805627923111,0.,-0.0122102945984609));
#2857=CARTESIAN_POINT('',(0.0271460945458933,0.0540000000000005,-0.0120997268409028));
#2858=CARTESIAN_POINT('',(0.0271460945458933,0.,-0.0120997268409028));
#2859=CARTESIAN_POINT('',(0.0272318836830869,0.0540000000000005,-0.0119503711719711));
#2860=CARTESIAN_POINT('',(0.0272318836830869,0.,-0.0119503711719711));
#2861=CARTESIAN_POINT('',(0.0273356126611696,0.0540000000000005,-0.0117601659991606));
#2862=CARTESIAN_POINT('',(0.0273356126611696,0.,-0.0117601659991606));
#2863=CARTESIAN_POINT('',(0.0274531601198096,0.0540000000000005,-0.0115266286958491));
#2864=CARTESIAN_POINT('',(0.0274531601198096,0.,-0.0115266286958491));
#2865=CARTESIAN_POINT('',(0.027562004918828,0.0540000000000005,-0.011290376462161));
#2866=CARTESIAN_POINT('',(0.027562004918828,0.,-0.011290376462161));
#2867=CARTESIAN_POINT('',(0.0276609623384782,0.0540000000000005,-0.0110548973933877));
#2868=CARTESIAN_POINT('',(0.0276609623384782,0.,-0.0110548973933877));
#2869=CARTESIAN_POINT('',(0.0277499878153966,0.0540000000000005,-0.0108232291907082));
#2870=CARTESIAN_POINT('',(0.0277499878153966,0.,-0.0108232291907082));
#2871=CARTESIAN_POINT('',(0.027830322745967,0.0540000000000005,-0.0105965129815989));
#2872=CARTESIAN_POINT('',(0.027830322745967,0.,-0.0105965129815989));
#2873=CARTESIAN_POINT('',(0.0279040384616136,0.0540000000000005,-0.0103739208775832));
#2874=CARTESIAN_POINT('',(0.0279040384616136,0.,-0.0103739208775832));
#2875=CARTESIAN_POINT('',(0.027974211447731,0.0540000000000005,-0.0101505173317382));
#2876=CARTESIAN_POINT('',(0.027974211447731,0.,-0.0101505173317382));
#2877=CARTESIAN_POINT('',(0.0280639884562422,0.0540000000000005,-0.00985191516454645));
#2878=CARTESIAN_POINT('',(0.0280639884562422,0.,-0.00985191516454645));
#2879=CARTESIAN_POINT('',(0.0281482722287969,0.0540000000000005,-0.00955543662732225));
#2880=CARTESIAN_POINT('',(0.0281482722287969,0.,-0.00955543662732225));
#2881=CARTESIAN_POINT('',(0.0282255185274608,0.0540000000000005,-0.00927162583651733));
#2882=CARTESIAN_POINT('',(0.0282255185274608,0.,-0.00927162583651733));
#2883=CARTESIAN_POINT('',(0.0282793335566778,0.0540000000000005,-0.00906815032535142));
#2884=CARTESIAN_POINT('',(0.0282793335566778,0.,-0.00906815032535142));
#2885=CARTESIAN_POINT('',(0.0283284811641015,0.0540000000000005,-0.00887686879568404));
#2886=CARTESIAN_POINT('',(0.0283284811641015,0.,-0.00887686879568404));
#2887=CARTESIAN_POINT('',(0.0283724847598115,0.0540000000000005,-0.00870004395234845));
#2888=CARTESIAN_POINT('',(0.0283724847598115,0.,-0.00870004395234845));
#2889=CARTESIAN_POINT('',(0.0284111629884031,0.0540000000000005,-0.00853871668024704));
#2890=CARTESIAN_POINT('',(0.0284111629884031,0.,-0.00853871668024704));
#2891=CARTESIAN_POINT('',(0.0284471930076294,0.0540000000000005,-0.0083796383799381));
#2892=CARTESIAN_POINT('',(0.0284471930076294,0.,-0.0083796383799381));
#2893=CARTESIAN_POINT('',(0.0284804522600968,0.0540000000000005,-0.00822006285268309));
#2894=CARTESIAN_POINT('',(0.0284804522600968,0.,-0.00822006285268309));
#2895=CARTESIAN_POINT('',(0.0285100594443397,0.0540000000000005,-0.00806318540834751));
#2896=CARTESIAN_POINT('',(0.0285100594443397,0.,-0.00806318540834751));
#2897=CARTESIAN_POINT('',(0.0285315433928479,0.0540000000000005,-0.00793819517810014));
#2898=CARTESIAN_POINT('',(0.0285315433928479,0.,-0.00793819517810014));
#2899=CARTESIAN_POINT('',(0.0285455909110865,0.0540000000000005,-0.00785229124919613));
#2900=CARTESIAN_POINT('',(0.0285455909110865,0.,-0.00785229124919613));
#2901=CARTESIAN_POINT('',(0.028553466482016,0.0540000000000005,-0.00780319862719848));
#2902=CARTESIAN_POINT('',(0.028553466482016,0.,-0.00780319862719848));
#2903=CARTESIAN_POINT('',(0.0285654751800146,0.0540000000000005,-0.00772747029361147));
#2904=CARTESIAN_POINT('',(0.0285654751800146,0.,-0.00772747029361147));
#2905=CARTESIAN_POINT('',(0.0285841131285923,0.0540000000000005,-0.00760656380832847));
#2906=CARTESIAN_POINT('',(0.0285841131285923,0.,-0.00760656380832847));
#2907=CARTESIAN_POINT('',(0.0286184070561601,0.0540000000000005,-0.00737317889951473));
#2908=CARTESIAN_POINT('',(0.0286184070561601,0.,-0.00737317889951473));
#2909=CARTESIAN_POINT('',(0.0286532305940038,0.0540000000000005,-0.00711713294148436));
#2910=CARTESIAN_POINT('',(0.0286532305940038,0.,-0.00711713294148436));
#2911=CARTESIAN_POINT('',(0.028681853692161,0.0540000000000005,-0.00688142743796567));
#2912=CARTESIAN_POINT('',(0.028681853692161,0.,-0.00688142743796567));
#2913=CARTESIAN_POINT('',(0.0286973305855307,0.0540000000000005,-0.00674421647381098));
#2914=CARTESIAN_POINT('',(0.0286973305855307,0.,-0.00674421647381098));
#2915=CARTESIAN_POINT('',(0.0287084091903931,0.0540000000000005,-0.00664016177295974));
#2916=CARTESIAN_POINT('',(0.0287084091903931,0.,-0.00664016177295974));
#2917=CARTESIAN_POINT('',(0.0287188604153884,0.0540000000000005,-0.00653503958596263));
#2918=CARTESIAN_POINT('',(0.0287188604153884,0.,-0.00653503958596263));
#2919=CARTESIAN_POINT('',(0.02872697216628,0.0540000000000005,-0.00644640196851159));
#2920=CARTESIAN_POINT('',(0.02872697216628,0.,-0.00644640196851159));
#2921=CARTESIAN_POINT('',(0.0287330216598445,0.0540000000000005,-0.0063749749211777));
#2922=CARTESIAN_POINT('',(0.0287330216598445,0.,-0.0063749749211777));
#2923=CARTESIAN_POINT('',(0.0287386207596088,0.0540000000000005,-0.00630511648123901));
#2924=CARTESIAN_POINT('',(0.0287386207596088,0.,-0.00630511648123901));
#2925=CARTESIAN_POINT('',(0.0287448753069099,0.0540000000000005,-0.00622009962403669));
#2926=CARTESIAN_POINT('',(0.0287448753069099,0.,-0.00622009962403669));
#2927=CARTESIAN_POINT('',(0.0287512895471237,0.0540000000000005,-0.00612215055228332));
#2928=CARTESIAN_POINT('',(0.0287512895471237,0.,-0.00612215055228332));
#2929=CARTESIAN_POINT('',(0.0287585623918482,0.0540000000000005,-0.00599713140797567));
#2930=CARTESIAN_POINT('',(0.0287585623918482,0.,-0.00599713140797567));
#2931=CARTESIAN_POINT('',(0.0287655768565342,0.0540000000000005,-0.00585178656729213));
#2932=CARTESIAN_POINT('',(0.0287655768565342,0.,-0.00585178656729213));
#2933=CARTESIAN_POINT('',(0.0287717246204817,0.0540000000000005,-0.00569605566457495));
#2934=CARTESIAN_POINT('',(0.0287717246204817,0.,-0.00569605566457495));
#2935=CARTESIAN_POINT('',(0.0287757711157412,0.0540000000000005,-0.00558249815642596));
#2936=CARTESIAN_POINT('',(0.0287757711157412,0.,-0.00558249815642596));
#2937=CARTESIAN_POINT('',(0.0287787552718437,0.0540000000000005,-0.00550136083745894));
#2938=CARTESIAN_POINT('',(0.0287787552718437,0.,-0.00550136083745894));
#2939=CARTESIAN_POINT('',(0.028780573817892,0.0540000000000005,-0.00545464780781443));
#2940=CARTESIAN_POINT('',(0.028780573817892,0.,-0.00545464780781443));
#2941=CARTESIAN_POINT('',(0.0287820347059107,0.0540000000000005,-0.00541951344647622));
#2942=CARTESIAN_POINT('',(0.0287820347059107,0.,-0.00541951344647622));
#2943=CARTESIAN_POINT('',(0.0287831290538864,0.0540000000000005,-0.00539447564727642));
#2944=CARTESIAN_POINT('',(0.0287831290538864,0.,-0.00539447564727642));
#2945=CARTESIAN_POINT('',(0.0287842682591826,0.0540000000000005,-0.0053698172128009));
#2946=CARTESIAN_POINT('',(0.0287842682591826,0.,-0.0053698172128009));
#2947=CARTESIAN_POINT('',(0.0287859323467187,0.0540000000000005,-0.00533547305760434));
#2948=CARTESIAN_POINT('',(0.0287859323467187,0.,-0.00533547305760434));
#2949=CARTESIAN_POINT('',(0.0287882428629793,0.0540000000000005,-0.00529053844677128));
#2950=CARTESIAN_POINT('',(0.0287882428629793,0.,-0.00529053844677128));
#2951=CARTESIAN_POINT('',(0.028792418745659,0.0540000000000005,-0.0052136016181894));
#2952=CARTESIAN_POINT('',(0.028792418745659,0.,-0.0052136016181894));
#2953=CARTESIAN_POINT('',(0.0287984477863909,0.0540000000000005,-0.00510752249524092));
#2954=CARTESIAN_POINT('',(0.0287984477863909,0.,-0.00510752249524092));
#2955=CARTESIAN_POINT('',(0.0288065083311932,0.0540000000000005,-0.00496324728574786));
#2956=CARTESIAN_POINT('',(0.0288065083311932,0.,-0.00496324728574786));
#2957=CARTESIAN_POINT('',(0.0288147013864936,0.0540000000000005,-0.00480189392165693));
#2958=CARTESIAN_POINT('',(0.0288147013864936,0.,-0.00480189392165693));
#2959=CARTESIAN_POINT('',(0.0288209701193907,0.0540000000000005,-0.00465347978894391));
#2960=CARTESIAN_POINT('',(0.0288209701193907,0.,-0.00465347978894391));
#2961=CARTESIAN_POINT('',(0.0288252420883396,0.0540000000000005,-0.00452680729220137));
#2962=CARTESIAN_POINT('',(0.0288252420883396,0.,-0.00452680729220137));
#2963=CARTESIAN_POINT('',(0.0288279866210688,0.0540000000000005,-0.00442755638600081));
#2964=CARTESIAN_POINT('',(0.0288279866210688,0.,-0.00442755638600081));
#2965=CARTESIAN_POINT('',(0.0288301521121969,0.0540000000000005,-0.00432556000255113));
#2966=CARTESIAN_POINT('',(0.0288301521121969,0.,-0.00432556000255113));
#2967=CARTESIAN_POINT('',(0.0288322385457562,0.0540000000000005,-0.00418686873610532));
#2968=CARTESIAN_POINT('',(0.0288322385457562,0.,-0.00418686873610532));
#2969=CARTESIAN_POINT('',(0.0288333224219085,0.0540000000000005,-0.0040080601667221));
#2970=CARTESIAN_POINT('',(0.0288333224219085,0.,-0.0040080601667221));
#2971=CARTESIAN_POINT('',(0.0288320417100899,0.0540000000000005,-0.00378531709034869));
#2972=CARTESIAN_POINT('',(0.0288320417100899,0.,-0.00378531709034869));
#2973=CARTESIAN_POINT('',(0.0288266485638895,0.0540000000000005,-0.00347815987450509));
#2974=CARTESIAN_POINT('',(0.0288266485638895,0.,-0.00347815987450509));
#2975=CARTESIAN_POINT('',(0.0288153178656789,0.0540000000000005,-0.00315710920365288));
#2976=CARTESIAN_POINT('',(0.0288153178656789,0.,-0.00315710920365288));
#2977=CARTESIAN_POINT('',(0.028797022534716,0.0540000000000005,-0.00282506246065256));
#2978=CARTESIAN_POINT('',(0.028797022534716,0.,-0.00282506246065256));
#2979=CARTESIAN_POINT('',(0.0287824151216449,0.0540000000000005,-0.00261347149682423));
#2980=CARTESIAN_POINT('',(0.0287824151216449,0.,-0.00261347149682423));
#2981=CARTESIAN_POINT('',(0.0287686583521961,0.0540000000000005,-0.00244221014997874));
#2982=CARTESIAN_POINT('',(0.0287686583521961,0.,-0.00244221014997874));
#2983=CARTESIAN_POINT('',(0.0287572211447182,0.0540000000000005,-0.00231248915615289));
#2984=CARTESIAN_POINT('',(0.0287572211447182,0.,-0.00231248915615289));
#2985=CARTESIAN_POINT('',(0.0287447410263898,0.0540000000000005,-0.0021829802445575));
#2986=CARTESIAN_POINT('',(0.0287447410263898,0.,-0.0021829802445575));
#2987=CARTESIAN_POINT('',(0.0287269755445298,0.0540000000000005,-0.00201249600789966));
#2988=CARTESIAN_POINT('',(0.0287269755445298,0.,-0.00201249600789966));
#2989=CARTESIAN_POINT('',(0.0287027560058573,0.0540000000000005,-0.00180288061086548));
#2990=CARTESIAN_POINT('',(0.0287027560058573,0.,-0.00180288061086548));
#2991=CARTESIAN_POINT('',(0.0286710085377812,0.0540000000000005,-0.00155795844554554));
#2992=CARTESIAN_POINT('',(0.0286710085377812,0.,-0.00155795844554554));
#2993=CARTESIAN_POINT('',(0.0286370306207004,0.0540000000000005,-0.00132041996653297));
#2994=CARTESIAN_POINT('',(0.0286370306207004,0.,-0.00132041996653297));
#2995=CARTESIAN_POINT('',(0.0286012340625934,0.0540000000000005,-0.00109111282900778));
#2996=CARTESIAN_POINT('',(0.0286012340625934,0.,-0.00109111282900778));
#2997=CARTESIAN_POINT('',(0.0285639642504739,0.0540000000000005,-0.000870765666706049));
#2998=CARTESIAN_POINT('',(0.0285639642504739,0.,-0.000870765666706049));
#2999=CARTESIAN_POINT('',(0.0285318948926245,0.0540000000000005,-0.000695058441328675));
#3000=CARTESIAN_POINT('',(0.0285318948926245,0.,-0.000695058441328675));
#3001=CARTESIAN_POINT('',(0.028505680505111,0.0540000000000005,-0.000559283529887967));
#3002=CARTESIAN_POINT('',(0.028505680505111,0.,-0.000559283529887967));
#3003=CARTESIAN_POINT('',(0.0284857328838048,0.0540000000000005,-0.000459808190962859));
#3004=CARTESIAN_POINT('',(0.0284857328838048,0.,-0.000459808190962859));
#3005=CARTESIAN_POINT('',(0.028465445207766,0.0540000000000005,-0.000362498218152333));
#3006=CARTESIAN_POINT('',(0.028465445207766,0.,-0.000362498218152333));
#3007=CARTESIAN_POINT('',(0.0284448326675469,0.0540000000000005,-0.000267441192945514));
#3008=CARTESIAN_POINT('',(0.0284448326675469,0.,-0.000267441192945514));
#3009=CARTESIAN_POINT('',(0.0284228725016792,0.0540000000000005,-0.000170509993351907));
#3010=CARTESIAN_POINT('',(0.0284228725016792,0.,-0.000170509993351907));
#3011=CARTESIAN_POINT('',(0.0283914855104208,0.0540000000000005,-3.87893013290732E-5));
#3012=CARTESIAN_POINT('',(0.0283914855104208,0.,-3.87893013290732E-5));
#3013=CARTESIAN_POINT('',(0.0283476116563945,0.0540000000000005,0.000131004161464221));
#3014=CARTESIAN_POINT('',(0.0283476116563945,0.,0.000131004161464221));
#3015=CARTESIAN_POINT('',(0.0282871308684618,0.0540000000000005,0.000338785503453177));
#3016=CARTESIAN_POINT('',(0.0282871308684618,0.,0.000338785503453177));
#3017=CARTESIAN_POINT('',(0.0282317008222404,0.0540000000000005,0.000509232687781967));
#3018=CARTESIAN_POINT('',(0.0282317008222404,0.,0.000509232687781967));
#3019=CARTESIAN_POINT('',(0.0281855502498029,0.0540000000000005,0.000641791118545388));
#3020=CARTESIAN_POINT('',(0.0281855502498029,0.,0.000641791118545388));
#3021=CARTESIAN_POINT('',(0.0281502502907654,0.0540000000000005,0.000739295793525659));
#3022=CARTESIAN_POINT('',(0.0281502502907654,0.,0.000739295793525659));
#3023=CARTESIAN_POINT('',(0.0281142687879068,0.0540000000000005,0.000835400656386915));
#3024=CARTESIAN_POINT('',(0.0281142687879068,0.,0.000835400656386915));
#3025=CARTESIAN_POINT('',(0.0280778887097032,0.0540000000000005,0.000929958153994508));
#3026=CARTESIAN_POINT('',(0.0280778887097032,0.,0.000929958153994508));
#3027=CARTESIAN_POINT('',(0.0280391462605452,0.0540000000000005,0.00102831414157224));
#3028=CARTESIAN_POINT('',(0.0280391462605452,0.,0.00102831414157224));
#3029=CARTESIAN_POINT('',(0.0279842065544713,0.0540000000000005,0.00116450907887344));
#3030=CARTESIAN_POINT('',(0.0279842065544713,0.,0.00116450907887344));
#3031=CARTESIAN_POINT('',(0.0279092906633018,0.0540000000000005,0.001343955284297));
#3032=CARTESIAN_POINT('',(0.0279092906633018,0.,0.001343955284297));
#3033=CARTESIAN_POINT('',(0.0278090959816117,0.0540000000000005,0.00157287354602761));
#3034=CARTESIAN_POINT('',(0.0278090959816117,0.,0.00157287354602761));
#3035=CARTESIAN_POINT('',(0.0276983032244405,0.0540000000000005,0.00181398296798118));
#3036=CARTESIAN_POINT('',(0.0276983032244405,0.,0.00181398296798118));
#3037=CARTESIAN_POINT('',(0.0275765285739378,0.0540000000000005,0.00206583091604016));
#3038=CARTESIAN_POINT('',(0.0275765285739378,0.,0.00206583091604016));
#3039=CARTESIAN_POINT('',(0.0274432514346435,0.0540000000000005,0.00232697708749732));
#3040=CARTESIAN_POINT('',(0.0274432514346435,0.,0.00232697708749732));
#3041=CARTESIAN_POINT('',(0.027297744128625,0.0540000000000005,0.00259605224012306));
#3042=CARTESIAN_POINT('',(0.027297744128625,0.,0.00259605224012306));
#3043=CARTESIAN_POINT('',(0.0271654485469668,0.0540000000000005,0.00282584624597596));
#3044=CARTESIAN_POINT('',(0.0271654485469668,0.,0.00282584624597596));
#3045=CARTESIAN_POINT('',(0.027052272324437,0.0540000000000005,0.00301245865716165));
#3046=CARTESIAN_POINT('',(0.027052272324437,0.,0.00301245865716165));
#3047=CARTESIAN_POINT('',(0.0269782702586915,0.0540000000000005,0.00313016528484344));
#3048=CARTESIAN_POINT('',(0.0269782702586915,0.,0.00313016528484344));
#3049=CARTESIAN_POINT('',(0.026917002402677,0.0540000000000005,0.00322487297486241));
#3050=CARTESIAN_POINT('',(0.026917002402677,0.,0.00322487297486241));
#3051=CARTESIAN_POINT('',(0.0268699041466395,0.0540000000000005,0.00329627620730918));
#3052=CARTESIAN_POINT('',(0.0268699041466395,0.,0.00329627620730918));
#3053=CARTESIAN_POINT('',(0.0268219227959591,0.0540000000000005,0.00336757239020765));
#3054=CARTESIAN_POINT('',(0.0268219227959591,0.,0.00336757239020765));
#3055=CARTESIAN_POINT('',(0.0267578044618611,0.0540000000000005,0.00346099384325849));
#3056=CARTESIAN_POINT('',(0.0267578044618611,0.,0.00346099384325849));
#3057=CARTESIAN_POINT('',(0.0266770222057092,0.0540000000000005,0.0035753784811277));
#3058=CARTESIAN_POINT('',(0.0266770222057092,0.,0.0035753784811277));
#3059=CARTESIAN_POINT('',(0.0265468644854979,0.0540000000000005,0.00375313802026944));
#3060=CARTESIAN_POINT('',(0.0265468644854979,0.,0.00375313802026944));
#3061=CARTESIAN_POINT('',(0.026382869880048,0.0540000000000005,0.0039658235235551));
#3062=CARTESIAN_POINT('',(0.026382869880048,0.,0.0039658235235551));
#3063=CARTESIAN_POINT('',(0.0261854777185408,0.0540000000000005,0.00420640867239292));
#3064=CARTESIAN_POINT('',(0.0261854777185408,0.,0.00420640867239292));
#3065=CARTESIAN_POINT('',(0.0259888368610152,0.0540000000000005,0.00443290157056165));
#3066=CARTESIAN_POINT('',(0.0259888368610152,0.,0.00443290157056165));
#3067=CARTESIAN_POINT('',(0.0257942424201522,0.0540000000000005,0.00464574780103018));
#3068=CARTESIAN_POINT('',(0.0257942424201522,0.,0.00464574780103018));
#3069=CARTESIAN_POINT('',(0.0256029563220871,0.0540000000000005,0.00484530079207795));
#3070=CARTESIAN_POINT('',(0.0256029563220871,0.,0.00484530079207795));
#3071=CARTESIAN_POINT('',(0.0254161914651059,0.0540000000000005,0.00503185307574368));
#3072=CARTESIAN_POINT('',(0.0254161914651059,0.,0.00503185307574368));
#3073=CARTESIAN_POINT('',(0.0252352811008572,0.0540000000000005,0.00520551055806622));
#3074=CARTESIAN_POINT('',(0.0252352811008572,0.,0.00520551055806622));
#3075=CARTESIAN_POINT('',(0.0250901631556894,0.0540000000000005,0.00533980641442616));
#3076=CARTESIAN_POINT('',(0.0250901631556894,0.,0.00533980641442616));
#3077=CARTESIAN_POINT('',(0.0249787604113597,0.0540000000000005,0.00544044013905977));
#3078=CARTESIAN_POINT('',(0.0249787604113597,0.,0.00544044013905977));
#3079=CARTESIAN_POINT('',(0.024894233971093,0.0540000000000005,0.00551553709915995));
#3080=CARTESIAN_POINT('',(0.024894233971093,0.,0.00551553709915995));
#3081=CARTESIAN_POINT('',(0.024808622873752,0.0540000000000005,0.00559017685289365));
#3082=CARTESIAN_POINT('',(0.024808622873752,0.,0.00559017685289365));
#3083=CARTESIAN_POINT('',(0.0246927456246271,0.0540000000000005,0.00568915442674077));
#3084=CARTESIAN_POINT('',(0.0246927456246271,0.,0.00568915442674077));
#3085=CARTESIAN_POINT('',(0.0244850393948505,0.0540000000000005,0.00586081592028172));
#3086=CARTESIAN_POINT('',(0.0244850393948505,0.,0.00586081592028172));
#3087=CARTESIAN_POINT('',(0.0241732606534859,0.0540000000000005,0.00609980409101883));
#3088=CARTESIAN_POINT('',(0.0241732606534859,0.,0.00609980409101883));
#3089=CARTESIAN_POINT('',(0.0238802271480546,0.0540000000000005,0.00630114339202803));
#3090=CARTESIAN_POINT('',(0.0238802271480546,0.,0.00630114339202803));
#3091=CARTESIAN_POINT('',(0.0236812040067988,0.0540000000000005,0.0064298899230435));
#3092=CARTESIAN_POINT('',(0.0236812040067988,0.,0.0064298899230435));
#3093=CARTESIAN_POINT('',(0.0235476241642808,0.0540000000000005,0.00651437223061938));
#3094=CARTESIAN_POINT('',(0.0235476241642808,0.,0.00651437223061938));
#3095=CARTESIAN_POINT('',(0.023376344406684,0.0540000000000005,0.00661929523166487));
#3096=CARTESIAN_POINT('',(0.023376344406684,0.,0.00661929523166487));
#3097=CARTESIAN_POINT('',(0.0231630958540363,0.0540000000000005,0.00674472117427473));
#3098=CARTESIAN_POINT('',(0.0231630958540363,0.,0.00674472117427473));
#3099=CARTESIAN_POINT('',(0.0228686233793635,0.0540000000000005,0.00691117590457783));
#3100=CARTESIAN_POINT('',(0.0228686233793635,0.,0.00691117590457783));
#3101=CARTESIAN_POINT('',(0.0224817494984701,0.0540000000000005,0.00711736297386033));
#3102=CARTESIAN_POINT('',(0.0224817494984701,0.,0.00711736297386033));
#3103=CARTESIAN_POINT('',(0.02207168015549,0.0540000000000005,0.00731847408817728));
#3104=CARTESIAN_POINT('',(0.02207168015549,0.,0.00731847408817728));
#3105=CARTESIAN_POINT('',(0.0217308715329492,0.0540000000000005,0.00747422007677147));
#3106=CARTESIAN_POINT('',(0.0217308715329492,0.,0.00747422007677147));
#3107=CARTESIAN_POINT('',(0.0215127514729024,0.0540000000000005,0.00756891144679985));
#3108=CARTESIAN_POINT('',(0.0215127514729024,0.,0.00756891144679985));
#3109=CARTESIAN_POINT('',(0.0213351790420439,0.0540000000000005,0.0076427951511656));
#3110=CARTESIAN_POINT('',(0.0213351790420439,0.,0.0076427951511656));
#3111=CARTESIAN_POINT('',(0.0211557823856462,0.0540000000000005,0.00771521069270372));
#3112=CARTESIAN_POINT('',(0.0211557823856462,0.,0.00771521069270372));
#3113=CARTESIAN_POINT('',(0.0209326911012483,0.0540000000000005,0.00780116637970803));
#3114=CARTESIAN_POINT('',(0.0209326911012483,0.,0.00780116637970803));
#3115=CARTESIAN_POINT('',(0.0206660297821556,0.0540000000000005,0.00789781244096692));
#3116=CARTESIAN_POINT('',(0.0206660297821556,0.,0.00789781244096692));
#3117=CARTESIAN_POINT('',(0.0203124973940767,0.0540000000000005,0.00801835808277591));
#3118=CARTESIAN_POINT('',(0.0203124973940767,0.,0.00801835808277591));
#3119=CARTESIAN_POINT('',(0.0198746065945125,0.0540000000000005,0.00815450633533184));
#3120=CARTESIAN_POINT('',(0.0198746065945125,0.,0.00815450633533184));
#3121=CARTESIAN_POINT('',(0.0193566424687939,0.0540000000000005,0.00829785804929433));
#3122=CARTESIAN_POINT('',(0.0193566424687939,0.,0.00829785804929433));
#3123=CARTESIAN_POINT('',(0.0189314503221549,0.0540000000000005,0.00840343446294441));
#3124=CARTESIAN_POINT('',(0.0189314503221549,0.,0.00840343446294441));
#3125=CARTESIAN_POINT('',(0.0186375609465634,0.0540000000000005,0.00847138353649575));
#3126=CARTESIAN_POINT('',(0.0186375609465634,0.,0.00847138353649575));
#3127=CARTESIAN_POINT('',(0.0184701650320721,0.0540000000000005,0.0085088246542764));
#3128=CARTESIAN_POINT('',(0.0184701650320721,0.,0.0085088246542764));
#3129=CARTESIAN_POINT('',(0.0182177779694871,0.0540000000000005,0.00856400941843643));
#3130=CARTESIAN_POINT('',(0.0182177779694871,0.,0.00856400941843643));
#3131=CARTESIAN_POINT('',(0.0178362155559763,0.0540000000000005,0.00864264393292899));
#3132=CARTESIAN_POINT('',(0.0178362155559763,0.,0.00864264393292899));
#3133=CARTESIAN_POINT('',(0.017323055117397,0.0540000000000005,0.00873768231593626));
#3134=CARTESIAN_POINT('',(0.017323055117397,0.,0.00873768231593626));
#3135=CARTESIAN_POINT('',(0.0168936759276543,0.0540000000000005,0.00880770898972755));
#3136=CARTESIAN_POINT('',(0.0168936759276543,0.,0.00880770898972755));
#3137=CARTESIAN_POINT('',(0.0165500545177613,0.0540000000000005,0.00885758043205791));
#3138=CARTESIAN_POINT('',(0.0165500545177613,0.,0.00885758043205791));
#3139=CARTESIAN_POINT('',(0.0162924394653034,0.0540000000000005,0.00889172770890863));
#3140=CARTESIAN_POINT('',(0.0162924394653034,0.,0.00889172770890863));
#3141=CARTESIAN_POINT('',(0.0160351944492903,0.0540000000000005,0.0089224301562126));
#3142=CARTESIAN_POINT('',(0.0160351944492903,0.,0.0089224301562126));
#3143=CARTESIAN_POINT('',(0.0157779947165332,0.0540000000000005,0.00894946820501084));
#3144=CARTESIAN_POINT('',(0.0157779947165332,0.,0.00894946820501084));
#3145=CARTESIAN_POINT('',(0.0155260827420323,0.0540000000000005,0.00897234267145015));
#3146=CARTESIAN_POINT('',(0.0155260827420323,0.,0.00897234267145015));
#3147=CARTESIAN_POINT('',(0.0151958609004052,0.0540000000000005,0.00899797138467465));
#3148=CARTESIAN_POINT('',(0.0151958609004052,0.,0.00899797138467465));
#3149=CARTESIAN_POINT('',(0.0147929089116202,0.0540000000000005,0.00902187770150082));
#3150=CARTESIAN_POINT('',(0.0147929089116202,0.,0.00902187770150082));
#3151=CARTESIAN_POINT('',(0.0143981324249881,0.0540000000000005,0.009038117809985));
#3152=CARTESIAN_POINT('',(0.0143981324249881,0.,0.009038117809985));
#3153=CARTESIAN_POINT('',(0.0140826536745181,0.0540000000000005,0.00904839857220643));
#3154=CARTESIAN_POINT('',(0.0140826536745181,0.,0.00904839857220643));
#3155=CARTESIAN_POINT('',(0.013844797538903,0.0540000000000005,0.00905519411149114));
#3156=CARTESIAN_POINT('',(0.013844797538903,0.,0.00905519411149114));
#3157=CARTESIAN_POINT('',(0.0136039959214964,0.0540000000000005,0.00906149182063479));
#3158=CARTESIAN_POINT('',(0.0136039959214964,0.,0.00906149182063479));
#3159=CARTESIAN_POINT('',(0.0133591253132724,0.0540000000000005,0.0090677024703371));
#3160=CARTESIAN_POINT('',(0.0133591253132724,0.,0.0090677024703371));
#3161=CARTESIAN_POINT('',(0.0131046252479392,0.0540000000000005,0.00907417771533585));
#3162=CARTESIAN_POINT('',(0.0131046252479392,0.,0.00907417771533585));
#3163=CARTESIAN_POINT('',(0.0127536793270875,0.0540000000000005,0.00908308407626426));
#3164=CARTESIAN_POINT('',(0.0127536793270875,0.,0.00908308407626426));
#3165=CARTESIAN_POINT('',(0.0122945678573117,0.0540000000000005,0.00909471480584696));
#3166=CARTESIAN_POINT('',(0.0122945678573117,0.,0.00909471480584696));
#3167=CARTESIAN_POINT('',(0.0117159139201037,0.0540000000000005,0.00910933007368235));
#3168=CARTESIAN_POINT('',(0.0117159139201037,0.,0.00910933007368235));
#3169=CARTESIAN_POINT('',(0.0111144284493501,0.0540000000000005,0.00912447652053693));
#3170=CARTESIAN_POINT('',(0.0111144284493501,0.,0.00912447652053693));
#3171=CARTESIAN_POINT('',(0.0104950321668709,0.0540000000000005,0.00914002356446161));
#3172=CARTESIAN_POINT('',(0.0104950321668709,0.,0.00914002356446161));
#3173=CARTESIAN_POINT('',(0.00996800178101456,0.0540000000000005,0.00915320662371368));
#3174=CARTESIAN_POINT('',(0.00996800178101456,0.,0.00915320662371368));
#3175=CARTESIAN_POINT('',(0.00954237605037567,0.0540000000000005,0.00916382187453346));
#3176=CARTESIAN_POINT('',(0.00954237605037567,0.,0.00916382187453346));
#3177=CARTESIAN_POINT('',(0.00911467797312271,0.0540000000000005,0.00917447059142748));
#3178=CARTESIAN_POINT('',(0.00911467797312271,0.,0.00917447059142748));
#3179=CARTESIAN_POINT('',(0.00857409488357414,0.0540000000000005,0.00918776081096974));
#3180=CARTESIAN_POINT('',(0.00857409488357414,0.,0.00918776081096974));
#3181=CARTESIAN_POINT('',(0.0076915641429144,0.0540000000000005,0.0092084779819886));
#3182=CARTESIAN_POINT('',(0.0076915641429144,0.,0.0092084779819886));
#3183=CARTESIAN_POINT('',(0.00677480705626137,0.0540000000000005,0.00922763298921623));
#3184=CARTESIAN_POINT('',(0.00677480705626137,0.,0.00922763298921623));
#3185=CARTESIAN_POINT('',(0.00580868937202406,0.0540000000000005,0.00924372016173998));
#3186=CARTESIAN_POINT('',(0.00580868937202406,0.,0.00924372016173998));
#3187=CARTESIAN_POINT('',(0.00505566342010248,0.0540000000000005,0.0092538769209503));
#3188=CARTESIAN_POINT('',(0.00505566342010248,0.,0.0092538769209503));
#3189=CARTESIAN_POINT('',(0.00440127183578733,0.0540000000000005,0.00926043793345068));
#3190=CARTESIAN_POINT('',(0.00440127183578733,0.,0.00926043793345068));
#3191=CARTESIAN_POINT('',(0.00385979913945356,0.0540000000000005,0.00926436433702477));
#3192=CARTESIAN_POINT('',(0.00385979913945356,0.,0.00926436433702477));
#3193=CARTESIAN_POINT('',(0.00330551583167032,0.0540000000000005,0.00926733421438339));
#3194=CARTESIAN_POINT('',(0.00330551583167032,0.,0.00926733421438339));
#3195=CARTESIAN_POINT('',(0.00259176653730949,0.0540000000000005,0.00926928636645327));
#3196=CARTESIAN_POINT('',(0.00259176653730949,0.,0.00926928636645327));
#3197=CARTESIAN_POINT('',(0.00170938315041742,0.0540000000000005,0.00926925140967943));
#3198=CARTESIAN_POINT('',(0.00170938315041742,0.,0.00926925140967943));
#3199=CARTESIAN_POINT('',(0.000808890380902779,0.0540000000000005,0.00926723689161741));
#3200=CARTESIAN_POINT('',(0.000808890380902779,0.,0.00926723689161741));
#3201=CARTESIAN_POINT('',(-0.00040541127140488,0.0540000000000005,0.00926244689798542));
#3202=CARTESIAN_POINT('',(-0.00040541127140488,0.,0.00926244689798542));
#3203=CARTESIAN_POINT('',(-0.00162429290613847,0.0540000000000005,0.00925529432592462));
#3204=CARTESIAN_POINT('',(-0.00162429290613847,0.,0.00925529432592462));
#3205=CARTESIAN_POINT('',(-0.00281553245768433,0.0540000000000005,0.00924735849825544));
#3206=CARTESIAN_POINT('',(-0.00281553245768433,0.,0.00924735849825544));
#3207=CARTESIAN_POINT('',(-0.00368700163444666,0.0540000000000005,0.00924140675825749));
#3208=CARTESIAN_POINT('',(-0.00368700163444666,0.,0.00924140675825749));
#3209=CARTESIAN_POINT('',(-0.00438802817421426,0.0540000000000005,0.00923677841436867));
#3210=CARTESIAN_POINT('',(-0.00438802817421426,0.,0.00923677841436867));
#3211=CARTESIAN_POINT('',(-0.00492971221139373,0.0540000000000005,0.00923346099935603));
#3212=CARTESIAN_POINT('',(-0.00492971221139373,0.,0.00923346099935603));
#3213=CARTESIAN_POINT('',(-0.00545678225325274,0.0540000000000005,0.00923049708699111));
#3214=CARTESIAN_POINT('',(-0.00545678225325274,0.,0.00923049708699111));
#3215=CARTESIAN_POINT('',(-0.00609182077959216,0.0540000000000005,0.0092272701862766));
#3216=CARTESIAN_POINT('',(-0.00609182077959216,0.,0.0092272701862766));
#3217=CARTESIAN_POINT('',(-0.00681447237246363,0.0540000000000005,0.00922250843473333));
#3218=CARTESIAN_POINT('',(-0.00681447237246363,0.,0.00922250843473333));
#3219=CARTESIAN_POINT('',(-0.00749693766348962,0.0540000000000005,0.00921522891019089));
#3220=CARTESIAN_POINT('',(-0.00749693766348962,0.,0.00921522891019089));
#3221=CARTESIAN_POINT('',(-0.00813915774155366,0.0540000000000005,0.00920366335583045));
#3222=CARTESIAN_POINT('',(-0.00813915774155366,0.,0.00920366335583045));
#3223=CARTESIAN_POINT('',(-0.00864168755767533,0.0540000000000005,0.00918880967464402));
#3224=CARTESIAN_POINT('',(-0.00864168755767533,0.,0.00918880967464402));
#3225=CARTESIAN_POINT('',(-0.00902569251338291,0.0540000000000005,0.00917255288673224));
#3226=CARTESIAN_POINT('',(-0.00902569251338291,0.,0.00917255288673224));
#3227=CARTESIAN_POINT('',(-0.00930537551627108,0.0540000000000005,0.00915776969509381));
#3228=CARTESIAN_POINT('',(-0.00930537551627108,0.,0.00915776969509381));
#3229=CARTESIAN_POINT('',(-0.00953237408087683,0.0540000000000005,0.00914287586946142));
#3230=CARTESIAN_POINT('',(-0.00953237408087683,0.,0.00914287586946142));
#3231=CARTESIAN_POINT('',(-0.00971083027977394,0.0540000000000005,0.00912910969538054));
#3232=CARTESIAN_POINT('',(-0.00971083027977394,0.,0.00912910969538054));
#3233=CARTESIAN_POINT('',(-0.00984377870855558,0.0540000000000005,0.00911770346705859));
#3234=CARTESIAN_POINT('',(-0.00984377870855558,0.,0.00911770346705859));
#3235=CARTESIAN_POINT('',(-0.00997316404352948,0.0540000000000005,0.00910540461052666));
#3236=CARTESIAN_POINT('',(-0.00997316404352948,0.,0.00910540461052666));
#3237=CARTESIAN_POINT('',(-0.0101409541272812,0.0540000000000005,0.00908791866208484));
#3238=CARTESIAN_POINT('',(-0.0101409541272812,0.,0.00908791866208484));
#3239=CARTESIAN_POINT('',(-0.0104223402316898,0.0540000000000005,0.00905468935157837));
#3240=CARTESIAN_POINT('',(-0.0104223402316898,0.,0.00905468935157837));
#3241=CARTESIAN_POINT('',(-0.0107157559952505,0.0540000000000005,0.00901206217227474));
#3242=CARTESIAN_POINT('',(-0.0107157559952505,0.,0.00901206217227474));
#3243=CARTESIAN_POINT('',(-0.0109801247585369,0.0540000000000005,0.00896857217193838));
#3244=CARTESIAN_POINT('',(-0.0109801247585369,0.,0.00896857217193838));
#3245=CARTESIAN_POINT('',(-0.0111335064402548,0.0540000000000005,0.00894186161901232));
#3246=CARTESIAN_POINT('',(-0.0111335064402548,0.,0.00894186161901232));
#3247=CARTESIAN_POINT('',(-0.0112496336357593,0.0540000000000005,0.00892115805148479));
#3248=CARTESIAN_POINT('',(-0.0112496336357593,0.,0.00892115805148479));
#3249=CARTESIAN_POINT('',(-0.0113336907909884,0.0540000000000005,0.0089060258550407));
#3250=CARTESIAN_POINT('',(-0.0113336907909884,0.,0.0089060258550407));
#3251=CARTESIAN_POINT('',(-0.0114013849967365,0.0540000000000005,0.00889379610108411));
#3252=CARTESIAN_POINT('',(-0.0114013849967365,0.,0.00889379610108411));
#3253=CARTESIAN_POINT('',(-0.011454425831053,0.0540000000000005,0.00888423104120907));
#3254=CARTESIAN_POINT('',(-0.011454425831053,0.,0.00888423104120907));
#3255=CARTESIAN_POINT('',(-0.0115063689876099,0.0540000000000005,0.0088748896998052));
#3256=CARTESIAN_POINT('',(-0.0115063689876099,0.,0.0088748896998052));
#3257=CARTESIAN_POINT('',(-0.0115728745668591,0.0540000000000005,0.00886299721007931));
#3258=CARTESIAN_POINT('',(-0.0115728745668591,0.,0.00886299721007931));
#3259=CARTESIAN_POINT('',(-0.0116561662218009,0.0540000000000005,0.00884814294267745));
#3260=CARTESIAN_POINT('',(-0.0116561662218009,0.,0.00884814294267745));
#3261=CARTESIAN_POINT('',(-0.0117425420635065,0.0540000000000005,0.0088327104986743));
#3262=CARTESIAN_POINT('',(-0.0117425420635065,0.,0.0088327104986743));
#3263=CARTESIAN_POINT('',(-0.0118617854075016,0.0540000000000005,0.00881127102084042));
#3264=CARTESIAN_POINT('',(-0.0118617854075016,0.,0.00881127102084042));
#3265=CARTESIAN_POINT('',(-0.0120181823227649,0.0540000000000005,0.00878271491532307));
#3266=CARTESIAN_POINT('',(-0.0120181823227649,0.,0.00878271491532307));
#3267=CARTESIAN_POINT('',(-0.0122831294514625,0.0540000000000005,0.00873253727092834));
#3268=CARTESIAN_POINT('',(-0.0122831294514625,0.,0.00873253727092834));
#3269=CARTESIAN_POINT('',(-0.0125687764184859,0.0540000000000005,0.0086744117231277));
#3270=CARTESIAN_POINT('',(-0.0125687764184859,0.,0.0086744117231277));
#3271=CARTESIAN_POINT('',(-0.0128727910120064,0.0540000000000005,0.00860543010559983));
#3272=CARTESIAN_POINT('',(-0.0128727910120064,0.,0.00860543010559983));
#3273=CARTESIAN_POINT('',(-0.0130698924455384,0.0540000000000005,0.0085571440853403));
#3274=CARTESIAN_POINT('',(-0.0130698924455384,0.,0.0085571440853403));
#3275=CARTESIAN_POINT('',(-0.0132317903290051,0.0540000000000005,0.00851490167595729));
#3276=CARTESIAN_POINT('',(-0.0132317903290051,0.,0.00851490167595729));
#3277=CARTESIAN_POINT('',(-0.0133929203120981,0.0540000000000005,0.00847111342875706));
#3278=CARTESIAN_POINT('',(-0.0133929203120981,0.,0.00847111342875706));
#3279=CARTESIAN_POINT('',(-0.0135936387480659,0.0540000000000005,0.00841337810860122));
#3280=CARTESIAN_POINT('',(-0.0135936387480659,0.,0.00841337810860122));
#3281=CARTESIAN_POINT('',(-0.0138331726523129,0.0540000000000005,0.00833950124207751));
#3282=CARTESIAN_POINT('',(-0.0138331726523129,0.,0.00833950124207751));
#3283=CARTESIAN_POINT('',(-0.0140714373358244,0.0540000000000005,0.00826115806593855));
#3284=CARTESIAN_POINT('',(-0.0140714373358244,0.,0.00826115806593855));
#3285=CARTESIAN_POINT('',(-0.0143084004121488,0.0540000000000005,0.00817848027022788));
#3286=CARTESIAN_POINT('',(-0.0143084004121488,0.,0.00817848027022788));
#3287=CARTESIAN_POINT('',(-0.0146225770370588,0.0540000000000005,0.00806261852084045));
#3288=CARTESIAN_POINT('',(-0.0146225770370588,0.,0.00806261852084045));
#3289=CARTESIAN_POINT('',(-0.0149340358413904,0.0540000000000005,0.0079385310332826));
#3290=CARTESIAN_POINT('',(-0.0149340358413904,0.,0.0079385310332826));
#3291=CARTESIAN_POINT('',(-0.0152424814774409,0.0540000000000005,0.00780660916909397));
#3292=CARTESIAN_POINT('',(-0.0152424814774409,0.,0.00780660916909397));
#3293=CARTESIAN_POINT('',(-0.0155490466506168,0.0540000000000005,0.00766950847718074));
#3294=CARTESIAN_POINT('',(-0.0155490466506168,0.,0.00766950847718074));
#3295=CARTESIAN_POINT('',(-0.0159336590873533,0.0540000000000005,0.00748582738454426));
#3296=CARTESIAN_POINT('',(-0.0159336590873533,0.,0.00748582738454426));
#3297=CARTESIAN_POINT('',(-0.0163947083246599,0.0540000000000005,0.00724480549575396));
#3298=CARTESIAN_POINT('',(-0.0163947083246599,0.,0.00724480549575396));
#3299=CARTESIAN_POINT('',(-0.0167773957810725,0.0540000000000005,0.00702539842993593));
#3300=CARTESIAN_POINT('',(-0.0167773957810725,0.,0.00702539842993593));
#3301=CARTESIAN_POINT('',(-0.0170816776928796,0.0540000000000005,0.00683791782199318));
#3302=CARTESIAN_POINT('',(-0.0170816776928796,0.,0.00683791782199318));
#3303=CARTESIAN_POINT('',(-0.0172708796888047,0.0540000000000005,0.00671556536222805));
#3304=CARTESIAN_POINT('',(-0.0172708796888047,0.,0.00671556536222805));
#3305=CARTESIAN_POINT('',(-0.0174215154560134,0.0540000000000005,0.00661447566291894));
#3306=CARTESIAN_POINT('',(-0.0174215154560134,0.,0.00661447566291894));
#3307=CARTESIAN_POINT('',(-0.0175716562638048,0.0540000000000005,0.00651116127655434));
#3308=CARTESIAN_POINT('',(-0.0175716562638048,0.,0.00651116127655434));
#3309=CARTESIAN_POINT('',(-0.0177540458900808,0.0540000000000005,0.0063809565151544));
#3310=CARTESIAN_POINT('',(-0.0177540458900808,0.,0.0063809565151544));
#3311=CARTESIAN_POINT('',(-0.0179654071520486,0.0540000000000005,0.00622314187959242));
#3312=CARTESIAN_POINT('',(-0.0179654071520486,0.,0.00622314187959242));
#3313=CARTESIAN_POINT('',(-0.0182370677483039,0.0540000000000005,0.00601154498873366));
#3314=CARTESIAN_POINT('',(-0.0182370677483039,0.,0.00601154498873366));
#3315=CARTESIAN_POINT('',(-0.0185577999424349,0.0540000000000005,0.00574609497363913));
#3316=CARTESIAN_POINT('',(-0.0185577999424349,0.,0.00574609497363913));
#3317=CARTESIAN_POINT('',(-0.0189123984588374,0.0540000000000005,0.00542930699401408));
#3318=CARTESIAN_POINT('',(-0.0189123984588374,0.,0.00542930699401408));
#3319=CARTESIAN_POINT('',(-0.0192375594185679,0.0540000000000005,0.00511518370754847));
#3320=CARTESIAN_POINT('',(-0.0192375594185679,0.,0.00511518370754847));
#3321=CARTESIAN_POINT('',(-0.019486895899049,0.0540000000000005,0.00485162006735629));
#3322=CARTESIAN_POINT('',(-0.019486895899049,0.,0.00485162006735629));
#3323=CARTESIAN_POINT('',(-0.0196718478487651,0.0540000000000005,0.00464154809036428));
#3324=CARTESIAN_POINT('',(-0.0196718478487651,0.,0.00464154809036428));
#3325=CARTESIAN_POINT('',(-0.0198027483639179,0.0540000000000005,0.00448573123955442));
#3326=CARTESIAN_POINT('',(-0.0198027483639179,0.,0.00448573123955442));
#3327=CARTESIAN_POINT('',(-0.0199050500468306,0.0540000000000005,0.00435848426324279));
#3328=CARTESIAN_POINT('',(-0.0199050500468306,0.,0.00435848426324279));
#3329=CARTESIAN_POINT('',(-0.0199830259403998,0.0540000000000005,0.00425864963057453));
#3330=CARTESIAN_POINT('',(-0.0199830259403998,0.,0.00425864963057453));
#3331=CARTESIAN_POINT('',(-0.0200393837438208,0.0540000000000005,0.00418519623881934));
#3332=CARTESIAN_POINT('',(-0.0200393837438208,0.,0.00418519623881934));
#3333=CARTESIAN_POINT('',(-0.0200949186189952,0.0540000000000005,0.00411162778979803));
#3334=CARTESIAN_POINT('',(-0.0200949186189952,0.,0.00411162778979803));
#3335=CARTESIAN_POINT('',(-0.0201685306935561,0.0540000000000005,0.00401251251738025));
#3336=CARTESIAN_POINT('',(-0.0201685306935561,0.,0.00401251251738025));
#3337=CARTESIAN_POINT('',(-0.0202594413025552,0.0540000000000005,0.00388710030036863));
#3338=CARTESIAN_POINT('',(-0.0202594413025552,0.,0.00388710030036863));
#3339=CARTESIAN_POINT('',(-0.0203668361055976,0.0540000000000005,0.00373406900212121));
#3340=CARTESIAN_POINT('',(-0.0203668361055976,0.,0.00373406900212121));
#3341=CARTESIAN_POINT('',(-0.0204724324602205,0.0540000000000005,0.00357854856895091));
#3342=CARTESIAN_POINT('',(-0.0204724324602205,0.,0.00357854856895091));
#3343=CARTESIAN_POINT('',(-0.0205761325649005,0.0540000000000005,0.00342049808787515));
#3344=CARTESIAN_POINT('',(-0.0205761325649005,0.,0.00342049808787515));
#3345=CARTESIAN_POINT('',(-0.0206778199877782,0.0540000000000005,0.00325985782189389));
#3346=CARTESIAN_POINT('',(-0.0206778199877782,0.,0.00325985782189389));
#3347=CARTESIAN_POINT('',(-0.0207773624443911,0.0540000000000005,0.00309632700231407));
#3348=CARTESIAN_POINT('',(-0.0207773624443911,0.,0.00309632700231407));
#3349=CARTESIAN_POINT('',(-0.0208712699340797,0.0540000000000005,0.00293582787363982));
#3350=CARTESIAN_POINT('',(-0.0208712699340797,0.,0.00293582787363982));
#3351=CARTESIAN_POINT('',(-0.0209603631443764,0.0540000000000005,0.00277783130109745));
#3352=CARTESIAN_POINT('',(-0.0209603631443764,0.,0.00277783130109745));
#3353=CARTESIAN_POINT('',(-0.0210447868251216,0.0540000000000005,0.00262286368741369));
#3354=CARTESIAN_POINT('',(-0.0210447868251216,0.,0.00262286368741369));
#3355=CARTESIAN_POINT('',(-0.0211116174705617,0.0540000000000005,0.00249632737062354));
#3356=CARTESIAN_POINT('',(-0.0211116174705617,0.,0.00249632737062354));
#3357=CARTESIAN_POINT('',(-0.021163202315816,0.0540000000000005,0.00239667227373313));
#3358=CARTESIAN_POINT('',(-0.021163202315816,0.,0.00239667227373313));
#3359=CARTESIAN_POINT('',(-0.0212010274329189,0.0540000000000005,0.0023226859036455));
#3360=CARTESIAN_POINT('',(-0.0212010274329189,0.,0.0023226859036455));
#3361=CARTESIAN_POINT('',(-0.0212380329389069,0.0540000000000005,0.00224947435147549));
#3362=CARTESIAN_POINT('',(-0.0212380329389069,0.,0.00224947435147549));
#3363=CARTESIAN_POINT('',(-0.0212865183620043,0.0540000000000005,0.00215260387896421));
#3364=CARTESIAN_POINT('',(-0.0212865183620043,0.,0.00215260387896421));
#3365=CARTESIAN_POINT('',(-0.0213492731338919,0.0540000000000005,0.00202525485961853));
#3366=CARTESIAN_POINT('',(-0.0213492731338919,0.,0.00202525485961853));
#3367=CARTESIAN_POINT('',(-0.0214265476400431,0.0540000000000005,0.00186408912872608));
#3368=CARTESIAN_POINT('',(-0.0214265476400431,0.,0.00186408912872608));
#3369=CARTESIAN_POINT('',(-0.0215053533006922,0.0540000000000005,0.00169418628543572));
#3370=CARTESIAN_POINT('',(-0.0215053533006922,0.,0.00169418628543572));
#3371=CARTESIAN_POINT('',(-0.0215849425730742,0.0540000000000005,0.00151571438674702));
#3372=CARTESIAN_POINT('',(-0.0215849425730742,0.,0.00151571438674702));
#3373=CARTESIAN_POINT('',(-0.0216646684221217,0.0540000000000005,0.00132857820348147));
#3374=CARTESIAN_POINT('',(-0.0216646684221217,0.,0.00132857820348147));
#3375=CARTESIAN_POINT('',(-0.0217305206501293,0.0540000000000005,0.00116571578231557));
#3376=CARTESIAN_POINT('',(-0.0217305206501293,0.,0.00116571578231557));
#3377=CARTESIAN_POINT('',(-0.0217827211132515,0.0540000000000005,0.00103067942088979));
#3378=CARTESIAN_POINT('',(-0.0217827211132515,0.,0.00103067942088979));
#3379=CARTESIAN_POINT('',(-0.0218336660389712,0.0540000000000005,0.000894646488776977));
#3380=CARTESIAN_POINT('',(-0.0218336660389712,0.,0.000894646488776977));
#3381=CARTESIAN_POINT('',(-0.0218942575240496,0.0540000000000005,0.000725044324545404));
#3382=CARTESIAN_POINT('',(-0.0218942575240496,0.,0.000725044324545404));
#3383=CARTESIAN_POINT('',(-0.0219854406766373,0.0540000000000005,0.000453627794643065));
#3384=CARTESIAN_POINT('',(-0.0219854406766373,0.,0.000453627794643065));
#3385=CARTESIAN_POINT('',(-0.0220684040859423,0.0540000000000005,0.000182558567993667));
#3386=CARTESIAN_POINT('',(-0.0220684040859423,0.,0.000182558567993667));
#3387=CARTESIAN_POINT('',(-0.0221439047011389,0.0540000000000005,-8.79079803797283E-5));
#3388=CARTESIAN_POINT('',(-0.0221439047011389,0.,-8.79079803797283E-5));
#3389=CARTESIAN_POINT('',(-0.0221880536491394,0.0540000000000005,-0.000256531575746899));
#3390=CARTESIAN_POINT('',(-0.0221880536491394,0.,-0.000256531575746899));
#3391=CARTESIAN_POINT('',(-0.02222161852908,0.0540000000000005,-0.000391239075585169));
#3392=CARTESIAN_POINT('',(-0.02222161852908,0.,-0.000391239075585169));
#3393=CARTESIAN_POINT('',(-0.0222539328759256,0.0540000000000005,-0.000525385587118423));
#3394=CARTESIAN_POINT('',(-0.0222539328759256,0.,-0.000525385587118423));
#3395=CARTESIAN_POINT('',(-0.022293014249081,0.0540000000000005,-0.000696544239379156));
#3396=CARTESIAN_POINT('',(-0.022293014249081,0.,-0.000696544239379156));
#3397=CARTESIAN_POINT('',(-0.0223372998947316,0.0540000000000005,-0.000907856326509303));
#3398=CARTESIAN_POINT('',(-0.0223372998947316,0.,-0.000907856326509303));
#3399=CARTESIAN_POINT('',(-0.0223921762348984,0.0540000000000005,-0.00119731736936505));
#3400=CARTESIAN_POINT('',(-0.0223921762348984,0.,-0.00119731736936505));
#3401=CARTESIAN_POINT('',(-0.0224398445613488,0.0540000000000005,-0.00149785591704721));
#3402=CARTESIAN_POINT('',(-0.0224398445613488,0.,-0.00149785591704721));
#3403=CARTESIAN_POINT('',(-0.0224792781239102,0.0540000000000005,-0.0018087203384371));
#3404=CARTESIAN_POINT('',(-0.0224792781239102,0.,-0.0018087203384371));
#3405=CARTESIAN_POINT('',(-0.0225004656225521,0.0540000000000005,-0.00200730565615659));
#3406=CARTESIAN_POINT('',(-0.0225004656225521,0.,-0.00200730565615659));
#3407=CARTESIAN_POINT('',(-0.0225153788659538,0.0540000000000005,-0.00216905558631059));
#3408=CARTESIAN_POINT('',(-0.0225153788659538,0.,-0.00216905558631059));
#3409=CARTESIAN_POINT('',(-0.0225288974307504,0.0540000000000005,-0.00233227252896101));
#3410=CARTESIAN_POINT('',(-0.0225288974307504,0.,-0.00233227252896101));
#3411=CARTESIAN_POINT('',(-0.0225430948357149,0.0540000000000005,-0.0025352611118208));
#3412=CARTESIAN_POINT('',(-0.0225430948357149,0.,-0.0025352611118208));
#3413=CARTESIAN_POINT('',(-0.0225566298399965,0.0540000000000005,-0.00277854701117003));
#3414=CARTESIAN_POINT('',(-0.0225566298399965,0.,-0.00277854701117003));
#3415=CARTESIAN_POINT('',(-0.0225706295984723,0.0540000000000005,-0.00310157388772974));
#3416=CARTESIAN_POINT('',(-0.0225706295984723,0.,-0.00310157388772974));
#3417=CARTESIAN_POINT('',(-0.0225815456132427,0.0540000000000005,-0.00350106551222269));
#3418=CARTESIAN_POINT('',(-0.0225815456132427,0.,-0.00350106551222269));
#3419=CARTESIAN_POINT('',(-0.0225855924334405,0.0540000000000005,-0.00388695412189466));
#3420=CARTESIAN_POINT('',(-0.0225855924334405,0.,-0.00388695412189466));
#3421=CARTESIAN_POINT('',(-0.0225855777258782,0.0540000000000005,-0.00418159786415233));
#3422=CARTESIAN_POINT('',(-0.0225855777258782,0.,-0.00418159786415233));
#3423=CARTESIAN_POINT('',(-0.0225846114343711,0.0540000000000005,-0.00432341427777101));
#3424=CARTESIAN_POINT('',(-0.0225846114343711,0.,-0.00432341427777101));
#3425=CARTESIAN_POINT('',(-0.0225839200785475,0.0540000000000005,-0.00439251154366907));
#3426=CARTESIAN_POINT('',(-0.0225839200785475,0.,-0.00439251154366907));
#3427=CARTESIAN_POINT('',(-0.0225839200785475,0.054,-0.00439251154366907));
#3428=CARTESIAN_POINT('',(-0.022583228722724,0.054,-0.00446160880956712));
#3429=CARTESIAN_POINT('',(-0.0225814295909368,0.054,-0.00459618145954065));
#3430=CARTESIAN_POINT('',(-0.0225778007651297,0.054,-0.00478623346757566));
#3431=CARTESIAN_POINT('',(-0.0225735560949179,0.054,-0.00496494733633908));
#3432=CARTESIAN_POINT('',(-0.0225690142928537,0.054,-0.00513237932016718));
#3433=CARTESIAN_POINT('',(-0.0225644850063965,0.054,-0.00528869104539617));
#3434=CARTESIAN_POINT('',(-0.0225602570217313,0.054,-0.00543409073198182));
#3435=CARTESIAN_POINT('',(-0.0225575061087585,0.054,-0.00553511626551186));
#3436=CARTESIAN_POINT('',(-0.0225559105044541,0.054,-0.00559934976025562));
#3437=CARTESIAN_POINT('',(-0.0225549190573704,0.054,-0.00564116782846442));
#3438=CARTESIAN_POINT('',(-0.0225537418256903,0.054,-0.00569457626103495));
#3439=CARTESIAN_POINT('',(-0.0225523751178709,0.054,-0.00576060921287961));
#3440=CARTESIAN_POINT('',(-0.0225505328468633,0.054,-0.00585160724844585));
#3441=CARTESIAN_POINT('',(-0.0225480293005418,0.054,-0.00597139773157726));
#3442=CARTESIAN_POINT('',(-0.0225440871085514,0.054,-0.00612601886552632));
#3443=CARTESIAN_POINT('',(-0.022539416587026,0.054,-0.00626441274847343));
#3444=CARTESIAN_POINT('',(-0.0225344566550084,0.054,-0.00638085872146831));
#3445=CARTESIAN_POINT('',(-0.0225300231321407,0.054,-0.00647102651609567));
#3446=CARTESIAN_POINT('',(-0.022524786402331,0.054,-0.00656391756986892));
#3447=CARTESIAN_POINT('',(-0.0225165660327569,0.054,-0.00669155713117159));
#3448=CARTESIAN_POINT('',(-0.0225045654838908,0.054,-0.00684885138298628));
#3449=CARTESIAN_POINT('',(-0.022487746850408,0.054,-0.00703555413705501));
#3450=CARTESIAN_POINT('',(-0.0224688319487183,0.054,-0.00721960997120544));
#3451=CARTESIAN_POINT('',(-0.0224480712913834,0.054,-0.00740068523496728));
#3452=CARTESIAN_POINT('',(-0.0224256873170618,0.054,-0.00757817244907538));
#3453=CARTESIAN_POINT('',(-0.0224017910747563,0.054,-0.00775172692359214));
#3454=CARTESIAN_POINT('',(-0.0223766264902184,0.054,-0.00792040311045312));
#3455=CARTESIAN_POINT('',(-0.0223480951166871,0.054,-0.00809521367785632));
#3456=CARTESIAN_POINT('',(-0.0223155258472931,0.054,-0.00827520351479219));
#3457=CARTESIAN_POINT('',(-0.0222784783223367,0.054,-0.00845973392171078));
#3458=CARTESIAN_POINT('',(-0.0222369500536249,0.054,-0.00864733337416668));
#3459=CARTESIAN_POINT('',(-0.0221910345394437,0.054,-0.00883755799107087));
#3460=CARTESIAN_POINT('',(-0.0221410817759146,0.054,-0.0090301692840602));
#3461=CARTESIAN_POINT('',(-0.0220855147888837,0.054,-0.00923186052103464));
#3462=CARTESIAN_POINT('',(-0.0220241151243798,0.054,-0.009442252818523));
#3463=CARTESIAN_POINT('',(-0.0219567177402436,0.054,-0.00966064893654958));
#3464=CARTESIAN_POINT('',(-0.0218830979360826,0.054,-0.00988618549235325));
#3465=CARTESIAN_POINT('',(-0.0218029348217352,0.054,-0.0101179976137233));
#3466=CARTESIAN_POINT('',(-0.0217302773233282,0.054,-0.0103157739127232));
#3467=CARTESIAN_POINT('',(-0.0216682677846043,0.054,-0.010476483257773));
#3468=CARTESIAN_POINT('',(-0.0216196800400842,0.054,-0.0105982453709578));
#3469=CARTESIAN_POINT('',(-0.0215688890889154,0.054,-0.0107211499252588));
#3470=CARTESIAN_POINT('',(-0.0215244654097381,0.054,-0.0108247758734249));
#3471=CARTESIAN_POINT('',(-0.0214877745590214,0.054,-0.0109078975234796));
#3472=CARTESIAN_POINT('',(-0.021451108763794,0.054,-0.0109894110034401));
#3473=CARTESIAN_POINT('',(-0.0214050671795567,0.054,-0.0110890353635514));
#3474=CARTESIAN_POINT('',(-0.0213497888271355,0.054,-0.0112047257357723));
#3475=CARTESIAN_POINT('',(-0.0212762804702882,0.054,-0.0113539154933616));
#3476=CARTESIAN_POINT('',(-0.021148889633795,0.054,-0.0116016044025972));
#3477=CARTESIAN_POINT('',(-0.0210093167682311,0.054,-0.0118538739095389));
#3478=CARTESIAN_POINT('',(-0.0208983362771858,0.054,-0.0120458943565319));
#3479=CARTESIAN_POINT('',(-0.0208390295758904,0.054,-0.0121468995984966));
#3480=CARTESIAN_POINT('',(-0.0207968955768223,0.054,-0.012218055444988));
#3481=CARTESIAN_POINT('',(-0.0207638297462296,0.054,-0.012273562266502));
#3482=CARTESIAN_POINT('',(-0.0207390457583016,0.054,-0.0123150677296609));
#3483=CARTESIAN_POINT('',(-0.0207141540309853,0.054,-0.0123567026900252));
#3484=CARTESIAN_POINT('',(-0.020682312651429,0.054,-0.0124097991160978));
#3485=CARTESIAN_POINT('',(-0.0206294894544478,0.054,-0.0124972643595367));
#3486=CARTESIAN_POINT('',(-0.0205589948521588,0.054,-0.0126122787401261));
#3487=CARTESIAN_POINT('',(-0.0204651962606932,0.054,-0.0127604675294398));
#3488=CARTESIAN_POINT('',(-0.0203611045210595,0.054,-0.0129179986507075));
#3489=CARTESIAN_POINT('',(-0.0202469185265126,0.054,-0.0130823545795795));
#3490=CARTESIAN_POINT('',(-0.0201228151398101,0.054,-0.0132514872663152));
#3491=CARTESIAN_POINT('',(-0.0199944537302214,0.054,-0.0134175068458256));
#3492=CARTESIAN_POINT('',(-0.0198611071837454,0.054,-0.013582045986228));
#3493=CARTESIAN_POINT('',(-0.0197226240513758,0.054,-0.0137454755734431));
#3494=CARTESIAN_POINT('',(-0.0195787974227402,0.054,-0.0139081450978097));
#3495=CARTESIAN_POINT('',(-0.0194294745337489,0.054,-0.0140701796843229));
#3496=CARTESIAN_POINT('',(-0.0192746090479211,0.054,-0.014231515242211));
#3497=CARTESIAN_POINT('',(-0.0190602285061796,0.054,-0.0144458602779694));
#3498=CARTESIAN_POINT('',(-0.0187821711315756,0.054,-0.0147074041603876));
#3499=CARTESIAN_POINT('',(-0.0184322902850995,0.054,-0.0150114468115395));
#3500=CARTESIAN_POINT('',(-0.0181273350288992,0.054,-0.0152560927811395));
#3501=CARTESIAN_POINT('',(-0.0178753434597382,0.054,-0.0154460552368354));
#3502=CARTESIAN_POINT('',(-0.0176177673212623,0.054,-0.0156320667046901));
#3503=CARTESIAN_POINT('',(-0.0172887148884797,0.054,-0.015854451521366));
#3504=CARTESIAN_POINT('',(-0.0168829385034492,0.054,-0.0161051458448072));
#3505=CARTESIAN_POINT('',(-0.0165363125128683,0.054,-0.0163007005798358));
#3506=CARTESIAN_POINT('',(-0.01625430616024,0.054,-0.0164493891173576));
#3507=CARTESIAN_POINT('',(-0.0159688355800886,0.054,-0.0165932352476428));
#3508=CARTESIAN_POINT('',(-0.015608967499711,0.054,-0.0167627157693833));
#3509=CARTESIAN_POINT('',(-0.0151741647439372,0.054,-0.0169509186351324));
#3510=CARTESIAN_POINT('',(-0.014737535752337,0.054,-0.017125109647595));
#3511=CARTESIAN_POINT('',(-0.0143736897440545,0.054,-0.0172590717854091));
#3512=CARTESIAN_POINT('',(-0.0140830711718756,0.054,-0.0173598245452811));
#3513=CARTESIAN_POINT('',(-0.0137952071841971,0.054,-0.0174556554443386));
#3514=CARTESIAN_POINT('',(-0.0134418167819549,0.054,-0.0175664193667728));
#3515=CARTESIAN_POINT('',(-0.0131002911453259,0.054,-0.01766537304034));
#3516=CARTESIAN_POINT('',(-0.0128360119077917,0.054,-0.0177374711682877));
#3517=CARTESIAN_POINT('',(-0.0126749166691145,0.054,-0.017779575952496));
#3518=CARTESIAN_POINT('',(-0.0125485294026529,0.054,-0.0178115102036529));
#3519=CARTESIAN_POINT('',(-0.0124241804550898,0.054,-0.0178421949023386));
#3520=CARTESIAN_POINT('',(-0.012207803430244,0.054,-0.0178936127386629));
#3521=CARTESIAN_POINT('',(-0.0118963184546551,0.054,-0.0179609894209132));
#3522=CARTESIAN_POINT('',(-0.011579694474595,0.054,-0.0180195550059108));
#3523=CARTESIAN_POINT('',(-0.0113206553237794,0.054,-0.0180622139654938));
#3524=CARTESIAN_POINT('',(-0.0111218166980983,0.054,-0.0180927010079848));
#3525=CARTESIAN_POINT('',(-0.0109148026677913,0.054,-0.0181225321040344));
#3526=CARTESIAN_POINT('',(-0.0106267337960735,0.054,-0.0181617531934255));
#3527=CARTESIAN_POINT('',(-0.0102482337746732,0.054,-0.01820925378937));
#3528=CARTESIAN_POINT('',(-0.009856110212023,0.054,-0.0182532196983989));
#3529=CARTESIAN_POINT('',(-0.00954144718613865,0.054,-0.0182851182410969));
#3530=CARTESIAN_POINT('',(-0.00930655831108328,0.054,-0.0183071020548129));
#3531=CARTESIAN_POINT('',(-0.00907432235170902,0.054,-0.018326832033758));
#3532=CARTESIAN_POINT('',(-0.00876905384958395,0.054,-0.0183496841778513));
#3533=CARTESIAN_POINT('',(-0.00840584749854679,0.054,-0.0183705673720546));
#3534=CARTESIAN_POINT('',(-0.00798632322194322,0.054,-0.018385719040278));
#3535=CARTESIAN_POINT('',(-0.00763762711176855,0.054,-0.0183929640005563));
#3536=CARTESIAN_POINT('',(-0.00734564040349813,0.054,-0.0183973980418357));
#3537=CARTESIAN_POINT('',(-0.00711568576135135,0.054,-0.0184004492783408));
#3538=CARTESIAN_POINT('',(-0.00687109705387559,0.054,-0.0184036222352121));
#3539=CARTESIAN_POINT('',(-0.00660437080454885,0.054,-0.0184072688274942));
#3540=CARTESIAN_POINT('',(-0.00631672467416371,0.054,-0.0184113094313483));
#3541=CARTESIAN_POINT('',(-0.0059076265529409,0.054,-0.0184171568895232));
#3542=CARTESIAN_POINT('',(-0.00535220723939683,0.054,-0.0184251868040419));
#3543=CARTESIAN_POINT('',(-0.00462768324956032,0.054,-0.0184355375570092));
#3544=CARTESIAN_POINT('',(-0.00385736490860068,0.054,-0.0184461657444108));
#3545=CARTESIAN_POINT('',(-0.00305337097673795,0.054,-0.0184566338346999));
#3546=CARTESIAN_POINT('',(-0.00195259059534358,0.054,-0.018469801656285));
#3547=CARTESIAN_POINT('',(-0.000552233827226373,0.054,-0.0184836517603106));
#3548=CARTESIAN_POINT('',(0.00107040635163851,0.054,-0.0184927823275382));
#3549=CARTESIAN_POINT('',(0.00266675412275912,0.054,-0.0184971166804289));
#3550=CARTESIAN_POINT('',(0.00400233122163456,0.054,-0.018498813837652));
#3551=CARTESIAN_POINT('',(0.00509049498358757,0.054,-0.0185002863699214));
#3552=CARTESIAN_POINT('',(0.00592065511116394,0.054,-0.0185017624951423));
#3553=CARTESIAN_POINT('',(0.00662768988045024,0.054,-0.0185035534777878));
#3554=CARTESIAN_POINT('',(0.00720450581826465,0.054,-0.0185054988902843));
#3555=CARTESIAN_POINT('',(0.0077903895118527,0.054,-0.0185077537609904));
#3556=CARTESIAN_POINT('',(0.00853602516491023,0.054,-0.0185107476209018));
#3557=CARTESIAN_POINT('',(0.00944225223043575,0.054,-0.0185134805595748));
#3558=CARTESIAN_POINT('',(0.0103501814050183,0.054,-0.0185141833143454));
#3559=CARTESIAN_POINT('',(0.0115504819297294,0.054,-0.0185108294703921));
#3560=CARTESIAN_POINT('',(0.0127167635987813,0.054,-0.0184986586363784));
#3561=CARTESIAN_POINT('',(0.0136779523629727,0.054,-0.0184757734180595));
#3562=CARTESIAN_POINT('',(0.0142067742502525,0.054,-0.0184584405594142));
#3563=CARTESIAN_POINT('',(0.0145924843747595,0.054,-0.0184430929710679));
#3564=CARTESIAN_POINT('',(0.0149664988761463,0.054,-0.0184251668836257));
#3565=CARTESIAN_POINT('',(0.0153291139890902,0.054,-0.0184043165028612));
#3566=CARTESIAN_POINT('',(0.0156774157741753,0.054,-0.018380390834323));
#3567=CARTESIAN_POINT('',(0.0161225798257867,0.054,-0.0183445179835643));
#3568=CARTESIAN_POINT('',(0.0166461580274478,0.054,-0.018292161246229));
#3569=CARTESIAN_POINT('',(0.0172287183077984,0.054,-0.0182173699632541));
#3570=CARTESIAN_POINT('',(0.0176808376706138,0.054,-0.0181453401810495));
#3571=CARTESIAN_POINT('',(0.0180244740905867,0.054,-0.0180823825891037));
#3572=CARTESIAN_POINT('',(0.0182735053740634,0.054,-0.0180327117384926));
#3573=CARTESIAN_POINT('',(0.0185140697053903,0.054,-0.0179808473878817));
#3574=CARTESIAN_POINT('',(0.0188240153561726,0.054,-0.017909216537861));
#3575=CARTESIAN_POINT('',(0.0192002691869166,0.054,-0.0178133541472538));
#3576=CARTESIAN_POINT('',(0.0195623725699457,0.054,-0.0177097781862019));
#3577=CARTESIAN_POINT('',(0.0198453583044252,0.054,-0.0176228734721683));
#3578=CARTESIAN_POINT('',(0.0200548281423118,0.054,-0.0175558250277282));
#3579=CARTESIAN_POINT('',(0.020227645743525,0.054,-0.0174985036918913));
#3580=CARTESIAN_POINT('',(0.0203654469269651,0.054,-0.0174517597046631));
#3581=CARTESIAN_POINT('',(0.0204683856913008,0.054,-0.0174163669926842));
#3582=CARTESIAN_POINT('',(0.0205723620894436,0.054,-0.0173801860104955));
#3583=CARTESIAN_POINT('',(0.0207146883875408,0.054,-0.017329994294267));
#3584=CARTESIAN_POINT('',(0.0208980714863355,0.054,-0.0172638919903152));
#3585=CARTESIAN_POINT('',(0.0211263211300993,0.054,-0.0171787101850743));
#3586=CARTESIAN_POINT('',(0.0213618278765576,0.054,-0.0170872775025727));
#3587=CARTESIAN_POINT('',(0.0216038470437181,0.054,-0.0169890940505874));
#3588=CARTESIAN_POINT('',(0.0218516567790253,0.054,-0.0168835995219115));
#3589=CARTESIAN_POINT('',(0.0221045911688286,0.054,-0.0167701494965978));
#3590=CARTESIAN_POINT('',(0.0223620017108936,0.054,-0.016648018878072));
#3591=CARTESIAN_POINT('',(0.0225797540474013,0.054,-0.0165382987683615));
#3592=CARTESIAN_POINT('',(0.0227555248362645,0.054,-0.0164453240615987));
#3593=CARTESIAN_POINT('',(0.0229324635332959,0.054,-0.0163485655147899));
#3594=CARTESIAN_POINT('',(0.023151643593653,0.054,-0.0162225322865775));
#3595=CARTESIAN_POINT('',(0.0234980588588448,0.054,-0.0160097157048817));
#3596=CARTESIAN_POINT('',(0.0239220114007968,0.054,-0.0157226892899146));
#3597=CARTESIAN_POINT('',(0.0243316959765671,0.054,-0.0154077481781642));
#3598=CARTESIAN_POINT('',(0.0246497410098361,0.054,-0.0151394670427663));
#3599=CARTESIAN_POINT('',(0.0248831901508981,0.054,-0.01493026057248));
#3600=CARTESIAN_POINT('',(0.025073384495001,0.054,-0.0147493487040475));
#3601=CARTESIAN_POINT('',(0.0252227620717029,0.054,-0.0146008747058362));
#3602=CARTESIAN_POINT('',(0.025333659134541,0.054,-0.0144873893105826));
#3603=CARTESIAN_POINT('',(0.0254422294200573,0.054,-0.0143730472649056));
#3604=CARTESIAN_POINT('',(0.0255835446201139,0.054,-0.0142201112904012));
#3605=CARTESIAN_POINT('',(0.0257542313888304,0.054,-0.0140279955356482));
#3606=CARTESIAN_POINT('',(0.0259500281158545,0.054,-0.0137967316585101));
#3607=CARTESIAN_POINT('',(0.026199499023012,0.054,-0.0134883511425201));
#3608=CARTESIAN_POINT('',(0.0264319046410474,0.054,-0.013181438916656));
#3609=CARTESIAN_POINT('',(0.0266473402850678,0.054,-0.0128784629793872));
#3610=CARTESIAN_POINT('',(0.0268004294757245,0.054,-0.0126535265658205));
#3611=CARTESIAN_POINT('',(0.0269209792436441,0.054,-0.01246805331728));
#3612=CARTESIAN_POINT('',(0.027013346146146,0.054,-0.0123205357291135));
#3613=CARTESIAN_POINT('',(0.0270805627923111,0.054,-0.0122102945984609));
#3614=CARTESIAN_POINT('',(0.0271460945458933,0.054,-0.0120997268409028));
#3615=CARTESIAN_POINT('',(0.0272318836830869,0.054,-0.0119503711719711));
#3616=CARTESIAN_POINT('',(0.0273356126611696,0.054,-0.0117601659991606));
#3617=CARTESIAN_POINT('',(0.0274531601198096,0.054,-0.0115266286958491));
#3618=CARTESIAN_POINT('',(0.027562004918828,0.054,-0.011290376462161));
#3619=CARTESIAN_POINT('',(0.0276609623384782,0.054,-0.0110548973933877));
#3620=CARTESIAN_POINT('',(0.0277499878153966,0.054,-0.0108232291907082));
#3621=CARTESIAN_POINT('',(0.027830322745967,0.054,-0.0105965129815989));
#3622=CARTESIAN_POINT('',(0.0279040384616136,0.054,-0.0103739208775832));
#3623=CARTESIAN_POINT('',(0.027974211447731,0.054,-0.0101505173317382));
#3624=CARTESIAN_POINT('',(0.0280639884562422,0.054,-0.00985191516454645));
#3625=CARTESIAN_POINT('',(0.0281482722287969,0.054,-0.00955543662732225));
#3626=CARTESIAN_POINT('',(0.0282255185274608,0.054,-0.00927162583651733));
#3627=CARTESIAN_POINT('',(0.0282793335566778,0.054,-0.00906815032535142));
#3628=CARTESIAN_POINT('',(0.0283284811641015,0.054,-0.00887686879568404));
#3629=CARTESIAN_POINT('',(0.0283724847598115,0.054,-0.00870004395234845));
#3630=CARTESIAN_POINT('',(0.0284111629884031,0.054,-0.00853871668024704));
#3631=CARTESIAN_POINT('',(0.0284471930076294,0.054,-0.0083796383799381));
#3632=CARTESIAN_POINT('',(0.0284804522600968,0.054,-0.00822006285268309));
#3633=CARTESIAN_POINT('',(0.0285100594443397,0.054,-0.00806318540834751));
#3634=CARTESIAN_POINT('',(0.0285315433928479,0.054,-0.00793819517810014));
#3635=CARTESIAN_POINT('',(0.0285455909110865,0.054,-0.00785229124919613));
#3636=CARTESIAN_POINT('',(0.028553466482016,0.054,-0.00780319862719848));
#3637=CARTESIAN_POINT('',(0.0285654751800146,0.054,-0.00772747029361147));
#3638=CARTESIAN_POINT('',(0.0285841131285923,0.054,-0.00760656380832847));
#3639=CARTESIAN_POINT('',(0.0286184070561601,0.054,-0.00737317889951473));
#3640=CARTESIAN_POINT('',(0.0286532305940038,0.054,-0.00711713294148436));
#3641=CARTESIAN_POINT('',(0.028681853692161,0.054,-0.00688142743796567));
#3642=CARTESIAN_POINT('',(0.0286973305855307,0.054,-0.00674421647381098));
#3643=CARTESIAN_POINT('',(0.0287084091903931,0.054,-0.00664016177295974));
#3644=CARTESIAN_POINT('',(0.0287188604153884,0.054,-0.00653503958596263));
#3645=CARTESIAN_POINT('',(0.02872697216628,0.054,-0.00644640196851159));
#3646=CARTESIAN_POINT('',(0.0287330216598445,0.054,-0.0063749749211777));
#3647=CARTESIAN_POINT('',(0.0287386207596088,0.054,-0.00630511648123901));
#3648=CARTESIAN_POINT('',(0.0287448753069099,0.054,-0.00622009962403669));
#3649=CARTESIAN_POINT('',(0.0287512895471237,0.054,-0.00612215055228332));
#3650=CARTESIAN_POINT('',(0.0287585623918482,0.054,-0.00599713140797567));
#3651=CARTESIAN_POINT('',(0.0287655768565342,0.054,-0.00585178656729213));
#3652=CARTESIAN_POINT('',(0.0287717246204817,0.054,-0.00569605566457495));
#3653=CARTESIAN_POINT('',(0.0287757711157412,0.054,-0.00558249815642596));
#3654=CARTESIAN_POINT('',(0.0287787552718437,0.054,-0.00550136083745894));
#3655=CARTESIAN_POINT('',(0.028780573817892,0.054,-0.00545464780781443));
#3656=CARTESIAN_POINT('',(0.0287820347059107,0.054,-0.00541951344647622));
#3657=CARTESIAN_POINT('',(0.0287831290538864,0.054,-0.00539447564727642));
#3658=CARTESIAN_POINT('',(0.0287842682591826,0.054,-0.0053698172128009));
#3659=CARTESIAN_POINT('',(0.0287859323467187,0.054,-0.00533547305760434));
#3660=CARTESIAN_POINT('',(0.0287882428629793,0.054,-0.00529053844677128));
#3661=CARTESIAN_POINT('',(0.028792418745659,0.054,-0.0052136016181894));
#3662=CARTESIAN_POINT('',(0.0287984477863909,0.054,-0.00510752249524092));
#3663=CARTESIAN_POINT('',(0.0288065083311932,0.054,-0.00496324728574786));
#3664=CARTESIAN_POINT('',(0.0288147013864936,0.054,-0.00480189392165693));
#3665=CARTESIAN_POINT('',(0.0288209701193907,0.054,-0.00465347978894391));
#3666=CARTESIAN_POINT('',(0.0288252420883396,0.054,-0.00452680729220137));
#3667=CARTESIAN_POINT('',(0.0288279866210688,0.054,-0.00442755638600081));
#3668=CARTESIAN_POINT('',(0.0288301521121969,0.054,-0.00432556000255113));
#3669=CARTESIAN_POINT('',(0.0288322385457562,0.054,-0.00418686873610532));
#3670=CARTESIAN_POINT('',(0.0288333224219085,0.054,-0.0040080601667221));
#3671=CARTESIAN_POINT('',(0.0288320417100899,0.054,-0.00378531709034869));
#3672=CARTESIAN_POINT('',(0.0288266485638895,0.054,-0.00347815987450509));
#3673=CARTESIAN_POINT('',(0.0288153178656789,0.054,-0.00315710920365288));
#3674=CARTESIAN_POINT('',(0.028797022534716,0.054,-0.00282506246065256));
#3675=CARTESIAN_POINT('',(0.0287824151216449,0.054,-0.00261347149682423));
#3676=CARTESIAN_POINT('',(0.0287686583521961,0.054,-0.00244221014997874));
#3677=CARTESIAN_POINT('',(0.0287572211447182,0.054,-0.00231248915615289));
#3678=CARTESIAN_POINT('',(0.0287447410263898,0.054,-0.0021829802445575));
#3679=CARTESIAN_POINT('',(0.0287269755445298,0.054,-0.00201249600789966));
#3680=CARTESIAN_POINT('',(0.0287027560058573,0.054,-0.00180288061086548));
#3681=CARTESIAN_POINT('',(0.0286710085377812,0.054,-0.00155795844554554));
#3682=CARTESIAN_POINT('',(0.0286370306207004,0.054,-0.00132041996653297));
#3683=CARTESIAN_POINT('',(0.0286012340625934,0.054,-0.00109111282900778));
#3684=CARTESIAN_POINT('',(0.0285639642504739,0.054,-0.000870765666706049));
#3685=CARTESIAN_POINT('',(0.0285318948926245,0.054,-0.000695058441328675));
#3686=CARTESIAN_POINT('',(0.028505680505111,0.054,-0.000559283529887967));
#3687=CARTESIAN_POINT('',(0.0284857328838048,0.054,-0.000459808190962859));
#3688=CARTESIAN_POINT('',(0.028465445207766,0.054,-0.000362498218152333));
#3689=CARTESIAN_POINT('',(0.0284448326675469,0.054,-0.000267441192945514));
#3690=CARTESIAN_POINT('',(0.0284228725016792,0.054,-0.000170509993351907));
#3691=CARTESIAN_POINT('',(0.0283914855104208,0.054,-3.87893013290732E-5));
#3692=CARTESIAN_POINT('',(0.0283476116563945,0.054,0.000131004161464221));
#3693=CARTESIAN_POINT('',(0.0282871308684618,0.054,0.000338785503453177));
#3694=CARTESIAN_POINT('',(0.0282317008222404,0.054,0.000509232687781967));
#3695=CARTESIAN_POINT('',(0.0281855502498029,0.054,0.000641791118545388));
#3696=CARTESIAN_POINT('',(0.0281502502907654,0.054,0.000739295793525659));
#3697=CARTESIAN_POINT('',(0.0281142687879068,0.054,0.000835400656386915));
#3698=CARTESIAN_POINT('',(0.0280778887097032,0.054,0.000929958153994508));
#3699=CARTESIAN_POINT('',(0.0280391462605452,0.054,0.00102831414157224));
#3700=CARTESIAN_POINT('',(0.0279842065544713,0.054,0.00116450907887344));
#3701=CARTESIAN_POINT('',(0.0279092906633018,0.054,0.001343955284297));
#3702=CARTESIAN_POINT('',(0.0278090959816117,0.054,0.00157287354602761));
#3703=CARTESIAN_POINT('',(0.0276983032244405,0.054,0.00181398296798118));
#3704=CARTESIAN_POINT('',(0.0275765285739378,0.054,0.00206583091604016));
#3705=CARTESIAN_POINT('',(0.0274432514346435,0.054,0.00232697708749732));
#3706=CARTESIAN_POINT('',(0.027297744128625,0.054,0.00259605224012306));
#3707=CARTESIAN_POINT('',(0.0271654485469668,0.054,0.00282584624597596));
#3708=CARTESIAN_POINT('',(0.027052272324437,0.054,0.00301245865716165));
#3709=CARTESIAN_POINT('',(0.0269782702586915,0.054,0.00313016528484344));
#3710=CARTESIAN_POINT('',(0.026917002402677,0.054,0.00322487297486241));
#3711=CARTESIAN_POINT('',(0.0268699041466395,0.054,0.00329627620730918));
#3712=CARTESIAN_POINT('',(0.0268219227959591,0.054,0.00336757239020765));
#3713=CARTESIAN_POINT('',(0.0267578044618611,0.054,0.00346099384325849));
#3714=CARTESIAN_POINT('',(0.0266770222057092,0.054,0.0035753784811277));
#3715=CARTESIAN_POINT('',(0.0265468644854979,0.054,0.00375313802026944));
#3716=CARTESIAN_POINT('',(0.026382869880048,0.054,0.0039658235235551));
#3717=CARTESIAN_POINT('',(0.0261854777185408,0.054,0.00420640867239292));
#3718=CARTESIAN_POINT('',(0.0259888368610152,0.054,0.00443290157056165));
#3719=CARTESIAN_POINT('',(0.0257942424201522,0.054,0.00464574780103018));
#3720=CARTESIAN_POINT('',(0.0256029563220871,0.054,0.00484530079207795));
#3721=CARTESIAN_POINT('',(0.0254161914651059,0.054,0.00503185307574368));
#3722=CARTESIAN_POINT('',(0.0252352811008572,0.054,0.00520551055806622));
#3723=CARTESIAN_POINT('',(0.0250901631556894,0.054,0.00533980641442616));
#3724=CARTESIAN_POINT('',(0.0249787604113597,0.054,0.00544044013905977));
#3725=CARTESIAN_POINT('',(0.024894233971093,0.054,0.00551553709915995));
#3726=CARTESIAN_POINT('',(0.024808622873752,0.054,0.00559017685289365));
#3727=CARTESIAN_POINT('',(0.0246927456246271,0.054,0.00568915442674077));
#3728=CARTESIAN_POINT('',(0.0244850393948505,0.054,0.00586081592028172));
#3729=CARTESIAN_POINT('',(0.0241732606534859,0.054,0.00609980409101883));
#3730=CARTESIAN_POINT('',(0.0238802271480546,0.054,0.00630114339202803));
#3731=CARTESIAN_POINT('',(0.0236812040067988,0.054,0.0064298899230435));
#3732=CARTESIAN_POINT('',(0.0235476241642808,0.054,0.00651437223061938));
#3733=CARTESIAN_POINT('',(0.023376344406684,0.054,0.00661929523166487));
#3734=CARTESIAN_POINT('',(0.0231630958540363,0.054,0.00674472117427473));
#3735=CARTESIAN_POINT('',(0.0228686233793635,0.054,0.00691117590457783));
#3736=CARTESIAN_POINT('',(0.0224817494984701,0.054,0.00711736297386033));
#3737=CARTESIAN_POINT('',(0.02207168015549,0.054,0.00731847408817728));
#3738=CARTESIAN_POINT('',(0.0217308715329492,0.054,0.00747422007677147));
#3739=CARTESIAN_POINT('',(0.0215127514729024,0.054,0.00756891144679985));
#3740=CARTESIAN_POINT('',(0.0213351790420439,0.054,0.0076427951511656));
#3741=CARTESIAN_POINT('',(0.0211557823856462,0.054,0.00771521069270372));
#3742=CARTESIAN_POINT('',(0.0209326911012483,0.054,0.00780116637970803));
#3743=CARTESIAN_POINT('',(0.0206660297821556,0.054,0.00789781244096692));
#3744=CARTESIAN_POINT('',(0.0203124973940767,0.054,0.00801835808277591));
#3745=CARTESIAN_POINT('',(0.0198746065945125,0.054,0.00815450633533184));
#3746=CARTESIAN_POINT('',(0.0193566424687939,0.054,0.00829785804929433));
#3747=CARTESIAN_POINT('',(0.0189314503221549,0.054,0.00840343446294441));
#3748=CARTESIAN_POINT('',(0.0186375609465634,0.054,0.00847138353649575));
#3749=CARTESIAN_POINT('',(0.0184701650320721,0.054,0.0085088246542764));
#3750=CARTESIAN_POINT('',(0.0182177779694871,0.054,0.00856400941843643));
#3751=CARTESIAN_POINT('',(0.0178362155559763,0.054,0.00864264393292899));
#3752=CARTESIAN_POINT('',(0.017323055117397,0.054,0.00873768231593626));
#3753=CARTESIAN_POINT('',(0.0168936759276543,0.054,0.00880770898972755));
#3754=CARTESIAN_POINT('',(0.0165500545177613,0.054,0.00885758043205791));
#3755=CARTESIAN_POINT('',(0.0162924394653034,0.054,0.00889172770890863));
#3756=CARTESIAN_POINT('',(0.0160351944492903,0.054,0.0089224301562126));
#3757=CARTESIAN_POINT('',(0.0157779947165332,0.054,0.00894946820501084));
#3758=CARTESIAN_POINT('',(0.0155260827420323,0.054,0.00897234267145015));
#3759=CARTESIAN_POINT('',(0.0151958609004052,0.054,0.00899797138467465));
#3760=CARTESIAN_POINT('',(0.0147929089116202,0.054,0.00902187770150082));
#3761=CARTESIAN_POINT('',(0.0143981324249881,0.054,0.009038117809985));
#3762=CARTESIAN_POINT('',(0.0140826536745181,0.054,0.00904839857220643));
#3763=CARTESIAN_POINT('',(0.013844797538903,0.054,0.00905519411149114));
#3764=CARTESIAN_POINT('',(0.0136039959214964,0.054,0.00906149182063479));
#3765=CARTESIAN_POINT('',(0.0133591253132724,0.054,0.0090677024703371));
#3766=CARTESIAN_POINT('',(0.0131046252479392,0.054,0.00907417771533585));
#3767=CARTESIAN_POINT('',(0.0127536793270875,0.054,0.00908308407626426));
#3768=CARTESIAN_POINT('',(0.0122945678573117,0.054,0.00909471480584696));
#3769=CARTESIAN_POINT('',(0.0117159139201037,0.054,0.00910933007368235));
#3770=CARTESIAN_POINT('',(0.0111144284493501,0.054,0.00912447652053693));
#3771=CARTESIAN_POINT('',(0.0104950321668709,0.054,0.00914002356446161));
#3772=CARTESIAN_POINT('',(0.00996800178101456,0.054,0.00915320662371368));
#3773=CARTESIAN_POINT('',(0.00954237605037567,0.054,0.00916382187453346));
#3774=CARTESIAN_POINT('',(0.00911467797312271,0.054,0.00917447059142748));
#3775=CARTESIAN_POINT('',(0.00857409488357414,0.054,0.00918776081096974));
#3776=CARTESIAN_POINT('',(0.0076915641429144,0.054,0.0092084779819886));
#3777=CARTESIAN_POINT('',(0.00677480705626137,0.054,0.00922763298921623));
#3778=CARTESIAN_POINT('',(0.00580868937202406,0.054,0.00924372016173998));
#3779=CARTESIAN_POINT('',(0.00505566342010248,0.054,0.0092538769209503));
#3780=CARTESIAN_POINT('',(0.00440127183578733,0.054,0.00926043793345068));
#3781=CARTESIAN_POINT('',(0.00385979913945356,0.054,0.00926436433702477));
#3782=CARTESIAN_POINT('',(0.00330551583167032,0.054,0.00926733421438339));
#3783=CARTESIAN_POINT('',(0.00259176653730949,0.054,0.00926928636645327));
#3784=CARTESIAN_POINT('',(0.00170938315041742,0.054,0.00926925140967943));
#3785=CARTESIAN_POINT('',(0.000808890380902779,0.054,0.00926723689161741));
#3786=CARTESIAN_POINT('',(-0.00040541127140488,0.054,0.00926244689798542));
#3787=CARTESIAN_POINT('',(-0.00162429290613847,0.054,0.00925529432592462));
#3788=CARTESIAN_POINT('',(-0.00281553245768433,0.054,0.00924735849825544));
#3789=CARTESIAN_POINT('',(-0.00368700163444666,0.054,0.00924140675825749));
#3790=CARTESIAN_POINT('',(-0.00438802817421426,0.054,0.00923677841436867));
#3791=CARTESIAN_POINT('',(-0.00492971221139373,0.054,0.00923346099935603));
#3792=CARTESIAN_POINT('',(-0.00545678225325274,0.054,0.00923049708699111));
#3793=CARTESIAN_POINT('',(-0.00609182077959216,0.054,0.0092272701862766));
#3794=CARTESIAN_POINT('',(-0.00681447237246363,0.054,0.00922250843473333));
#3795=CARTESIAN_POINT('',(-0.00749693766348962,0.054,0.00921522891019089));
#3796=CARTESIAN_POINT('',(-0.00813915774155366,0.054,0.00920366335583045));
#3797=CARTESIAN_POINT('',(-0.00864168755767533,0.054,0.00918880967464402));
#3798=CARTESIAN_POINT('',(-0.00902569251338291,0.054,0.00917255288673224));
#3799=CARTESIAN_POINT('',(-0.00930537551627108,0.054,0.00915776969509381));
#3800=CARTESIAN_POINT('',(-0.00953237408087683,0.054,0.00914287586946142));
#3801=CARTESIAN_POINT('',(-0.00971083027977394,0.054,0.00912910969538054));
#3802=CARTESIAN_POINT('',(-0.00984377870855558,0.054,0.00911770346705859));
#3803=CARTESIAN_POINT('',(-0.00997316404352948,0.054,0.00910540461052666));
#3804=CARTESIAN_POINT('',(-0.0101409541272812,0.054,0.00908791866208484));
#3805=CARTESIAN_POINT('',(-0.0104223402316898,0.054,0.00905468935157837));
#3806=CARTESIAN_POINT('',(-0.0107157559952505,0.054,0.00901206217227474));
#3807=CARTESIAN_POINT('',(-0.0109801247585369,0.054,0.00896857217193838));
#3808=CARTESIAN_POINT('',(-0.0111335064402548,0.054,0.00894186161901232));
#3809=CARTESIAN_POINT('',(-0.0112496336357593,0.054,0.00892115805148479));
#3810=CARTESIAN_POINT('',(-0.0113336907909884,0.054,0.0089060258550407));
#3811=CARTESIAN_POINT('',(-0.0114013849967365,0.054,0.00889379610108411));
#3812=CARTESIAN_POINT('',(-0.011454425831053,0.054,0.00888423104120907));
#3813=CARTESIAN_POINT('',(-0.0115063689876099,0.054,0.0088748896998052));
#3814=CARTESIAN_POINT('',(-0.0115728745668591,0.054,0.00886299721007931));
#3815=CARTESIAN_POINT('',(-0.0116561662218009,0.054,0.00884814294267745));
#3816=CARTESIAN_POINT('',(-0.0117425420635065,0.054,0.0088327104986743));
#3817=CARTESIAN_POINT('',(-0.0118617854075016,0.054,0.00881127102084042));
#3818=CARTESIAN_POINT('',(-0.0120181823227649,0.054,0.00878271491532307));
#3819=CARTESIAN_POINT('',(-0.0122831294514625,0.054,0.00873253727092834));
#3820=CARTESIAN_POINT('',(-0.0125687764184859,0.054,0.0086744117231277));
#3821=CARTESIAN_POINT('',(-0.0128727910120064,0.054,0.00860543010559983));
#3822=CARTESIAN_POINT('',(-0.0130698924455384,0.054,0.0085571440853403));
#3823=CARTESIAN_POINT('',(-0.0132317903290051,0.054,0.00851490167595729));
#3824=CARTESIAN_POINT('',(-0.0133929203120981,0.054,0.00847111342875706));
#3825=CARTESIAN_POINT('',(-0.0135936387480659,0.054,0.00841337810860122));
#3826=CARTESIAN_POINT('',(-0.0138331726523129,0.054,0.00833950124207751));
#3827=CARTESIAN_POINT('',(-0.0140714373358244,0.054,0.00826115806593855));
#3828=CARTESIAN_POINT('',(-0.0143084004121488,0.054,0.00817848027022788));
#3829=CARTESIAN_POINT('',(-0.0146225770370588,0.054,0.00806261852084045));
#3830=CARTESIAN_POINT('',(-0.0149340358413904,0.054,0.0079385310332826));
#3831=CARTESIAN_POINT('',(-0.0152424814774409,0.054,0.00780660916909397));
#3832=CARTESIAN_POINT('',(-0.0155490466506168,0.054,0.00766950847718074));
#3833=CARTESIAN_POINT('',(-0.0159336590873533,0.054,0.00748582738454426));
#3834=CARTESIAN_POINT('',(-0.0163947083246599,0.054,0.00724480549575396));
#3835=CARTESIAN_POINT('',(-0.0167773957810725,0.054,0.00702539842993593));
#3836=CARTESIAN_POINT('',(-0.0170816776928796,0.054,0.00683791782199318));
#3837=CARTESIAN_POINT('',(-0.0172708796888047,0.054,0.00671556536222805));
#3838=CARTESIAN_POINT('',(-0.0174215154560134,0.054,0.00661447566291894));
#3839=CARTESIAN_POINT('',(-0.0175716562638048,0.054,0.00651116127655434));
#3840=CARTESIAN_POINT('',(-0.0177540458900808,0.054,0.0063809565151544));
#3841=CARTESIAN_POINT('',(-0.0179654071520486,0.054,0.00622314187959242));
#3842=CARTESIAN_POINT('',(-0.0182370677483039,0.054,0.00601154498873366));
#3843=CARTESIAN_POINT('',(-0.0185577999424349,0.054,0.00574609497363913));
#3844=CARTESIAN_POINT('',(-0.0189123984588374,0.054,0.00542930699401408));
#3845=CARTESIAN_POINT('',(-0.0192375594185679,0.054,0.00511518370754847));
#3846=CARTESIAN_POINT('',(-0.019486895899049,0.054,0.00485162006735629));
#3847=CARTESIAN_POINT('',(-0.0196718478487651,0.054,0.00464154809036428));
#3848=CARTESIAN_POINT('',(-0.0198027483639179,0.054,0.00448573123955442));
#3849=CARTESIAN_POINT('',(-0.0199050500468306,0.054,0.00435848426324279));
#3850=CARTESIAN_POINT('',(-0.0199830259403998,0.054,0.00425864963057453));
#3851=CARTESIAN_POINT('',(-0.0200393837438208,0.054,0.00418519623881934));
#3852=CARTESIAN_POINT('',(-0.0200949186189952,0.054,0.00411162778979803));
#3853=CARTESIAN_POINT('',(-0.0201685306935561,0.054,0.00401251251738025));
#3854=CARTESIAN_POINT('',(-0.0202594413025552,0.054,0.00388710030036863));
#3855=CARTESIAN_POINT('',(-0.0203668361055976,0.054,0.00373406900212121));
#3856=CARTESIAN_POINT('',(-0.0204724324602205,0.054,0.00357854856895091));
#3857=CARTESIAN_POINT('',(-0.0205761325649005,0.054,0.00342049808787515));
#3858=CARTESIAN_POINT('',(-0.0206778199877782,0.054,0.00325985782189389));
#3859=CARTESIAN_POINT('',(-0.0207773624443911,0.054,0.00309632700231407));
#3860=CARTESIAN_POINT('',(-0.0208712699340797,0.054,0.00293582787363982));
#3861=CARTESIAN_POINT('',(-0.0209603631443764,0.054,0.00277783130109745));
#3862=CARTESIAN_POINT('',(-0.0210447868251216,0.054,0.00262286368741369));
#3863=CARTESIAN_POINT('',(-0.0211116174705617,0.054,0.00249632737062354));
#3864=CARTESIAN_POINT('',(-0.021163202315816,0.054,0.00239667227373313));
#3865=CARTESIAN_POINT('',(-0.0212010274329189,0.054,0.0023226859036455));
#3866=CARTESIAN_POINT('',(-0.0212380329389069,0.054,0.00224947435147549));
#3867=CARTESIAN_POINT('',(-0.0212865183620043,0.054,0.00215260387896421));
#3868=CARTESIAN_POINT('',(-0.0213492731338919,0.054,0.00202525485961853));
#3869=CARTESIAN_POINT('',(-0.0214265476400431,0.054,0.00186408912872608));
#3870=CARTESIAN_POINT('',(-0.0215053533006922,0.054,0.00169418628543572));
#3871=CARTESIAN_POINT('',(-0.0215849425730742,0.054,0.00151571438674702));
#3872=CARTESIAN_POINT('',(-0.0216646684221217,0.054,0.00132857820348147));
#3873=CARTESIAN_POINT('',(-0.0217305206501293,0.054,0.00116571578231557));
#3874=CARTESIAN_POINT('',(-0.0217827211132515,0.054,0.00103067942088979));
#3875=CARTESIAN_POINT('',(-0.0218336660389712,0.054,0.000894646488776977));
#3876=CARTESIAN_POINT('',(-0.0218942575240496,0.054,0.000725044324545404));
#3877=CARTESIAN_POINT('',(-0.0219854406766373,0.054,0.000453627794643065));
#3878=CARTESIAN_POINT('',(-0.0220684040859423,0.054,0.000182558567993667));
#3879=CARTESIAN_POINT('',(-0.0221439047011389,0.054,-8.79079803797283E-5));
#3880=CARTESIAN_POINT('',(-0.0221880536491394,0.054,-0.000256531575746899));
#3881=CARTESIAN_POINT('',(-0.02222161852908,0.054,-0.000391239075585169));
#3882=CARTESIAN_POINT('',(-0.0222539328759256,0.054,-0.000525385587118423));
#3883=CARTESIAN_POINT('',(-0.022293014249081,0.054,-0.000696544239379156));
#3884=CARTESIAN_POINT('',(-0.0223372998947316,0.054,-0.000907856326509303));
#3885=CARTESIAN_POINT('',(-0.0223921762348984,0.054,-0.00119731736936505));
#3886=CARTESIAN_POINT('',(-0.0224398445613488,0.054,-0.00149785591704721));
#3887=CARTESIAN_POINT('',(-0.0224792781239102,0.054,-0.0018087203384371));
#3888=CARTESIAN_POINT('',(-0.0225004656225521,0.054,-0.00200730565615659));
#3889=CARTESIAN_POINT('',(-0.0225153788659538,0.054,-0.00216905558631059));
#3890=CARTESIAN_POINT('',(-0.0225288974307504,0.054,-0.00233227252896101));
#3891=CARTESIAN_POINT('',(-0.0225430948357149,0.054,-0.0025352611118208));
#3892=CARTESIAN_POINT('',(-0.0225566298399965,0.054,-0.00277854701117003));
#3893=CARTESIAN_POINT('',(-0.0225706295984723,0.054,-0.00310157388772974));
#3894=CARTESIAN_POINT('',(-0.0225815456132427,0.054,-0.00350106551222269));
#3895=CARTESIAN_POINT('',(-0.0225855924334405,0.054,-0.00388695412189466));
#3896=CARTESIAN_POINT('',(-0.0225855777258782,0.054,-0.00418159786415233));
#3897=CARTESIAN_POINT('',(-0.0225846114343711,0.054,-0.00432341427777101));
#3898=CARTESIAN_POINT('',(-0.0225839200785475,0.054,-0.00439251154366907));
#3899=CARTESIAN_POINT('',(-0.0224593391945512,0.054,-0.00730161137662516));
#3900=CARTESIAN_POINT('',(-0.022459339194551,0.054,-0.00730161137662692));
#3901=CARTESIAN_POINT('',(-0.0223903756451359,0.054,-0.00790652730656823));
#3902=CARTESIAN_POINT('',(-0.0221716506237859,0.0538438543252735,-0.00907562142804205));
#3903=CARTESIAN_POINT('',(-0.0217012790331861,0.0534352977762435,-0.0104640246666031));
#3904=CARTESIAN_POINT('',(-0.0212205020593704,0.0530492900472135,-0.0114859147416594));
#3905=CARTESIAN_POINT('',(-0.0206583679413119,0.052677240034025,-0.0124715313936682));
#3906=CARTESIAN_POINT('',(-0.0202144828813703,0.0522478999920514,-0.0131536016432733));
#3907=CARTESIAN_POINT('',(-0.0198665001491696,0.052,-0.013574313683307));
#3908=CARTESIAN_POINT('',(-0.0198665001487222,0.022,-0.0135743136838478));
#3909=CARTESIAN_POINT('',(-0.0197993730347949,0.0219939603837786,-0.0136554705414366));
#3910=CARTESIAN_POINT('',(-0.0196675667871375,0.0219151334005014,-0.013809487559651));
#3911=CARTESIAN_POINT('',(-0.0194126105101743,0.0217344314464902,-0.0140910912860323));
#3912=CARTESIAN_POINT('',(-0.0190923860357382,0.0214625304925267,-0.0144182106367979));
#3913=CARTESIAN_POINT('',(-0.0186968643509315,0.021129790588248,-0.0147852777539121));
#3914=CARTESIAN_POINT('',(-0.0181420691674938,0.0206953563807336,-0.015254656056947));
#3915=CARTESIAN_POINT('',(-0.0173832541690107,0.0202053288220952,-0.0158133549173025));
#3916=CARTESIAN_POINT('',(-0.016662979965569,0.02,-0.0162366079686775));
#3917=CARTESIAN_POINT('',(-0.0162833421322361,0.02,-0.0164335447322967));
#3918=CARTESIAN_POINT('',(-0.0162833421322361,0.02,-0.0164335447322967));
#3919=CARTESIAN_POINT('',(-0.0225839200785475,0.02,-0.00439251154366907));
#3920=CARTESIAN_POINT('',(-0.022583228722724,0.02,-0.00446160880956712));
#3921=CARTESIAN_POINT('',(-0.0225814295909368,0.02,-0.00459618145954065));
#3922=CARTESIAN_POINT('',(-0.0225778007651297,0.02,-0.00478623346757566));
#3923=CARTESIAN_POINT('',(-0.0225735560949179,0.02,-0.00496494733633908));
#3924=CARTESIAN_POINT('',(-0.0225690142928537,0.02,-0.00513237932016718));
#3925=CARTESIAN_POINT('',(-0.0225644850063965,0.02,-0.00528869104539617));
#3926=CARTESIAN_POINT('',(-0.0225602570217313,0.02,-0.00543409073198182));
#3927=CARTESIAN_POINT('',(-0.0225575061087585,0.02,-0.00553511626551186));
#3928=CARTESIAN_POINT('',(-0.0225559105044541,0.02,-0.00559934976025562));
#3929=CARTESIAN_POINT('',(-0.0225549190573704,0.02,-0.00564116782846442));
#3930=CARTESIAN_POINT('',(-0.0225537418256903,0.02,-0.00569457626103495));
#3931=CARTESIAN_POINT('',(-0.0225523751178709,0.02,-0.00576060921287961));
#3932=CARTESIAN_POINT('',(-0.0225505328468633,0.02,-0.00585160724844585));
#3933=CARTESIAN_POINT('',(-0.0225480293005418,0.02,-0.00597139773157726));
#3934=CARTESIAN_POINT('',(-0.0225440871085514,0.02,-0.00612601886552632));
#3935=CARTESIAN_POINT('',(-0.022539416587026,0.02,-0.00626441274847343));
#3936=CARTESIAN_POINT('',(-0.0225344566550084,0.02,-0.00638085872146831));
#3937=CARTESIAN_POINT('',(-0.0225300231321407,0.02,-0.00647102651609567));
#3938=CARTESIAN_POINT('',(-0.022524786402331,0.02,-0.00656391756986892));
#3939=CARTESIAN_POINT('',(-0.0225165660327569,0.02,-0.00669155713117159));
#3940=CARTESIAN_POINT('',(-0.0225045654838908,0.02,-0.00684885138298628));
#3941=CARTESIAN_POINT('',(-0.022487746850408,0.02,-0.00703555413705501));
#3942=CARTESIAN_POINT('',(-0.0224688319487183,0.02,-0.00721960997120544));
#3943=CARTESIAN_POINT('',(-0.0224480712913834,0.02,-0.00740068523496728));
#3944=CARTESIAN_POINT('',(-0.0224256873170618,0.02,-0.00757817244907538));
#3945=CARTESIAN_POINT('',(-0.0224017910747563,0.02,-0.00775172692359214));
#3946=CARTESIAN_POINT('',(-0.0223766264902184,0.02,-0.00792040311045312));
#3947=CARTESIAN_POINT('',(-0.0223480951166871,0.02,-0.00809521367785632));
#3948=CARTESIAN_POINT('',(-0.0223155258472931,0.02,-0.00827520351479219));
#3949=CARTESIAN_POINT('',(-0.0222784783223367,0.02,-0.00845973392171078));
#3950=CARTESIAN_POINT('',(-0.0222369500536249,0.02,-0.00864733337416668));
#3951=CARTESIAN_POINT('',(-0.0221910345394437,0.02,-0.00883755799107087));
#3952=CARTESIAN_POINT('',(-0.0221410817759146,0.02,-0.0090301692840602));
#3953=CARTESIAN_POINT('',(-0.0220855147888837,0.02,-0.00923186052103464));
#3954=CARTESIAN_POINT('',(-0.0220241151243798,0.02,-0.009442252818523));
#3955=CARTESIAN_POINT('',(-0.0219567177402436,0.02,-0.00966064893654958));
#3956=CARTESIAN_POINT('',(-0.0218830979360826,0.02,-0.00988618549235325));
#3957=CARTESIAN_POINT('',(-0.0218029348217352,0.02,-0.0101179976137233));
#3958=CARTESIAN_POINT('',(-0.0217302773233282,0.02,-0.0103157739127232));
#3959=CARTESIAN_POINT('',(-0.0216682677846043,0.02,-0.010476483257773));
#3960=CARTESIAN_POINT('',(-0.0216196800400842,0.02,-0.0105982453709578));
#3961=CARTESIAN_POINT('',(-0.0215688890889154,0.02,-0.0107211499252588));
#3962=CARTESIAN_POINT('',(-0.0215244654097381,0.02,-0.0108247758734249));
#3963=CARTESIAN_POINT('',(-0.0214877745590214,0.02,-0.0109078975234796));
#3964=CARTESIAN_POINT('',(-0.021451108763794,0.02,-0.0109894110034401));
#3965=CARTESIAN_POINT('',(-0.0214050671795567,0.02,-0.0110890353635514));
#3966=CARTESIAN_POINT('',(-0.0213497888271355,0.02,-0.0112047257357723));
#3967=CARTESIAN_POINT('',(-0.0212762804702882,0.02,-0.0113539154933616));
#3968=CARTESIAN_POINT('',(-0.021148889633795,0.02,-0.0116016044025972));
#3969=CARTESIAN_POINT('',(-0.0210093167682311,0.02,-0.0118538739095389));
#3970=CARTESIAN_POINT('',(-0.0208983362771858,0.02,-0.0120458943565319));
#3971=CARTESIAN_POINT('',(-0.0208390295758904,0.02,-0.0121468995984966));
#3972=CARTESIAN_POINT('',(-0.0207968955768223,0.02,-0.012218055444988));
#3973=CARTESIAN_POINT('',(-0.0207638297462296,0.02,-0.012273562266502));
#3974=CARTESIAN_POINT('',(-0.0207390457583016,0.02,-0.0123150677296609));
#3975=CARTESIAN_POINT('',(-0.0207141540309853,0.02,-0.0123567026900252));
#3976=CARTESIAN_POINT('',(-0.020682312651429,0.02,-0.0124097991160978));
#3977=CARTESIAN_POINT('',(-0.0206294894544478,0.02,-0.0124972643595367));
#3978=CARTESIAN_POINT('',(-0.0205589948521588,0.02,-0.0126122787401261));
#3979=CARTESIAN_POINT('',(-0.0204651962606932,0.02,-0.0127604675294398));
#3980=CARTESIAN_POINT('',(-0.0203611045210595,0.02,-0.0129179986507075));
#3981=CARTESIAN_POINT('',(-0.0202469185265126,0.02,-0.0130823545795795));
#3982=CARTESIAN_POINT('',(-0.0201228151398101,0.02,-0.0132514872663152));
#3983=CARTESIAN_POINT('',(-0.0199944537302214,0.02,-0.0134175068458256));
#3984=CARTESIAN_POINT('',(-0.0198611071837454,0.02,-0.013582045986228));
#3985=CARTESIAN_POINT('',(-0.0197226240513758,0.02,-0.0137454755734431));
#3986=CARTESIAN_POINT('',(-0.0195787974227402,0.02,-0.0139081450978097));
#3987=CARTESIAN_POINT('',(-0.0194294745337489,0.02,-0.0140701796843229));
#3988=CARTESIAN_POINT('',(-0.0192746090479211,0.02,-0.014231515242211));
#3989=CARTESIAN_POINT('',(-0.0190602285061796,0.02,-0.0144458602779694));
#3990=CARTESIAN_POINT('',(-0.0187821711315756,0.02,-0.0147074041603876));
#3991=CARTESIAN_POINT('',(-0.0184322902850995,0.02,-0.0150114468115395));
#3992=CARTESIAN_POINT('',(-0.0181273350288992,0.02,-0.0152560927811395));
#3993=CARTESIAN_POINT('',(-0.0178753434597382,0.02,-0.0154460552368354));
#3994=CARTESIAN_POINT('',(-0.0176177673212623,0.02,-0.0156320667046901));
#3995=CARTESIAN_POINT('',(-0.0172887148884797,0.02,-0.015854451521366));
#3996=CARTESIAN_POINT('',(-0.0168829385034492,0.02,-0.0161051458448072));
#3997=CARTESIAN_POINT('',(-0.0165363125128683,0.02,-0.0163007005798358));
#3998=CARTESIAN_POINT('',(-0.01625430616024,0.02,-0.0164493891173576));
#3999=CARTESIAN_POINT('',(-0.0159688355800886,0.02,-0.0165932352476428));
#4000=CARTESIAN_POINT('',(-0.015608967499711,0.02,-0.0167627157693833));
#4001=CARTESIAN_POINT('',(-0.0151741647439372,0.02,-0.0169509186351324));
#4002=CARTESIAN_POINT('',(-0.014737535752337,0.02,-0.017125109647595));
#4003=CARTESIAN_POINT('',(-0.0143736897440545,0.02,-0.0172590717854091));
#4004=CARTESIAN_POINT('',(-0.0140830711718756,0.02,-0.0173598245452811));
#4005=CARTESIAN_POINT('',(-0.0137952071841971,0.02,-0.0174556554443386));
#4006=CARTESIAN_POINT('',(-0.0134418167819549,0.02,-0.0175664193667728));
#4007=CARTESIAN_POINT('',(-0.0131002911453259,0.02,-0.01766537304034));
#4008=CARTESIAN_POINT('',(-0.0128360119077917,0.02,-0.0177374711682877));
#4009=CARTESIAN_POINT('',(-0.0126749166691145,0.02,-0.017779575952496));
#4010=CARTESIAN_POINT('',(-0.0125485294026529,0.02,-0.0178115102036529));
#4011=CARTESIAN_POINT('',(-0.0124241804550898,0.02,-0.0178421949023386));
#4012=CARTESIAN_POINT('',(-0.012207803430244,0.02,-0.0178936127386629));
#4013=CARTESIAN_POINT('',(-0.0118963184546551,0.02,-0.0179609894209132));
#4014=CARTESIAN_POINT('',(-0.011579694474595,0.02,-0.0180195550059108));
#4015=CARTESIAN_POINT('',(-0.0113206553237794,0.02,-0.0180622139654938));
#4016=CARTESIAN_POINT('',(-0.0111218166980983,0.02,-0.0180927010079848));
#4017=CARTESIAN_POINT('',(-0.0109148026677913,0.02,-0.0181225321040344));
#4018=CARTESIAN_POINT('',(-0.0106267337960735,0.02,-0.0181617531934255));
#4019=CARTESIAN_POINT('',(-0.0102482337746732,0.02,-0.01820925378937));
#4020=CARTESIAN_POINT('',(-0.009856110212023,0.02,-0.0182532196983989));
#4021=CARTESIAN_POINT('',(-0.00954144718613865,0.02,-0.0182851182410969));
#4022=CARTESIAN_POINT('',(-0.00930655831108328,0.02,-0.0183071020548129));
#4023=CARTESIAN_POINT('',(-0.00907432235170902,0.02,-0.018326832033758));
#4024=CARTESIAN_POINT('',(-0.00876905384958395,0.02,-0.0183496841778513));
#4025=CARTESIAN_POINT('',(-0.00840584749854679,0.02,-0.0183705673720546));
#4026=CARTESIAN_POINT('',(-0.00798632322194322,0.02,-0.018385719040278));
#4027=CARTESIAN_POINT('',(-0.00763762711176855,0.02,-0.0183929640005563));
#4028=CARTESIAN_POINT('',(-0.00734564040349813,0.02,-0.0183973980418357));
#4029=CARTESIAN_POINT('',(-0.00711568576135135,0.02,-0.0184004492783408));
#4030=CARTESIAN_POINT('',(-0.00687109705387559,0.02,-0.0184036222352121));
#4031=CARTESIAN_POINT('',(-0.00660437080454885,0.02,-0.0184072688274942));
#4032=CARTESIAN_POINT('',(-0.00631672467416371,0.02,-0.0184113094313483));
#4033=CARTESIAN_POINT('',(-0.0059076265529409,0.02,-0.0184171568895232));
#4034=CARTESIAN_POINT('',(-0.00535220723939683,0.02,-0.0184251868040419));
#4035=CARTESIAN_POINT('',(-0.00462768324956032,0.02,-0.0184355375570092));
#4036=CARTESIAN_POINT('',(-0.00385736490860068,0.02,-0.0184461657444108));
#4037=CARTESIAN_POINT('',(-0.00305337097673795,0.02,-0.0184566338346999));
#4038=CARTESIAN_POINT('',(-0.00195259059534358,0.02,-0.018469801656285));
#4039=CARTESIAN_POINT('',(-0.000552233827226373,0.02,-0.0184836517603106));
#4040=CARTESIAN_POINT('',(0.00107040635163851,0.02,-0.0184927823275382));
#4041=CARTESIAN_POINT('',(0.00266675412275912,0.02,-0.0184971166804289));
#4042=CARTESIAN_POINT('',(0.00400233122163456,0.02,-0.018498813837652));
#4043=CARTESIAN_POINT('',(0.00509049498358757,0.02,-0.0185002863699214));
#4044=CARTESIAN_POINT('',(0.00592065511116394,0.02,-0.0185017624951423));
#4045=CARTESIAN_POINT('',(0.00662768988045024,0.02,-0.0185035534777878));
#4046=CARTESIAN_POINT('',(0.00720450581826465,0.02,-0.0185054988902843));
#4047=CARTESIAN_POINT('',(0.0077903895118527,0.02,-0.0185077537609904));
#4048=CARTESIAN_POINT('',(0.00853602516491023,0.02,-0.0185107476209018));
#4049=CARTESIAN_POINT('',(0.00944225223043575,0.02,-0.0185134805595748));
#4050=CARTESIAN_POINT('',(0.0103501814050183,0.02,-0.0185141833143454));
#4051=CARTESIAN_POINT('',(0.0115504819297294,0.02,-0.0185108294703921));
#4052=CARTESIAN_POINT('',(0.0127167635987813,0.02,-0.0184986586363784));
#4053=CARTESIAN_POINT('',(0.0136779523629727,0.02,-0.0184757734180595));
#4054=CARTESIAN_POINT('',(0.0142067742502525,0.02,-0.0184584405594142));
#4055=CARTESIAN_POINT('',(0.0145924843747595,0.02,-0.0184430929710679));
#4056=CARTESIAN_POINT('',(0.0149664988761463,0.02,-0.0184251668836257));
#4057=CARTESIAN_POINT('',(0.0153291139890902,0.02,-0.0184043165028612));
#4058=CARTESIAN_POINT('',(0.0156774157741753,0.02,-0.018380390834323));
#4059=CARTESIAN_POINT('',(0.0161225798257867,0.02,-0.0183445179835643));
#4060=CARTESIAN_POINT('',(0.0166461580274478,0.02,-0.018292161246229));
#4061=CARTESIAN_POINT('',(0.0172287183077984,0.02,-0.0182173699632541));
#4062=CARTESIAN_POINT('',(0.0176808376706138,0.02,-0.0181453401810495));
#4063=CARTESIAN_POINT('',(0.0180244740905867,0.02,-0.0180823825891037));
#4064=CARTESIAN_POINT('',(0.0182735053740634,0.02,-0.0180327117384926));
#4065=CARTESIAN_POINT('',(0.0185140697053903,0.02,-0.0179808473878817));
#4066=CARTESIAN_POINT('',(0.0188240153561726,0.02,-0.017909216537861));
#4067=CARTESIAN_POINT('',(0.0192002691869166,0.02,-0.0178133541472538));
#4068=CARTESIAN_POINT('',(0.0195623725699457,0.02,-0.0177097781862019));
#4069=CARTESIAN_POINT('',(0.0198453583044252,0.02,-0.0176228734721683));
#4070=CARTESIAN_POINT('',(0.0200548281423118,0.02,-0.0175558250277282));
#4071=CARTESIAN_POINT('',(0.020227645743525,0.02,-0.0174985036918913));
#4072=CARTESIAN_POINT('',(0.0203654469269651,0.02,-0.0174517597046631));
#4073=CARTESIAN_POINT('',(0.0204683856913008,0.02,-0.0174163669926842));
#4074=CARTESIAN_POINT('',(0.0205723620894436,0.02,-0.0173801860104955));
#4075=CARTESIAN_POINT('',(0.0207146883875408,0.02,-0.017329994294267));
#4076=CARTESIAN_POINT('',(0.0208980714863355,0.02,-0.0172638919903152));
#4077=CARTESIAN_POINT('',(0.0211263211300993,0.02,-0.0171787101850743));
#4078=CARTESIAN_POINT('',(0.0213618278765576,0.02,-0.0170872775025727));
#4079=CARTESIAN_POINT('',(0.0216038470437181,0.02,-0.0169890940505874));
#4080=CARTESIAN_POINT('',(0.0218516567790253,0.02,-0.0168835995219115));
#4081=CARTESIAN_POINT('',(0.0221045911688286,0.02,-0.0167701494965978));
#4082=CARTESIAN_POINT('',(0.0223620017108936,0.02,-0.016648018878072));
#4083=CARTESIAN_POINT('',(0.0225797540474013,0.02,-0.0165382987683615));
#4084=CARTESIAN_POINT('',(0.0227555248362645,0.02,-0.0164453240615987));
#4085=CARTESIAN_POINT('',(0.0229324635332959,0.02,-0.0163485655147899));
#4086=CARTESIAN_POINT('',(0.023151643593653,0.02,-0.0162225322865775));
#4087=CARTESIAN_POINT('',(0.0234980588588448,0.02,-0.0160097157048817));
#4088=CARTESIAN_POINT('',(0.0239220114007968,0.02,-0.0157226892899146));
#4089=CARTESIAN_POINT('',(0.0243316959765671,0.02,-0.0154077481781642));
#4090=CARTESIAN_POINT('',(0.0246497410098361,0.02,-0.0151394670427663));
#4091=CARTESIAN_POINT('',(0.0248831901508981,0.02,-0.01493026057248));
#4092=CARTESIAN_POINT('',(0.025073384495001,0.02,-0.0147493487040475));
#4093=CARTESIAN_POINT('',(0.0252227620717029,0.02,-0.0146008747058362));
#4094=CARTESIAN_POINT('',(0.025333659134541,0.02,-0.0144873893105826));
#4095=CARTESIAN_POINT('',(0.0254422294200573,0.02,-0.0143730472649056));
#4096=CARTESIAN_POINT('',(0.0255835446201139,0.02,-0.0142201112904012));
#4097=CARTESIAN_POINT('',(0.0257542313888304,0.02,-0.0140279955356482));
#4098=CARTESIAN_POINT('',(0.0259500281158545,0.02,-0.0137967316585101));
#4099=CARTESIAN_POINT('',(0.026199499023012,0.02,-0.0134883511425201));
#4100=CARTESIAN_POINT('',(0.0264319046410474,0.02,-0.013181438916656));
#4101=CARTESIAN_POINT('',(0.0266473402850678,0.02,-0.0128784629793872));
#4102=CARTESIAN_POINT('',(0.0268004294757245,0.02,-0.0126535265658205));
#4103=CARTESIAN_POINT('',(0.0269209792436441,0.02,-0.01246805331728));
#4104=CARTESIAN_POINT('',(0.027013346146146,0.02,-0.0123205357291135));
#4105=CARTESIAN_POINT('',(0.0270805627923111,0.02,-0.0122102945984609));
#4106=CARTESIAN_POINT('',(0.0271460945458933,0.02,-0.0120997268409028));
#4107=CARTESIAN_POINT('',(0.0272318836830869,0.02,-0.0119503711719711));
#4108=CARTESIAN_POINT('',(0.0273356126611696,0.02,-0.0117601659991606));
#4109=CARTESIAN_POINT('',(0.0274531601198096,0.02,-0.0115266286958491));
#4110=CARTESIAN_POINT('',(0.027562004918828,0.02,-0.011290376462161));
#4111=CARTESIAN_POINT('',(0.0276609623384782,0.02,-0.0110548973933877));
#4112=CARTESIAN_POINT('',(0.0277499878153966,0.02,-0.0108232291907082));
#4113=CARTESIAN_POINT('',(0.027830322745967,0.02,-0.0105965129815989));
#4114=CARTESIAN_POINT('',(0.0279040384616136,0.02,-0.0103739208775832));
#4115=CARTESIAN_POINT('',(0.027974211447731,0.02,-0.0101505173317382));
#4116=CARTESIAN_POINT('',(0.0280639884562422,0.02,-0.00985191516454645));
#4117=CARTESIAN_POINT('',(0.0281482722287969,0.02,-0.00955543662732225));
#4118=CARTESIAN_POINT('',(0.0282255185274608,0.02,-0.00927162583651733));
#4119=CARTESIAN_POINT('',(0.0282793335566778,0.02,-0.00906815032535142));
#4120=CARTESIAN_POINT('',(0.0283284811641015,0.02,-0.00887686879568404));
#4121=CARTESIAN_POINT('',(0.0283724847598115,0.02,-0.00870004395234845));
#4122=CARTESIAN_POINT('',(0.0284111629884031,0.02,-0.00853871668024704));
#4123=CARTESIAN_POINT('',(0.0284471930076294,0.02,-0.0083796383799381));
#4124=CARTESIAN_POINT('',(0.0284804522600968,0.02,-0.00822006285268309));
#4125=CARTESIAN_POINT('',(0.0285100594443397,0.02,-0.00806318540834751));
#4126=CARTESIAN_POINT('',(0.0285315433928479,0.02,-0.00793819517810014));
#4127=CARTESIAN_POINT('',(0.0285455909110865,0.02,-0.00785229124919613));
#4128=CARTESIAN_POINT('',(0.028553466482016,0.02,-0.00780319862719848));
#4129=CARTESIAN_POINT('',(0.0285654751800146,0.02,-0.00772747029361147));
#4130=CARTESIAN_POINT('',(0.0285841131285923,0.02,-0.00760656380832847));
#4131=CARTESIAN_POINT('',(0.0286184070561601,0.02,-0.00737317889951473));
#4132=CARTESIAN_POINT('',(0.0286532305940038,0.02,-0.00711713294148436));
#4133=CARTESIAN_POINT('',(0.028681853692161,0.02,-0.00688142743796567));
#4134=CARTESIAN_POINT('',(0.0286973305855307,0.02,-0.00674421647381098));
#4135=CARTESIAN_POINT('',(0.0287084091903931,0.02,-0.00664016177295974));
#4136=CARTESIAN_POINT('',(0.0287188604153884,0.02,-0.00653503958596263));
#4137=CARTESIAN_POINT('',(0.02872697216628,0.02,-0.00644640196851159));
#4138=CARTESIAN_POINT('',(0.0287330216598445,0.02,-0.0063749749211777));
#4139=CARTESIAN_POINT('',(0.0287386207596088,0.02,-0.00630511648123901));
#4140=CARTESIAN_POINT('',(0.0287448753069099,0.02,-0.00622009962403669));
#4141=CARTESIAN_POINT('',(0.0287512895471237,0.02,-0.00612215055228332));
#4142=CARTESIAN_POINT('',(0.0287585623918482,0.02,-0.00599713140797567));
#4143=CARTESIAN_POINT('',(0.0287655768565342,0.02,-0.00585178656729213));
#4144=CARTESIAN_POINT('',(0.0287717246204817,0.02,-0.00569605566457495));
#4145=CARTESIAN_POINT('',(0.0287757711157412,0.02,-0.00558249815642596));
#4146=CARTESIAN_POINT('',(0.0287787552718437,0.02,-0.00550136083745894));
#4147=CARTESIAN_POINT('',(0.028780573817892,0.02,-0.00545464780781443));
#4148=CARTESIAN_POINT('',(0.0287820347059107,0.02,-0.00541951344647622));
#4149=CARTESIAN_POINT('',(0.0287831290538864,0.02,-0.00539447564727642));
#4150=CARTESIAN_POINT('',(0.0287842682591826,0.02,-0.0053698172128009));
#4151=CARTESIAN_POINT('',(0.0287859323467187,0.02,-0.00533547305760434));
#4152=CARTESIAN_POINT('',(0.0287882428629793,0.02,-0.00529053844677128));
#4153=CARTESIAN_POINT('',(0.028792418745659,0.02,-0.0052136016181894));
#4154=CARTESIAN_POINT('',(0.0287984477863909,0.02,-0.00510752249524092));
#4155=CARTESIAN_POINT('',(0.0288065083311932,0.02,-0.00496324728574786));
#4156=CARTESIAN_POINT('',(0.0288147013864936,0.02,-0.00480189392165693));
#4157=CARTESIAN_POINT('',(0.0288209701193907,0.02,-0.00465347978894391));
#4158=CARTESIAN_POINT('',(0.0288252420883396,0.02,-0.00452680729220137));
#4159=CARTESIAN_POINT('',(0.0288279866210688,0.02,-0.00442755638600081));
#4160=CARTESIAN_POINT('',(0.0288301521121969,0.02,-0.00432556000255113));
#4161=CARTESIAN_POINT('',(0.0288322385457562,0.02,-0.00418686873610532));
#4162=CARTESIAN_POINT('',(0.0288333224219085,0.02,-0.0040080601667221));
#4163=CARTESIAN_POINT('',(0.0288320417100899,0.02,-0.00378531709034869));
#4164=CARTESIAN_POINT('',(0.0288266485638895,0.02,-0.00347815987450509));
#4165=CARTESIAN_POINT('',(0.0288153178656789,0.02,-0.00315710920365288));
#4166=CARTESIAN_POINT('',(0.028797022534716,0.02,-0.00282506246065256));
#4167=CARTESIAN_POINT('',(0.0287824151216449,0.02,-0.00261347149682423));
#4168=CARTESIAN_POINT('',(0.0287686583521961,0.02,-0.00244221014997874));
#4169=CARTESIAN_POINT('',(0.0287572211447182,0.02,-0.00231248915615289));
#4170=CARTESIAN_POINT('',(0.0287447410263898,0.02,-0.0021829802445575));
#4171=CARTESIAN_POINT('',(0.0287269755445298,0.02,-0.00201249600789966));
#4172=CARTESIAN_POINT('',(0.0287027560058573,0.02,-0.00180288061086548));
#4173=CARTESIAN_POINT('',(0.0286710085377812,0.02,-0.00155795844554554));
#4174=CARTESIAN_POINT('',(0.0286370306207004,0.02,-0.00132041996653297));
#4175=CARTESIAN_POINT('',(0.0286012340625934,0.02,-0.00109111282900778));
#4176=CARTESIAN_POINT('',(0.0285639642504739,0.02,-0.000870765666706049));
#4177=CARTESIAN_POINT('',(0.0285318948926245,0.02,-0.000695058441328675));
#4178=CARTESIAN_POINT('',(0.028505680505111,0.02,-0.000559283529887967));
#4179=CARTESIAN_POINT('',(0.0284857328838048,0.02,-0.000459808190962859));
#4180=CARTESIAN_POINT('',(0.028465445207766,0.02,-0.000362498218152333));
#4181=CARTESIAN_POINT('',(0.0284448326675469,0.02,-0.000267441192945514));
#4182=CARTESIAN_POINT('',(0.0284228725016792,0.02,-0.000170509993351907));
#4183=CARTESIAN_POINT('',(0.0283914855104208,0.02,-3.87893013290732E-5));
#4184=CARTESIAN_POINT('',(0.0283476116563945,0.02,0.000131004161464221));
#4185=CARTESIAN_POINT('',(0.0282871308684618,0.02,0.000338785503453177));
#4186=CARTESIAN_POINT('',(0.0282317008222404,0.02,0.000509232687781967));
#4187=CARTESIAN_POINT('',(0.0281855502498029,0.02,0.000641791118545388));
#4188=CARTESIAN_POINT('',(0.0281502502907654,0.02,0.000739295793525659));
#4189=CARTESIAN_POINT('',(0.0281142687879068,0.02,0.000835400656386915));
#4190=CARTESIAN_POINT('',(0.0280778887097032,0.02,0.000929958153994508));
#4191=CARTESIAN_POINT('',(0.0280391462605452,0.02,0.00102831414157224));
#4192=CARTESIAN_POINT('',(0.0279842065544713,0.02,0.00116450907887344));
#4193=CARTESIAN_POINT('',(0.0279092906633018,0.02,0.001343955284297));
#4194=CARTESIAN_POINT('',(0.0278090959816117,0.02,0.00157287354602761));
#4195=CARTESIAN_POINT('',(0.0276983032244405,0.02,0.00181398296798118));
#4196=CARTESIAN_POINT('',(0.0275765285739378,0.02,0.00206583091604016));
#4197=CARTESIAN_POINT('',(0.0274432514346435,0.02,0.00232697708749732));
#4198=CARTESIAN_POINT('',(0.027297744128625,0.02,0.00259605224012306));
#4199=CARTESIAN_POINT('',(0.0271654485469668,0.02,0.00282584624597596));
#4200=CARTESIAN_POINT('',(0.027052272324437,0.02,0.00301245865716165));
#4201=CARTESIAN_POINT('',(0.0269782702586915,0.02,0.00313016528484344));
#4202=CARTESIAN_POINT('',(0.026917002402677,0.02,0.00322487297486241));
#4203=CARTESIAN_POINT('',(0.0268699041466395,0.02,0.00329627620730918));
#4204=CARTESIAN_POINT('',(0.0268219227959591,0.02,0.00336757239020765));
#4205=CARTESIAN_POINT('',(0.0267578044618611,0.02,0.00346099384325849));
#4206=CARTESIAN_POINT('',(0.0266770222057092,0.02,0.0035753784811277));
#4207=CARTESIAN_POINT('',(0.0265468644854979,0.02,0.00375313802026944));
#4208=CARTESIAN_POINT('',(0.026382869880048,0.02,0.0039658235235551));
#4209=CARTESIAN_POINT('',(0.0261854777185408,0.02,0.00420640867239292));
#4210=CARTESIAN_POINT('',(0.0259888368610152,0.02,0.00443290157056165));
#4211=CARTESIAN_POINT('',(0.0257942424201522,0.02,0.00464574780103018));
#4212=CARTESIAN_POINT('',(0.0256029563220871,0.02,0.00484530079207795));
#4213=CARTESIAN_POINT('',(0.0254161914651059,0.02,0.00503185307574368));
#4214=CARTESIAN_POINT('',(0.0252352811008572,0.02,0.00520551055806622));
#4215=CARTESIAN_POINT('',(0.0250901631556894,0.02,0.00533980641442616));
#4216=CARTESIAN_POINT('',(0.0249787604113597,0.02,0.00544044013905977));
#4217=CARTESIAN_POINT('',(0.024894233971093,0.02,0.00551553709915995));
#4218=CARTESIAN_POINT('',(0.024808622873752,0.02,0.00559017685289365));
#4219=CARTESIAN_POINT('',(0.0246927456246271,0.02,0.00568915442674077));
#4220=CARTESIAN_POINT('',(0.0244850393948505,0.02,0.00586081592028172));
#4221=CARTESIAN_POINT('',(0.0241732606534859,0.02,0.00609980409101883));
#4222=CARTESIAN_POINT('',(0.0238802271480546,0.02,0.00630114339202803));
#4223=CARTESIAN_POINT('',(0.0236812040067988,0.02,0.0064298899230435));
#4224=CARTESIAN_POINT('',(0.0235476241642808,0.02,0.00651437223061938));
#4225=CARTESIAN_POINT('',(0.023376344406684,0.02,0.00661929523166487));
#4226=CARTESIAN_POINT('',(0.0231630958540363,0.02,0.00674472117427473));
#4227=CARTESIAN_POINT('',(0.0228686233793635,0.02,0.00691117590457783));
#4228=CARTESIAN_POINT('',(0.0224817494984701,0.02,0.00711736297386033));
#4229=CARTESIAN_POINT('',(0.02207168015549,0.02,0.00731847408817728));
#4230=CARTESIAN_POINT('',(0.0217308715329492,0.02,0.00747422007677147));
#4231=CARTESIAN_POINT('',(0.0215127514729024,0.02,0.00756891144679985));
#4232=CARTESIAN_POINT('',(0.0213351790420439,0.02,0.0076427951511656));
#4233=CARTESIAN_POINT('',(0.0211557823856462,0.02,0.00771521069270372));
#4234=CARTESIAN_POINT('',(0.0209326911012483,0.02,0.00780116637970803));
#4235=CARTESIAN_POINT('',(0.0206660297821556,0.02,0.00789781244096692));
#4236=CARTESIAN_POINT('',(0.0203124973940767,0.02,0.00801835808277591));
#4237=CARTESIAN_POINT('',(0.0198746065945125,0.02,0.00815450633533184));
#4238=CARTESIAN_POINT('',(0.0193566424687939,0.02,0.00829785804929433));
#4239=CARTESIAN_POINT('',(0.0189314503221549,0.02,0.00840343446294441));
#4240=CARTESIAN_POINT('',(0.0186375609465634,0.02,0.00847138353649575));
#4241=CARTESIAN_POINT('',(0.0184701650320721,0.02,0.0085088246542764));
#4242=CARTESIAN_POINT('',(0.0182177779694871,0.02,0.00856400941843643));
#4243=CARTESIAN_POINT('',(0.0178362155559763,0.02,0.00864264393292899));
#4244=CARTESIAN_POINT('',(0.017323055117397,0.02,0.00873768231593626));
#4245=CARTESIAN_POINT('',(0.0168936759276543,0.02,0.00880770898972755));
#4246=CARTESIAN_POINT('',(0.0165500545177613,0.02,0.00885758043205791));
#4247=CARTESIAN_POINT('',(0.0162924394653034,0.02,0.00889172770890863));
#4248=CARTESIAN_POINT('',(0.0160351944492903,0.02,0.0089224301562126));
#4249=CARTESIAN_POINT('',(0.0157779947165332,0.02,0.00894946820501084));
#4250=CARTESIAN_POINT('',(0.0155260827420323,0.02,0.00897234267145015));
#4251=CARTESIAN_POINT('',(0.0151958609004052,0.02,0.00899797138467465));
#4252=CARTESIAN_POINT('',(0.0147929089116202,0.02,0.00902187770150082));
#4253=CARTESIAN_POINT('',(0.0143981324249881,0.02,0.009038117809985));
#4254=CARTESIAN_POINT('',(0.0140826536745181,0.02,0.00904839857220643));
#4255=CARTESIAN_POINT('',(0.013844797538903,0.02,0.00905519411149114));
#4256=CARTESIAN_POINT('',(0.0136039959214964,0.02,0.00906149182063479));
#4257=CARTESIAN_POINT('',(0.0133591253132724,0.02,0.0090677024703371));
#4258=CARTESIAN_POINT('',(0.0131046252479392,0.02,0.00907417771533585));
#4259=CARTESIAN_POINT('',(0.0127536793270875,0.02,0.00908308407626426));
#4260=CARTESIAN_POINT('',(0.0122945678573117,0.02,0.00909471480584696));
#4261=CARTESIAN_POINT('',(0.0117159139201037,0.02,0.00910933007368235));
#4262=CARTESIAN_POINT('',(0.0111144284493501,0.02,0.00912447652053693));
#4263=CARTESIAN_POINT('',(0.0104950321668709,0.02,0.00914002356446161));
#4264=CARTESIAN_POINT('',(0.00996800178101456,0.02,0.00915320662371368));
#4265=CARTESIAN_POINT('',(0.00954237605037567,0.02,0.00916382187453346));
#4266=CARTESIAN_POINT('',(0.00911467797312271,0.02,0.00917447059142748));
#4267=CARTESIAN_POINT('',(0.00857409488357414,0.02,0.00918776081096974));
#4268=CARTESIAN_POINT('',(0.0076915641429144,0.02,0.0092084779819886));
#4269=CARTESIAN_POINT('',(0.00677480705626137,0.02,0.00922763298921623));
#4270=CARTESIAN_POINT('',(0.00580868937202406,0.02,0.00924372016173998));
#4271=CARTESIAN_POINT('',(0.00505566342010248,0.02,0.0092538769209503));
#4272=CARTESIAN_POINT('',(0.00440127183578733,0.02,0.00926043793345068));
#4273=CARTESIAN_POINT('',(0.00385979913945356,0.02,0.00926436433702477));
#4274=CARTESIAN_POINT('',(0.00330551583167032,0.02,0.00926733421438339));
#4275=CARTESIAN_POINT('',(0.00259176653730949,0.02,0.00926928636645327));
#4276=CARTESIAN_POINT('',(0.00170938315041742,0.02,0.00926925140967943));
#4277=CARTESIAN_POINT('',(0.000808890380902779,0.02,0.00926723689161741));
#4278=CARTESIAN_POINT('',(-0.00040541127140488,0.02,0.00926244689798542));
#4279=CARTESIAN_POINT('',(-0.00162429290613847,0.02,0.00925529432592462));
#4280=CARTESIAN_POINT('',(-0.00281553245768433,0.02,0.00924735849825544));
#4281=CARTESIAN_POINT('',(-0.00368700163444666,0.02,0.00924140675825749));
#4282=CARTESIAN_POINT('',(-0.00438802817421426,0.02,0.00923677841436867));
#4283=CARTESIAN_POINT('',(-0.00492971221139373,0.02,0.00923346099935603));
#4284=CARTESIAN_POINT('',(-0.00545678225325274,0.02,0.00923049708699111));
#4285=CARTESIAN_POINT('',(-0.00609182077959216,0.02,0.0092272701862766));
#4286=CARTESIAN_POINT('',(-0.00681447237246363,0.02,0.00922250843473333));
#4287=CARTESIAN_POINT('',(-0.00749693766348962,0.02,0.00921522891019089));
#4288=CARTESIAN_POINT('',(-0.00813915774155366,0.02,0.00920366335583045));
#4289=CARTESIAN_POINT('',(-0.00864168755767533,0.02,0.00918880967464402));
#4290=CARTESIAN_POINT('',(-0.00902569251338291,0.02,0.00917255288673224));
#4291=CARTESIAN_POINT('',(-0.00930537551627108,0.02,0.00915776969509381));
#4292=CARTESIAN_POINT('',(-0.00953237408087683,0.02,0.00914287586946142));
#4293=CARTESIAN_POINT('',(-0.00971083027977394,0.02,0.00912910969538054));
#4294=CARTESIAN_POINT('',(-0.00984377870855558,0.02,0.00911770346705859));
#4295=CARTESIAN_POINT('',(-0.00997316404352948,0.02,0.00910540461052666));
#4296=CARTESIAN_POINT('',(-0.0101409541272812,0.02,0.00908791866208484));
#4297=CARTESIAN_POINT('',(-0.0104223402316898,0.02,0.00905468935157837));
#4298=CARTESIAN_POINT('',(-0.0107157559952505,0.02,0.00901206217227474));
#4299=CARTESIAN_POINT('',(-0.0109801247585369,0.02,0.00896857217193838));
#4300=CARTESIAN_POINT('',(-0.0111335064402548,0.02,0.00894186161901232));
#4301=CARTESIAN_POINT('',(-0.0112496336357593,0.02,0.00892115805148479));
#4302=CARTESIAN_POINT('',(-0.0113336907909884,0.02,0.0089060258550407));
#4303=CARTESIAN_POINT('',(-0.0114013849967365,0.02,0.00889379610108411));
#4304=CARTESIAN_POINT('',(-0.011454425831053,0.02,0.00888423104120907));
#4305=CARTESIAN_POINT('',(-0.0115063689876099,0.02,0.0088748896998052));
#4306=CARTESIAN_POINT('',(-0.0115728745668591,0.02,0.00886299721007931));
#4307=CARTESIAN_POINT('',(-0.0116561662218009,0.02,0.00884814294267745));
#4308=CARTESIAN_POINT('',(-0.0117425420635065,0.02,0.0088327104986743));
#4309=CARTESIAN_POINT('',(-0.0118617854075016,0.02,0.00881127102084042));
#4310=CARTESIAN_POINT('',(-0.0120181823227649,0.02,0.00878271491532307));
#4311=CARTESIAN_POINT('',(-0.0122831294514625,0.02,0.00873253727092834));
#4312=CARTESIAN_POINT('',(-0.0125687764184859,0.02,0.0086744117231277));
#4313=CARTESIAN_POINT('',(-0.0128727910120064,0.02,0.00860543010559983));
#4314=CARTESIAN_POINT('',(-0.0130698924455384,0.02,0.0085571440853403));
#4315=CARTESIAN_POINT('',(-0.0132317903290051,0.02,0.00851490167595729));
#4316=CARTESIAN_POINT('',(-0.0133929203120981,0.02,0.00847111342875706));
#4317=CARTESIAN_POINT('',(-0.0135936387480659,0.02,0.00841337810860122));
#4318=CARTESIAN_POINT('',(-0.0138331726523129,0.02,0.00833950124207751));
#4319=CARTESIAN_POINT('',(-0.0140714373358244,0.02,0.00826115806593855));
#4320=CARTESIAN_POINT('',(-0.0143084004121488,0.02,0.00817848027022788));
#4321=CARTESIAN_POINT('',(-0.0146225770370588,0.02,0.00806261852084045));
#4322=CARTESIAN_POINT('',(-0.0149340358413904,0.02,0.0079385310332826));
#4323=CARTESIAN_POINT('',(-0.0152424814774409,0.02,0.00780660916909397));
#4324=CARTESIAN_POINT('',(-0.0155490466506168,0.02,0.00766950847718074));
#4325=CARTESIAN_POINT('',(-0.0159336590873533,0.02,0.00748582738454426));
#4326=CARTESIAN_POINT('',(-0.0163947083246599,0.02,0.00724480549575396));
#4327=CARTESIAN_POINT('',(-0.0167773957810725,0.02,0.00702539842993593));
#4328=CARTESIAN_POINT('',(-0.0170816776928796,0.02,0.00683791782199318));
#4329=CARTESIAN_POINT('',(-0.0172708796888047,0.02,0.00671556536222805));
#4330=CARTESIAN_POINT('',(-0.0174215154560134,0.02,0.00661447566291894));
#4331=CARTESIAN_POINT('',(-0.0175716562638048,0.02,0.00651116127655434));
#4332=CARTESIAN_POINT('',(-0.0177540458900808,0.02,0.0063809565151544));
#4333=CARTESIAN_POINT('',(-0.0179654071520486,0.02,0.00622314187959242));
#4334=CARTESIAN_POINT('',(-0.0182370677483039,0.02,0.00601154498873366));
#4335=CARTESIAN_POINT('',(-0.0185577999424349,0.02,0.00574609497363913));
#4336=CARTESIAN_POINT('',(-0.0189123984588374,0.02,0.00542930699401408));
#4337=CARTESIAN_POINT('',(-0.0192375594185679,0.02,0.00511518370754847));
#4338=CARTESIAN_POINT('',(-0.019486895899049,0.02,0.00485162006735629));
#4339=CARTESIAN_POINT('',(-0.0196718478487651,0.02,0.00464154809036428));
#4340=CARTESIAN_POINT('',(-0.0198027483639179,0.02,0.00448573123955442));
#4341=CARTESIAN_POINT('',(-0.0199050500468306,0.02,0.00435848426324279));
#4342=CARTESIAN_POINT('',(-0.0199830259403998,0.02,0.00425864963057453));
#4343=CARTESIAN_POINT('',(-0.0200393837438208,0.02,0.00418519623881934));
#4344=CARTESIAN_POINT('',(-0.0200949186189952,0.02,0.00411162778979803));
#4345=CARTESIAN_POINT('',(-0.0201685306935561,0.02,0.00401251251738025));
#4346=CARTESIAN_POINT('',(-0.0202594413025552,0.02,0.00388710030036863));
#4347=CARTESIAN_POINT('',(-0.0203668361055976,0.02,0.00373406900212121));
#4348=CARTESIAN_POINT('',(-0.0204724324602205,0.02,0.00357854856895091));
#4349=CARTESIAN_POINT('',(-0.0205761325649005,0.02,0.00342049808787515));
#4350=CARTESIAN_POINT('',(-0.0206778199877782,0.02,0.00325985782189389));
#4351=CARTESIAN_POINT('',(-0.0207773624443911,0.02,0.00309632700231407));
#4352=CARTESIAN_POINT('',(-0.0208712699340797,0.02,0.00293582787363982));
#4353=CARTESIAN_POINT('',(-0.0209603631443764,0.02,0.00277783130109745));
#4354=CARTESIAN_POINT('',(-0.0210447868251216,0.02,0.00262286368741369));
#4355=CARTESIAN_POINT('',(-0.0211116174705617,0.02,0.00249632737062354));
#4356=CARTESIAN_POINT('',(-0.021163202315816,0.02,0.00239667227373313));
#4357=CARTESIAN_POINT('',(-0.0212010274329189,0.02,0.0023226859036455));
#4358=CARTESIAN_POINT('',(-0.0212380329389069,0.02,0.00224947435147549));
#4359=CARTESIAN_POINT('',(-0.0212865183620043,0.02,0.00215260387896421));
#4360=CARTESIAN_POINT('',(-0.0213492731338919,0.02,0.00202525485961853));
#4361=CARTESIAN_POINT('',(-0.0214265476400431,0.02,0.00186408912872608));
#4362=CARTESIAN_POINT('',(-0.0215053533006922,0.02,0.00169418628543572));
#4363=CARTESIAN_POINT('',(-0.0215849425730742,0.02,0.00151571438674702));
#4364=CARTESIAN_POINT('',(-0.0216646684221217,0.02,0.00132857820348147));
#4365=CARTESIAN_POINT('',(-0.0217305206501293,0.02,0.00116571578231557));
#4366=CARTESIAN_POINT('',(-0.0217827211132515,0.02,0.00103067942088979));
#4367=CARTESIAN_POINT('',(-0.0218336660389712,0.02,0.000894646488776977));
#4368=CARTESIAN_POINT('',(-0.0218942575240496,0.02,0.000725044324545404));
#4369=CARTESIAN_POINT('',(-0.0219854406766373,0.02,0.000453627794643065));
#4370=CARTESIAN_POINT('',(-0.0220684040859423,0.02,0.000182558567993667));
#4371=CARTESIAN_POINT('',(-0.0221439047011389,0.02,-8.79079803797283E-5));
#4372=CARTESIAN_POINT('',(-0.0221880536491394,0.02,-0.000256531575746899));
#4373=CARTESIAN_POINT('',(-0.02222161852908,0.02,-0.000391239075585169));
#4374=CARTESIAN_POINT('',(-0.0222539328759256,0.02,-0.000525385587118423));
#4375=CARTESIAN_POINT('',(-0.022293014249081,0.02,-0.000696544239379156));
#4376=CARTESIAN_POINT('',(-0.0223372998947316,0.02,-0.000907856326509303));
#4377=CARTESIAN_POINT('',(-0.0223921762348984,0.02,-0.00119731736936505));
#4378=CARTESIAN_POINT('',(-0.0224398445613488,0.02,-0.00149785591704721));
#4379=CARTESIAN_POINT('',(-0.0224792781239102,0.02,-0.0018087203384371));
#4380=CARTESIAN_POINT('',(-0.0225004656225521,0.02,-0.00200730565615659));
#4381=CARTESIAN_POINT('',(-0.0225153788659538,0.02,-0.00216905558631059));
#4382=CARTESIAN_POINT('',(-0.0225288974307504,0.02,-0.00233227252896101));
#4383=CARTESIAN_POINT('',(-0.0225430948357149,0.02,-0.0025352611118208));
#4384=CARTESIAN_POINT('',(-0.0225566298399965,0.02,-0.00277854701117003));
#4385=CARTESIAN_POINT('',(-0.0225706295984723,0.02,-0.00310157388772974));
#4386=CARTESIAN_POINT('',(-0.0225815456132427,0.02,-0.00350106551222269));
#4387=CARTESIAN_POINT('',(-0.0225855924334405,0.02,-0.00388695412189466));
#4388=CARTESIAN_POINT('',(-0.0225855777258782,0.02,-0.00418159786415233));
#4389=CARTESIAN_POINT('',(-0.0225846114343711,0.02,-0.00432341427777101));
#4390=CARTESIAN_POINT('',(-0.0225839200785475,0.02,-0.00439251154366907));
#4391=CARTESIAN_POINT('',(-0.0225839200785475,0.,-0.00439251154366907));
#4392=CARTESIAN_POINT('',(-0.022583228722724,0.,-0.00446160880956712));
#4393=CARTESIAN_POINT('',(-0.0225814295909368,0.,-0.00459618145954065));
#4394=CARTESIAN_POINT('',(-0.0225778007651297,0.,-0.00478623346757566));
#4395=CARTESIAN_POINT('',(-0.0225735560949179,0.,-0.00496494733633908));
#4396=CARTESIAN_POINT('',(-0.0225690142928537,0.,-0.00513237932016718));
#4397=CARTESIAN_POINT('',(-0.0225644850063965,0.,-0.00528869104539617));
#4398=CARTESIAN_POINT('',(-0.0225602570217313,0.,-0.00543409073198182));
#4399=CARTESIAN_POINT('',(-0.0225575061087585,0.,-0.00553511626551186));
#4400=CARTESIAN_POINT('',(-0.0225559105044541,0.,-0.00559934976025562));
#4401=CARTESIAN_POINT('',(-0.0225549190573704,0.,-0.00564116782846442));
#4402=CARTESIAN_POINT('',(-0.0225537418256903,0.,-0.00569457626103495));
#4403=CARTESIAN_POINT('',(-0.0225523751178709,0.,-0.00576060921287961));
#4404=CARTESIAN_POINT('',(-0.0225505328468633,0.,-0.00585160724844585));
#4405=CARTESIAN_POINT('',(-0.0225480293005418,0.,-0.00597139773157726));
#4406=CARTESIAN_POINT('',(-0.0225440871085514,0.,-0.00612601886552632));
#4407=CARTESIAN_POINT('',(-0.022539416587026,0.,-0.00626441274847343));
#4408=CARTESIAN_POINT('',(-0.0225344566550084,0.,-0.00638085872146831));
#4409=CARTESIAN_POINT('',(-0.0225300231321407,0.,-0.00647102651609567));
#4410=CARTESIAN_POINT('',(-0.022524786402331,0.,-0.00656391756986892));
#4411=CARTESIAN_POINT('',(-0.0225165660327569,0.,-0.00669155713117159));
#4412=CARTESIAN_POINT('',(-0.0225045654838908,0.,-0.00684885138298628));
#4413=CARTESIAN_POINT('',(-0.022487746850408,0.,-0.00703555413705501));
#4414=CARTESIAN_POINT('',(-0.0224688319487183,0.,-0.00721960997120544));
#4415=CARTESIAN_POINT('',(-0.0224480712913834,0.,-0.00740068523496728));
#4416=CARTESIAN_POINT('',(-0.0224256873170618,0.,-0.00757817244907538));
#4417=CARTESIAN_POINT('',(-0.0224017910747563,0.,-0.00775172692359214));
#4418=CARTESIAN_POINT('',(-0.0223766264902184,0.,-0.00792040311045312));
#4419=CARTESIAN_POINT('',(-0.0223480951166871,0.,-0.00809521367785632));
#4420=CARTESIAN_POINT('',(-0.0223155258472931,0.,-0.00827520351479219));
#4421=CARTESIAN_POINT('',(-0.0222784783223367,0.,-0.00845973392171078));
#4422=CARTESIAN_POINT('',(-0.0222369500536249,0.,-0.00864733337416668));
#4423=CARTESIAN_POINT('',(-0.0221910345394437,0.,-0.00883755799107087));
#4424=CARTESIAN_POINT('',(-0.0221410817759146,0.,-0.0090301692840602));
#4425=CARTESIAN_POINT('',(-0.0220855147888837,0.,-0.00923186052103464));
#4426=CARTESIAN_POINT('',(-0.0220241151243798,0.,-0.009442252818523));
#4427=CARTESIAN_POINT('',(-0.0219567177402436,0.,-0.00966064893654958));
#4428=CARTESIAN_POINT('',(-0.0218830979360826,0.,-0.00988618549235325));
#4429=CARTESIAN_POINT('',(-0.0218029348217352,0.,-0.0101179976137233));
#4430=CARTESIAN_POINT('',(-0.0217302773233282,0.,-0.0103157739127232));
#4431=CARTESIAN_POINT('',(-0.0216682677846043,0.,-0.010476483257773));
#4432=CARTESIAN_POINT('',(-0.0216196800400842,0.,-0.0105982453709578));
#4433=CARTESIAN_POINT('',(-0.0215688890889154,0.,-0.0107211499252588));
#4434=CARTESIAN_POINT('',(-0.0215244654097381,0.,-0.0108247758734249));
#4435=CARTESIAN_POINT('',(-0.0214877745590214,0.,-0.0109078975234796));
#4436=CARTESIAN_POINT('',(-0.021451108763794,0.,-0.0109894110034401));
#4437=CARTESIAN_POINT('',(-0.0214050671795567,0.,-0.0110890353635514));
#4438=CARTESIAN_POINT('',(-0.0213497888271355,0.,-0.0112047257357723));
#4439=CARTESIAN_POINT('',(-0.0212762804702882,0.,-0.0113539154933616));
#4440=CARTESIAN_POINT('',(-0.021148889633795,0.,-0.0116016044025972));
#4441=CARTESIAN_POINT('',(-0.0210093167682311,0.,-0.0118538739095389));
#4442=CARTESIAN_POINT('',(-0.0208983362771858,0.,-0.0120458943565319));
#4443=CARTESIAN_POINT('',(-0.0208390295758904,0.,-0.0121468995984966));
#4444=CARTESIAN_POINT('',(-0.0207968955768223,0.,-0.012218055444988));
#4445=CARTESIAN_POINT('',(-0.0207638297462296,0.,-0.012273562266502));
#4446=CARTESIAN_POINT('',(-0.0207390457583016,0.,-0.0123150677296609));
#4447=CARTESIAN_POINT('',(-0.0207141540309853,0.,-0.0123567026900252));
#4448=CARTESIAN_POINT('',(-0.020682312651429,0.,-0.0124097991160978));
#4449=CARTESIAN_POINT('',(-0.0206294894544478,0.,-0.0124972643595367));
#4450=CARTESIAN_POINT('',(-0.0205589948521588,0.,-0.0126122787401261));
#4451=CARTESIAN_POINT('',(-0.0204651962606932,0.,-0.0127604675294398));
#4452=CARTESIAN_POINT('',(-0.0203611045210595,0.,-0.0129179986507075));
#4453=CARTESIAN_POINT('',(-0.0202469185265126,0.,-0.0130823545795795));
#4454=CARTESIAN_POINT('',(-0.0201228151398101,0.,-0.0132514872663152));
#4455=CARTESIAN_POINT('',(-0.0199944537302214,0.,-0.0134175068458256));
#4456=CARTESIAN_POINT('',(-0.0198611071837454,0.,-0.013582045986228));
#4457=CARTESIAN_POINT('',(-0.0197226240513758,0.,-0.0137454755734431));
#4458=CARTESIAN_POINT('',(-0.0195787974227402,0.,-0.0139081450978097));
#4459=CARTESIAN_POINT('',(-0.0194294745337489,0.,-0.0140701796843229));
#4460=CARTESIAN_POINT('',(-0.0192746090479211,0.,-0.014231515242211));
#4461=CARTESIAN_POINT('',(-0.0190602285061796,0.,-0.0144458602779694));
#4462=CARTESIAN_POINT('',(-0.0187821711315756,0.,-0.0147074041603876));
#4463=CARTESIAN_POINT('',(-0.0184322902850995,0.,-0.0150114468115395));
#4464=CARTESIAN_POINT('',(-0.0181273350288992,0.,-0.0152560927811395));
#4465=CARTESIAN_POINT('',(-0.0178753434597382,0.,-0.0154460552368354));
#4466=CARTESIAN_POINT('',(-0.0176177673212623,0.,-0.0156320667046901));
#4467=CARTESIAN_POINT('',(-0.0172887148884797,0.,-0.015854451521366));
#4468=CARTESIAN_POINT('',(-0.0168829385034492,0.,-0.0161051458448072));
#4469=CARTESIAN_POINT('',(-0.0165363125128683,0.,-0.0163007005798358));
#4470=CARTESIAN_POINT('',(-0.01625430616024,0.,-0.0164493891173576));
#4471=CARTESIAN_POINT('',(-0.0159688355800886,0.,-0.0165932352476428));
#4472=CARTESIAN_POINT('',(-0.015608967499711,0.,-0.0167627157693833));
#4473=CARTESIAN_POINT('',(-0.0151741647439372,0.,-0.0169509186351324));
#4474=CARTESIAN_POINT('',(-0.014737535752337,0.,-0.017125109647595));
#4475=CARTESIAN_POINT('',(-0.0143736897440545,0.,-0.0172590717854091));
#4476=CARTESIAN_POINT('',(-0.0140830711718756,0.,-0.0173598245452811));
#4477=CARTESIAN_POINT('',(-0.0137952071841971,0.,-0.0174556554443386));
#4478=CARTESIAN_POINT('',(-0.0134418167819549,0.,-0.0175664193667728));
#4479=CARTESIAN_POINT('',(-0.0131002911453259,0.,-0.01766537304034));
#4480=CARTESIAN_POINT('',(-0.0128360119077917,0.,-0.0177374711682877));
#4481=CARTESIAN_POINT('',(-0.0126749166691145,0.,-0.017779575952496));
#4482=CARTESIAN_POINT('',(-0.0125485294026529,0.,-0.0178115102036529));
#4483=CARTESIAN_POINT('',(-0.0124241804550898,0.,-0.0178421949023386));
#4484=CARTESIAN_POINT('',(-0.012207803430244,0.,-0.0178936127386629));
#4485=CARTESIAN_POINT('',(-0.0118963184546551,0.,-0.0179609894209132));
#4486=CARTESIAN_POINT('',(-0.011579694474595,0.,-0.0180195550059108));
#4487=CARTESIAN_POINT('',(-0.0113206553237794,0.,-0.0180622139654938));
#4488=CARTESIAN_POINT('',(-0.0111218166980983,0.,-0.0180927010079848));
#4489=CARTESIAN_POINT('',(-0.0109148026677913,0.,-0.0181225321040344));
#4490=CARTESIAN_POINT('',(-0.0106267337960735,0.,-0.0181617531934255));
#4491=CARTESIAN_POINT('',(-0.0102482337746732,0.,-0.01820925378937));
#4492=CARTESIAN_POINT('',(-0.009856110212023,0.,-0.0182532196983989));
#4493=CARTESIAN_POINT('',(-0.00954144718613865,0.,-0.0182851182410969));
#4494=CARTESIAN_POINT('',(-0.00930655831108328,0.,-0.0183071020548129));
#4495=CARTESIAN_POINT('',(-0.00907432235170902,0.,-0.018326832033758));
#4496=CARTESIAN_POINT('',(-0.00876905384958395,0.,-0.0183496841778513));
#4497=CARTESIAN_POINT('',(-0.00840584749854679,0.,-0.0183705673720546));
#4498=CARTESIAN_POINT('',(-0.00798632322194322,0.,-0.018385719040278));
#4499=CARTESIAN_POINT('',(-0.00763762711176855,0.,-0.0183929640005563));
#4500=CARTESIAN_POINT('',(-0.00734564040349813,0.,-0.0183973980418357));
#4501=CARTESIAN_POINT('',(-0.00711568576135135,0.,-0.0184004492783408));
#4502=CARTESIAN_POINT('',(-0.00687109705387559,0.,-0.0184036222352121));
#4503=CARTESIAN_POINT('',(-0.00660437080454885,0.,-0.0184072688274942));
#4504=CARTESIAN_POINT('',(-0.00631672467416371,0.,-0.0184113094313483));
#4505=CARTESIAN_POINT('',(-0.0059076265529409,0.,-0.0184171568895232));
#4506=CARTESIAN_POINT('',(-0.00535220723939683,0.,-0.0184251868040419));
#4507=CARTESIAN_POINT('',(-0.00462768324956032,0.,-0.0184355375570092));
#4508=CARTESIAN_POINT('',(-0.00385736490860068,0.,-0.0184461657444108));
#4509=CARTESIAN_POINT('',(-0.00305337097673795,0.,-0.0184566338346999));
#4510=CARTESIAN_POINT('',(-0.00195259059534358,0.,-0.018469801656285));
#4511=CARTESIAN_POINT('',(-0.000552233827226373,0.,-0.0184836517603106));
#4512=CARTESIAN_POINT('',(0.00107040635163851,0.,-0.0184927823275382));
#4513=CARTESIAN_POINT('',(0.00266675412275912,0.,-0.0184971166804289));
#4514=CARTESIAN_POINT('',(0.00400233122163456,0.,-0.018498813837652));
#4515=CARTESIAN_POINT('',(0.00509049498358757,0.,-0.0185002863699214));
#4516=CARTESIAN_POINT('',(0.00592065511116394,0.,-0.0185017624951423));
#4517=CARTESIAN_POINT('',(0.00662768988045024,0.,-0.0185035534777878));
#4518=CARTESIAN_POINT('',(0.00720450581826465,0.,-0.0185054988902843));
#4519=CARTESIAN_POINT('',(0.0077903895118527,0.,-0.0185077537609904));
#4520=CARTESIAN_POINT('',(0.00853602516491023,0.,-0.0185107476209018));
#4521=CARTESIAN_POINT('',(0.00944225223043575,0.,-0.0185134805595748));
#4522=CARTESIAN_POINT('',(0.0103501814050183,0.,-0.0185141833143454));
#4523=CARTESIAN_POINT('',(0.0115504819297294,0.,-0.0185108294703921));
#4524=CARTESIAN_POINT('',(0.0127167635987813,0.,-0.0184986586363784));
#4525=CARTESIAN_POINT('',(0.0136779523629727,0.,-0.0184757734180595));
#4526=CARTESIAN_POINT('',(0.0142067742502525,0.,-0.0184584405594142));
#4527=CARTESIAN_POINT('',(0.0145924843747595,0.,-0.0184430929710679));
#4528=CARTESIAN_POINT('',(0.0149664988761463,0.,-0.0184251668836257));
#4529=CARTESIAN_POINT('',(0.0153291139890902,0.,-0.0184043165028612));
#4530=CARTESIAN_POINT('',(0.0156774157741753,0.,-0.018380390834323));
#4531=CARTESIAN_POINT('',(0.0161225798257867,0.,-0.0183445179835643));
#4532=CARTESIAN_POINT('',(0.0166461580274478,0.,-0.018292161246229));
#4533=CARTESIAN_POINT('',(0.0172287183077984,0.,-0.0182173699632541));
#4534=CARTESIAN_POINT('',(0.0176808376706138,0.,-0.0181453401810495));
#4535=CARTESIAN_POINT('',(0.0180244740905867,0.,-0.0180823825891037));
#4536=CARTESIAN_POINT('',(0.0182735053740634,0.,-0.0180327117384926));
#4537=CARTESIAN_POINT('',(0.0185140697053903,0.,-0.0179808473878817));
#4538=CARTESIAN_POINT('',(0.0188240153561726,0.,-0.017909216537861));
#4539=CARTESIAN_POINT('',(0.0192002691869166,0.,-0.0178133541472538));
#4540=CARTESIAN_POINT('',(0.0195623725699457,0.,-0.0177097781862019));
#4541=CARTESIAN_POINT('',(0.0198453583044252,0.,-0.0176228734721683));
#4542=CARTESIAN_POINT('',(0.0200548281423118,0.,-0.0175558250277282));
#4543=CARTESIAN_POINT('',(0.020227645743525,0.,-0.0174985036918913));
#4544=CARTESIAN_POINT('',(0.0203654469269651,0.,-0.0174517597046631));
#4545=CARTESIAN_POINT('',(0.0204683856913008,0.,-0.0174163669926842));
#4546=CARTESIAN_POINT('',(0.0205723620894436,0.,-0.0173801860104955));
#4547=CARTESIAN_POINT('',(0.0207146883875408,0.,-0.017329994294267));
#4548=CARTESIAN_POINT('',(0.0208980714863355,0.,-0.0172638919903152));
#4549=CARTESIAN_POINT('',(0.0211263211300993,0.,-0.0171787101850743));
#4550=CARTESIAN_POINT('',(0.0213618278765576,0.,-0.0170872775025727));
#4551=CARTESIAN_POINT('',(0.0216038470437181,0.,-0.0169890940505874));
#4552=CARTESIAN_POINT('',(0.0218516567790253,0.,-0.0168835995219115));
#4553=CARTESIAN_POINT('',(0.0221045911688286,0.,-0.0167701494965978));
#4554=CARTESIAN_POINT('',(0.0223620017108936,0.,-0.016648018878072));
#4555=CARTESIAN_POINT('',(0.0225797540474013,0.,-0.0165382987683615));
#4556=CARTESIAN_POINT('',(0.0227555248362645,0.,-0.0164453240615987));
#4557=CARTESIAN_POINT('',(0.0229324635332959,0.,-0.0163485655147899));
#4558=CARTESIAN_POINT('',(0.023151643593653,0.,-0.0162225322865775));
#4559=CARTESIAN_POINT('',(0.0234980588588448,0.,-0.0160097157048817));
#4560=CARTESIAN_POINT('',(0.0239220114007968,0.,-0.0157226892899146));
#4561=CARTESIAN_POINT('',(0.0243316959765671,0.,-0.0154077481781642));
#4562=CARTESIAN_POINT('',(0.0246497410098361,0.,-0.0151394670427663));
#4563=CARTESIAN_POINT('',(0.0248831901508981,0.,-0.01493026057248));
#4564=CARTESIAN_POINT('',(0.025073384495001,0.,-0.0147493487040475));
#4565=CARTESIAN_POINT('',(0.0252227620717029,0.,-0.0146008747058362));
#4566=CARTESIAN_POINT('',(0.025333659134541,0.,-0.0144873893105826));
#4567=CARTESIAN_POINT('',(0.0254422294200573,0.,-0.0143730472649056));
#4568=CARTESIAN_POINT('',(0.0255835446201139,0.,-0.0142201112904012));
#4569=CARTESIAN_POINT('',(0.0257542313888304,0.,-0.0140279955356482));
#4570=CARTESIAN_POINT('',(0.0259500281158545,0.,-0.0137967316585101));
#4571=CARTESIAN_POINT('',(0.026199499023012,0.,-0.0134883511425201));
#4572=CARTESIAN_POINT('',(0.0264319046410474,0.,-0.013181438916656));
#4573=CARTESIAN_POINT('',(0.0266473402850678,0.,-0.0128784629793872));
#4574=CARTESIAN_POINT('',(0.0268004294757245,0.,-0.0126535265658205));
#4575=CARTESIAN_POINT('',(0.0269209792436441,0.,-0.01246805331728));
#4576=CARTESIAN_POINT('',(0.027013346146146,0.,-0.0123205357291135));
#4577=CARTESIAN_POINT('',(0.0270805627923111,0.,-0.0122102945984609));
#4578=CARTESIAN_POINT('',(0.0271460945458933,0.,-0.0120997268409028));
#4579=CARTESIAN_POINT('',(0.0272318836830869,0.,-0.0119503711719711));
#4580=CARTESIAN_POINT('',(0.0273356126611696,0.,-0.0117601659991606));
#4581=CARTESIAN_POINT('',(0.0274531601198096,0.,-0.0115266286958491));
#4582=CARTESIAN_POINT('',(0.027562004918828,0.,-0.011290376462161));
#4583=CARTESIAN_POINT('',(0.0276609623384782,0.,-0.0110548973933877));
#4584=CARTESIAN_POINT('',(0.0277499878153966,0.,-0.0108232291907082));
#4585=CARTESIAN_POINT('',(0.027830322745967,0.,-0.0105965129815989));
#4586=CARTESIAN_POINT('',(0.0279040384616136,0.,-0.0103739208775832));
#4587=CARTESIAN_POINT('',(0.027974211447731,0.,-0.0101505173317382));
#4588=CARTESIAN_POINT('',(0.0280639884562422,0.,-0.00985191516454645));
#4589=CARTESIAN_POINT('',(0.0281482722287969,0.,-0.00955543662732225));
#4590=CARTESIAN_POINT('',(0.0282255185274608,0.,-0.00927162583651733));
#4591=CARTESIAN_POINT('',(0.0282793335566778,0.,-0.00906815032535142));
#4592=CARTESIAN_POINT('',(0.0283284811641015,0.,-0.00887686879568404));
#4593=CARTESIAN_POINT('',(0.0283724847598115,0.,-0.00870004395234845));
#4594=CARTESIAN_POINT('',(0.0284111629884031,0.,-0.00853871668024704));
#4595=CARTESIAN_POINT('',(0.0284471930076294,0.,-0.0083796383799381));
#4596=CARTESIAN_POINT('',(0.0284804522600968,0.,-0.00822006285268309));
#4597=CARTESIAN_POINT('',(0.0285100594443397,0.,-0.00806318540834751));
#4598=CARTESIAN_POINT('',(0.0285315433928479,0.,-0.00793819517810014));
#4599=CARTESIAN_POINT('',(0.0285455909110865,0.,-0.00785229124919613));
#4600=CARTESIAN_POINT('',(0.028553466482016,0.,-0.00780319862719848));
#4601=CARTESIAN_POINT('',(0.0285654751800146,0.,-0.00772747029361147));
#4602=CARTESIAN_POINT('',(0.0285841131285923,0.,-0.00760656380832847));
#4603=CARTESIAN_POINT('',(0.0286184070561601,0.,-0.00737317889951473));
#4604=CARTESIAN_POINT('',(0.0286532305940038,0.,-0.00711713294148436));
#4605=CARTESIAN_POINT('',(0.028681853692161,0.,-0.00688142743796567));
#4606=CARTESIAN_POINT('',(0.0286973305855307,0.,-0.00674421647381098));
#4607=CARTESIAN_POINT('',(0.0287084091903931,0.,-0.00664016177295974));
#4608=CARTESIAN_POINT('',(0.0287188604153884,0.,-0.00653503958596263));
#4609=CARTESIAN_POINT('',(0.02872697216628,0.,-0.00644640196851159));
#4610=CARTESIAN_POINT('',(0.0287330216598445,0.,-0.0063749749211777));
#4611=CARTESIAN_POINT('',(0.0287386207596088,0.,-0.00630511648123901));
#4612=CARTESIAN_POINT('',(0.0287448753069099,0.,-0.00622009962403669));
#4613=CARTESIAN_POINT('',(0.0287512895471237,0.,-0.00612215055228332));
#4614=CARTESIAN_POINT('',(0.0287585623918482,0.,-0.00599713140797567));
#4615=CARTESIAN_POINT('',(0.0287655768565342,0.,-0.00585178656729213));
#4616=CARTESIAN_POINT('',(0.0287717246204817,0.,-0.00569605566457495));
#4617=CARTESIAN_POINT('',(0.0287757711157412,0.,-0.00558249815642596));
#4618=CARTESIAN_POINT('',(0.0287787552718437,0.,-0.00550136083745894));
#4619=CARTESIAN_POINT('',(0.028780573817892,0.,-0.00545464780781443));
#4620=CARTESIAN_POINT('',(0.0287820347059107,0.,-0.00541951344647622));
#4621=CARTESIAN_POINT('',(0.0287831290538864,0.,-0.00539447564727642));
#4622=CARTESIAN_POINT('',(0.0287842682591826,0.,-0.0053698172128009));
#4623=CARTESIAN_POINT('',(0.0287859323467187,0.,-0.00533547305760434));
#4624=CARTESIAN_POINT('',(0.0287882428629793,0.,-0.00529053844677128));
#4625=CARTESIAN_POINT('',(0.028792418745659,0.,-0.0052136016181894));
#4626=CARTESIAN_POINT('',(0.0287984477863909,0.,-0.00510752249524092));
#4627=CARTESIAN_POINT('',(0.0288065083311932,0.,-0.00496324728574786));
#4628=CARTESIAN_POINT('',(0.0288147013864936,0.,-0.00480189392165693));
#4629=CARTESIAN_POINT('',(0.0288209701193907,0.,-0.00465347978894391));
#4630=CARTESIAN_POINT('',(0.0288252420883396,0.,-0.00452680729220137));
#4631=CARTESIAN_POINT('',(0.0288279866210688,0.,-0.00442755638600081));
#4632=CARTESIAN_POINT('',(0.0288301521121969,0.,-0.00432556000255113));
#4633=CARTESIAN_POINT('',(0.0288322385457562,0.,-0.00418686873610532));
#4634=CARTESIAN_POINT('',(0.0288333224219085,0.,-0.0040080601667221));
#4635=CARTESIAN_POINT('',(0.0288320417100899,0.,-0.00378531709034869));
#4636=CARTESIAN_POINT('',(0.0288266485638895,0.,-0.00347815987450509));
#4637=CARTESIAN_POINT('',(0.0288153178656789,0.,-0.00315710920365288));
#4638=CARTESIAN_POINT('',(0.028797022534716,0.,-0.00282506246065256));
#4639=CARTESIAN_POINT('',(0.0287824151216449,0.,-0.00261347149682423));
#4640=CARTESIAN_POINT('',(0.0287686583521961,0.,-0.00244221014997874));
#4641=CARTESIAN_POINT('',(0.0287572211447182,0.,-0.00231248915615289));
#4642=CARTESIAN_POINT('',(0.0287447410263898,0.,-0.0021829802445575));
#4643=CARTESIAN_POINT('',(0.0287269755445298,0.,-0.00201249600789966));
#4644=CARTESIAN_POINT('',(0.0287027560058573,0.,-0.00180288061086548));
#4645=CARTESIAN_POINT('',(0.0286710085377812,0.,-0.00155795844554554));
#4646=CARTESIAN_POINT('',(0.0286370306207004,0.,-0.00132041996653297));
#4647=CARTESIAN_POINT('',(0.0286012340625934,0.,-0.00109111282900778));
#4648=CARTESIAN_POINT('',(0.0285639642504739,0.,-0.000870765666706049));
#4649=CARTESIAN_POINT('',(0.0285318948926245,0.,-0.000695058441328675));
#4650=CARTESIAN_POINT('',(0.028505680505111,0.,-0.000559283529887967));
#4651=CARTESIAN_POINT('',(0.0284857328838048,0.,-0.000459808190962859));
#4652=CARTESIAN_POINT('',(0.028465445207766,0.,-0.000362498218152333));
#4653=CARTESIAN_POINT('',(0.0284448326675469,0.,-0.000267441192945514));
#4654=CARTESIAN_POINT('',(0.0284228725016792,0.,-0.000170509993351907));
#4655=CARTESIAN_POINT('',(0.0283914855104208,0.,-3.87893013290732E-5));
#4656=CARTESIAN_POINT('',(0.0283476116563945,0.,0.000131004161464221));
#4657=CARTESIAN_POINT('',(0.0282871308684618,0.,0.000338785503453177));
#4658=CARTESIAN_POINT('',(0.0282317008222404,0.,0.000509232687781967));
#4659=CARTESIAN_POINT('',(0.0281855502498029,0.,0.000641791118545388));
#4660=CARTESIAN_POINT('',(0.0281502502907654,0.,0.000739295793525659));
#4661=CARTESIAN_POINT('',(0.0281142687879068,0.,0.000835400656386915));
#4662=CARTESIAN_POINT('',(0.0280778887097032,0.,0.000929958153994508));
#4663=CARTESIAN_POINT('',(0.0280391462605452,0.,0.00102831414157224));
#4664=CARTESIAN_POINT('',(0.0279842065544713,0.,0.00116450907887344));
#4665=CARTESIAN_POINT('',(0.0279092906633018,0.,0.001343955284297));
#4666=CARTESIAN_POINT('',(0.0278090959816117,0.,0.00157287354602761));
#4667=CARTESIAN_POINT('',(0.0276983032244405,0.,0.00181398296798118));
#4668=CARTESIAN_POINT('',(0.0275765285739378,0.,0.00206583091604016));
#4669=CARTESIAN_POINT('',(0.0274432514346435,0.,0.00232697708749732));
#4670=CARTESIAN_POINT('',(0.027297744128625,0.,0.00259605224012306));
#4671=CARTESIAN_POINT('',(0.0271654485469668,0.,0.00282584624597596));
#4672=CARTESIAN_POINT('',(0.027052272324437,0.,0.00301245865716165));
#4673=CARTESIAN_POINT('',(0.0269782702586915,0.,0.00313016528484344));
#4674=CARTESIAN_POINT('',(0.026917002402677,0.,0.00322487297486241));
#4675=CARTESIAN_POINT('',(0.0268699041466395,0.,0.00329627620730918));
#4676=CARTESIAN_POINT('',(0.0268219227959591,0.,0.00336757239020765));
#4677=CARTESIAN_POINT('',(0.0267578044618611,0.,0.00346099384325849));
#4678=CARTESIAN_POINT('',(0.0266770222057092,0.,0.0035753784811277));
#4679=CARTESIAN_POINT('',(0.0265468644854979,0.,0.00375313802026944));
#4680=CARTESIAN_POINT('',(0.026382869880048,0.,0.0039658235235551));
#4681=CARTESIAN_POINT('',(0.0261854777185408,0.,0.00420640867239292));
#4682=CARTESIAN_POINT('',(0.0259888368610152,0.,0.00443290157056165));
#4683=CARTESIAN_POINT('',(0.0257942424201522,0.,0.00464574780103018));
#4684=CARTESIAN_POINT('',(0.0256029563220871,0.,0.00484530079207795));
#4685=CARTESIAN_POINT('',(0.0254161914651059,0.,0.00503185307574368));
#4686=CARTESIAN_POINT('',(0.0252352811008572,0.,0.00520551055806622));
#4687=CARTESIAN_POINT('',(0.0250901631556894,0.,0.00533980641442616));
#4688=CARTESIAN_POINT('',(0.0249787604113597,0.,0.00544044013905977));
#4689=CARTESIAN_POINT('',(0.024894233971093,0.,0.00551553709915995));
#4690=CARTESIAN_POINT('',(0.024808622873752,0.,0.00559017685289365));
#4691=CARTESIAN_POINT('',(0.0246927456246271,0.,0.00568915442674077));
#4692=CARTESIAN_POINT('',(0.0244850393948505,0.,0.00586081592028172));
#4693=CARTESIAN_POINT('',(0.0241732606534859,0.,0.00609980409101883));
#4694=CARTESIAN_POINT('',(0.0238802271480546,0.,0.00630114339202803));
#4695=CARTESIAN_POINT('',(0.0236812040067988,0.,0.0064298899230435));
#4696=CARTESIAN_POINT('',(0.0235476241642808,0.,0.00651437223061938));
#4697=CARTESIAN_POINT('',(0.023376344406684,0.,0.00661929523166487));
#4698=CARTESIAN_POINT('',(0.0231630958540363,0.,0.00674472117427473));
#4699=CARTESIAN_POINT('',(0.0228686233793635,0.,0.00691117590457783));
#4700=CARTESIAN_POINT('',(0.0224817494984701,0.,0.00711736297386033));
#4701=CARTESIAN_POINT('',(0.02207168015549,0.,0.00731847408817728));
#4702=CARTESIAN_POINT('',(0.0217308715329492,0.,0.00747422007677147));
#4703=CARTESIAN_POINT('',(0.0215127514729024,0.,0.00756891144679985));
#4704=CARTESIAN_POINT('',(0.0213351790420439,0.,0.0076427951511656));
#4705=CARTESIAN_POINT('',(0.0211557823856462,0.,0.00771521069270372));
#4706=CARTESIAN_POINT('',(0.0209326911012483,0.,0.00780116637970803));
#4707=CARTESIAN_POINT('',(0.0206660297821556,0.,0.00789781244096692));
#4708=CARTESIAN_POINT('',(0.0203124973940767,0.,0.00801835808277591));
#4709=CARTESIAN_POINT('',(0.0198746065945125,0.,0.00815450633533184));
#4710=CARTESIAN_POINT('',(0.0193566424687939,0.,0.00829785804929433));
#4711=CARTESIAN_POINT('',(0.0189314503221549,0.,0.00840343446294441));
#4712=CARTESIAN_POINT('',(0.0186375609465634,0.,0.00847138353649575));
#4713=CARTESIAN_POINT('',(0.0184701650320721,0.,0.0085088246542764));
#4714=CARTESIAN_POINT('',(0.0182177779694871,0.,0.00856400941843643));
#4715=CARTESIAN_POINT('',(0.0178362155559763,0.,0.00864264393292899));
#4716=CARTESIAN_POINT('',(0.017323055117397,0.,0.00873768231593626));
#4717=CARTESIAN_POINT('',(0.0168936759276543,0.,0.00880770898972755));
#4718=CARTESIAN_POINT('',(0.0165500545177613,0.,0.00885758043205791));
#4719=CARTESIAN_POINT('',(0.0162924394653034,0.,0.00889172770890863));
#4720=CARTESIAN_POINT('',(0.0160351944492903,0.,0.0089224301562126));
#4721=CARTESIAN_POINT('',(0.0157779947165332,0.,0.00894946820501084));
#4722=CARTESIAN_POINT('',(0.0155260827420323,0.,0.00897234267145015));
#4723=CARTESIAN_POINT('',(0.0151958609004052,0.,0.00899797138467465));
#4724=CARTESIAN_POINT('',(0.0147929089116202,0.,0.00902187770150082));
#4725=CARTESIAN_POINT('',(0.0143981324249881,0.,0.009038117809985));
#4726=CARTESIAN_POINT('',(0.0140826536745181,0.,0.00904839857220643));
#4727=CARTESIAN_POINT('',(0.013844797538903,0.,0.00905519411149114));
#4728=CARTESIAN_POINT('',(0.0136039959214964,0.,0.00906149182063479));
#4729=CARTESIAN_POINT('',(0.0133591253132724,0.,0.0090677024703371));
#4730=CARTESIAN_POINT('',(0.0131046252479392,0.,0.00907417771533585));
#4731=CARTESIAN_POINT('',(0.0127536793270875,0.,0.00908308407626426));
#4732=CARTESIAN_POINT('',(0.0122945678573117,0.,0.00909471480584696));
#4733=CARTESIAN_POINT('',(0.0117159139201037,0.,0.00910933007368235));
#4734=CARTESIAN_POINT('',(0.0111144284493501,0.,0.00912447652053693));
#4735=CARTESIAN_POINT('',(0.0104950321668709,0.,0.00914002356446161));
#4736=CARTESIAN_POINT('',(0.00996800178101456,0.,0.00915320662371368));
#4737=CARTESIAN_POINT('',(0.00954237605037567,0.,0.00916382187453346));
#4738=CARTESIAN_POINT('',(0.00911467797312271,0.,0.00917447059142748));
#4739=CARTESIAN_POINT('',(0.00857409488357414,0.,0.00918776081096974));
#4740=CARTESIAN_POINT('',(0.0076915641429144,0.,0.0092084779819886));
#4741=CARTESIAN_POINT('',(0.00677480705626137,0.,0.00922763298921623));
#4742=CARTESIAN_POINT('',(0.00580868937202406,0.,0.00924372016173998));
#4743=CARTESIAN_POINT('',(0.00505566342010248,0.,0.0092538769209503));
#4744=CARTESIAN_POINT('',(0.00440127183578733,0.,0.00926043793345068));
#4745=CARTESIAN_POINT('',(0.00385979913945356,0.,0.00926436433702477));
#4746=CARTESIAN_POINT('',(0.00330551583167032,0.,0.00926733421438339));
#4747=CARTESIAN_POINT('',(0.00259176653730949,0.,0.00926928636645327));
#4748=CARTESIAN_POINT('',(0.00170938315041742,0.,0.00926925140967943));
#4749=CARTESIAN_POINT('',(0.000808890380902779,0.,0.00926723689161741));
#4750=CARTESIAN_POINT('',(-0.00040541127140488,0.,0.00926244689798542));
#4751=CARTESIAN_POINT('',(-0.00162429290613847,0.,0.00925529432592462));
#4752=CARTESIAN_POINT('',(-0.00281553245768433,0.,0.00924735849825544));
#4753=CARTESIAN_POINT('',(-0.00368700163444666,0.,0.00924140675825749));
#4754=CARTESIAN_POINT('',(-0.00438802817421426,0.,0.00923677841436867));
#4755=CARTESIAN_POINT('',(-0.00492971221139373,0.,0.00923346099935603));
#4756=CARTESIAN_POINT('',(-0.00545678225325274,0.,0.00923049708699111));
#4757=CARTESIAN_POINT('',(-0.00609182077959216,0.,0.0092272701862766));
#4758=CARTESIAN_POINT('',(-0.00681447237246363,0.,0.00922250843473333));
#4759=CARTESIAN_POINT('',(-0.00749693766348962,0.,0.00921522891019089));
#4760=CARTESIAN_POINT('',(-0.00813915774155366,0.,0.00920366335583045));
#4761=CARTESIAN_POINT('',(-0.00864168755767533,0.,0.00918880967464402));
#4762=CARTESIAN_POINT('',(-0.00902569251338291,0.,0.00917255288673224));
#4763=CARTESIAN_POINT('',(-0.00930537551627108,0.,0.00915776969509381));
#4764=CARTESIAN_POINT('',(-0.00953237408087683,0.,0.00914287586946142));
#4765=CARTESIAN_POINT('',(-0.00971083027977394,0.,0.00912910969538054));
#4766=CARTESIAN_POINT('',(-0.00984377870855558,0.,0.00911770346705859));
#4767=CARTESIAN_POINT('',(-0.00997316404352948,0.,0.00910540461052666));
#4768=CARTESIAN_POINT('',(-0.0101409541272812,0.,0.00908791866208484));
#4769=CARTESIAN_POINT('',(-0.0104223402316898,0.,0.00905468935157837));
#4770=CARTESIAN_POINT('',(-0.0107157559952505,0.,0.00901206217227474));
#4771=CARTESIAN_POINT('',(-0.0109801247585369,0.,0.00896857217193838));
#4772=CARTESIAN_POINT('',(-0.0111335064402548,0.,0.00894186161901232));
#4773=CARTESIAN_POINT('',(-0.0112496336357593,0.,0.00892115805148479));
#4774=CARTESIAN_POINT('',(-0.0113336907909884,0.,0.0089060258550407));
#4775=CARTESIAN_POINT('',(-0.0114013849967365,0.,0.00889379610108411));
#4776=CARTESIAN_POINT('',(-0.011454425831053,0.,0.00888423104120907));
#4777=CARTESIAN_POINT('',(-0.0115063689876099,0.,0.0088748896998052));
#4778=CARTESIAN_POINT('',(-0.0115728745668591,0.,0.00886299721007931));
#4779=CARTESIAN_POINT('',(-0.0116561662218009,0.,0.00884814294267745));
#4780=CARTESIAN_POINT('',(-0.0117425420635065,0.,0.0088327104986743));
#4781=CARTESIAN_POINT('',(-0.0118617854075016,0.,0.00881127102084042));
#4782=CARTESIAN_POINT('',(-0.0120181823227649,0.,0.00878271491532307));
#4783=CARTESIAN_POINT('',(-0.0122831294514625,0.,0.00873253727092834));
#4784=CARTESIAN_POINT('',(-0.0125687764184859,0.,0.0086744117231277));
#4785=CARTESIAN_POINT('',(-0.0128727910120064,0.,0.00860543010559983));
#4786=CARTESIAN_POINT('',(-0.0130698924455384,0.,0.0085571440853403));
#4787=CARTESIAN_POINT('',(-0.0132317903290051,0.,0.00851490167595729));
#4788=CARTESIAN_POINT('',(-0.0133929203120981,0.,0.00847111342875706));
#4789=CARTESIAN_POINT('',(-0.0135936387480659,0.,0.00841337810860122));
#4790=CARTESIAN_POINT('',(-0.0138331726523129,0.,0.00833950124207751));
#4791=CARTESIAN_POINT('',(-0.0140714373358244,0.,0.00826115806593855));
#4792=CARTESIAN_POINT('',(-0.0143084004121488,0.,0.00817848027022788));
#4793=CARTESIAN_POINT('',(-0.0146225770370588,0.,0.00806261852084045));
#4794=CARTESIAN_POINT('',(-0.0149340358413904,0.,0.0079385310332826));
#4795=CARTESIAN_POINT('',(-0.0152424814774409,0.,0.00780660916909397));
#4796=CARTESIAN_POINT('',(-0.0155490466506168,0.,0.00766950847718074));
#4797=CARTESIAN_POINT('',(-0.0159336590873533,0.,0.00748582738454426));
#4798=CARTESIAN_POINT('',(-0.0163947083246599,0.,0.00724480549575396));
#4799=CARTESIAN_POINT('',(-0.0167773957810725,0.,0.00702539842993593));
#4800=CARTESIAN_POINT('',(-0.0170816776928796,0.,0.00683791782199318));
#4801=CARTESIAN_POINT('',(-0.0172708796888047,0.,0.00671556536222805));
#4802=CARTESIAN_POINT('',(-0.0174215154560134,0.,0.00661447566291894));
#4803=CARTESIAN_POINT('',(-0.0175716562638048,0.,0.00651116127655434));
#4804=CARTESIAN_POINT('',(-0.0177540458900808,0.,0.0063809565151544));
#4805=CARTESIAN_POINT('',(-0.0179654071520486,0.,0.00622314187959242));
#4806=CARTESIAN_POINT('',(-0.0182370677483039,0.,0.00601154498873366));
#4807=CARTESIAN_POINT('',(-0.0185577999424349,0.,0.00574609497363913));
#4808=CARTESIAN_POINT('',(-0.0189123984588374,0.,0.00542930699401408));
#4809=CARTESIAN_POINT('',(-0.0192375594185679,0.,0.00511518370754847));
#4810=CARTESIAN_POINT('',(-0.019486895899049,0.,0.00485162006735629));
#4811=CARTESIAN_POINT('',(-0.0196718478487651,0.,0.00464154809036428));
#4812=CARTESIAN_POINT('',(-0.0198027483639179,0.,0.00448573123955442));
#4813=CARTESIAN_POINT('',(-0.0199050500468306,0.,0.00435848426324279));
#4814=CARTESIAN_POINT('',(-0.0199830259403998,0.,0.00425864963057453));
#4815=CARTESIAN_POINT('',(-0.0200393837438208,0.,0.00418519623881934));
#4816=CARTESIAN_POINT('',(-0.0200949186189952,0.,0.00411162778979803));
#4817=CARTESIAN_POINT('',(-0.0201685306935561,0.,0.00401251251738025));
#4818=CARTESIAN_POINT('',(-0.0202594413025552,0.,0.00388710030036863));
#4819=CARTESIAN_POINT('',(-0.0203668361055976,0.,0.00373406900212121));
#4820=CARTESIAN_POINT('',(-0.0204724324602205,0.,0.00357854856895091));
#4821=CARTESIAN_POINT('',(-0.0205761325649005,0.,0.00342049808787515));
#4822=CARTESIAN_POINT('',(-0.0206778199877782,0.,0.00325985782189389));
#4823=CARTESIAN_POINT('',(-0.0207773624443911,0.,0.00309632700231407));
#4824=CARTESIAN_POINT('',(-0.0208712699340797,0.,0.00293582787363982));
#4825=CARTESIAN_POINT('',(-0.0209603631443764,0.,0.00277783130109745));
#4826=CARTESIAN_POINT('',(-0.0210447868251216,0.,0.00262286368741369));
#4827=CARTESIAN_POINT('',(-0.0211116174705617,0.,0.00249632737062354));
#4828=CARTESIAN_POINT('',(-0.021163202315816,0.,0.00239667227373313));
#4829=CARTESIAN_POINT('',(-0.0212010274329189,0.,0.0023226859036455));
#4830=CARTESIAN_POINT('',(-0.0212380329389069,0.,0.00224947435147549));
#4831=CARTESIAN_POINT('',(-0.0212865183620043,0.,0.00215260387896421));
#4832=CARTESIAN_POINT('',(-0.0213492731338919,0.,0.00202525485961853));
#4833=CARTESIAN_POINT('',(-0.0214265476400431,0.,0.00186408912872608));
#4834=CARTESIAN_POINT('',(-0.0215053533006922,0.,0.00169418628543572));
#4835=CARTESIAN_POINT('',(-0.0215849425730742,0.,0.00151571438674702));
#4836=CARTESIAN_POINT('',(-0.0216646684221217,0.,0.00132857820348147));
#4837=CARTESIAN_POINT('',(-0.0217305206501293,0.,0.00116571578231557));
#4838=CARTESIAN_POINT('',(-0.0217827211132515,0.,0.00103067942088979));
#4839=CARTESIAN_POINT('',(-0.0218336660389712,0.,0.000894646488776977));
#4840=CARTESIAN_POINT('',(-0.0218942575240496,0.,0.000725044324545404));
#4841=CARTESIAN_POINT('',(-0.0219854406766373,0.,0.000453627794643065));
#4842=CARTESIAN_POINT('',(-0.0220684040859423,0.,0.000182558567993667));
#4843=CARTESIAN_POINT('',(-0.0221439047011389,0.,-8.79079803797283E-5));
#4844=CARTESIAN_POINT('',(-0.0221880536491394,0.,-0.000256531575746899));
#4845=CARTESIAN_POINT('',(-0.02222161852908,0.,-0.000391239075585169));
#4846=CARTESIAN_POINT('',(-0.0222539328759256,0.,-0.000525385587118423));
#4847=CARTESIAN_POINT('',(-0.022293014249081,0.,-0.000696544239379156));
#4848=CARTESIAN_POINT('',(-0.0223372998947316,0.,-0.000907856326509303));
#4849=CARTESIAN_POINT('',(-0.0223921762348984,0.,-0.00119731736936505));
#4850=CARTESIAN_POINT('',(-0.0224398445613488,0.,-0.00149785591704721));
#4851=CARTESIAN_POINT('',(-0.0224792781239102,0.,-0.0018087203384371));
#4852=CARTESIAN_POINT('',(-0.0225004656225521,0.,-0.00200730565615659));
#4853=CARTESIAN_POINT('',(-0.0225153788659538,0.,-0.00216905558631059));
#4854=CARTESIAN_POINT('',(-0.0225288974307504,0.,-0.00233227252896101));
#4855=CARTESIAN_POINT('',(-0.0225430948357149,0.,-0.0025352611118208));
#4856=CARTESIAN_POINT('',(-0.0225566298399965,0.,-0.00277854701117003));
#4857=CARTESIAN_POINT('',(-0.0225706295984723,0.,-0.00310157388772974));
#4858=CARTESIAN_POINT('',(-0.0225815456132427,0.,-0.00350106551222269));
#4859=CARTESIAN_POINT('',(-0.0225855924334405,0.,-0.00388695412189466));
#4860=CARTESIAN_POINT('',(-0.0225855777258782,0.,-0.00418159786415233));
#4861=CARTESIAN_POINT('',(-0.0225846114343711,0.,-0.00432341427777101));
#4862=CARTESIAN_POINT('',(-0.0225839200785475,0.,-0.00439251154366907));
#4863=CARTESIAN_POINT('',(-0.0225839200785475,0.,-0.00439251154366907));
#4864=CARTESIAN_POINT('',(-0.0195840701833453,0.051,-0.00436250144111369));
#4865=CARTESIAN_POINT('',(-0.0195840701833453,1.59594559789866E-16,-0.00436250144111369));
#4866=CARTESIAN_POINT('',(-0.0195794382511073,0.051,-0.004825515568214));
#4867=CARTESIAN_POINT('',(-0.0195794382511073,1.59594559789866E-16,-0.004825515568214));
#4868=CARTESIAN_POINT('',(-0.0195516577582854,0.051,-0.00552346268876775));
#4869=CARTESIAN_POINT('',(-0.0195516577582854,1.59594559789866E-16,-0.00552346268876775));
#4870=CARTESIAN_POINT('',(-0.0195452537840764,0.051,-0.00640343075105655));
#4871=CARTESIAN_POINT('',(-0.0195452537840764,1.59594559789866E-16,-0.00640343075105655));
#4872=CARTESIAN_POINT('',(-0.0194311979995283,0.051,-0.0074074761692239));
#4873=CARTESIAN_POINT('',(-0.0194311979995283,1.59594559789866E-16,-0.0074074761692239));
#4874=CARTESIAN_POINT('',(-0.0192758742621827,0.051,-0.00820999853357973));
#4875=CARTESIAN_POINT('',(-0.0192758742621827,1.59594559789866E-16,-0.00820999853357973));
#4876=CARTESIAN_POINT('',(-0.0188162485350196,0.051,-0.00967253147883554));
#4877=CARTESIAN_POINT('',(-0.0188162485350196,1.59594559789866E-16,-0.00967253147883554));
#4878=CARTESIAN_POINT('',(-0.0181777697424492,0.051,-0.0107569495787305));
#4879=CARTESIAN_POINT('',(-0.0181777697424492,1.59594559789866E-16,-0.0107569495787305));
#4880=CARTESIAN_POINT('',(-0.0177783396857339,0.051,-0.0114145856813157));
#4881=CARTESIAN_POINT('',(-0.0177783396857339,1.59594559789866E-16,-0.0114145856813157));
#4882=CARTESIAN_POINT('',(-0.0170677642549186,0.051,-0.0122399956670738));
#4883=CARTESIAN_POINT('',(-0.0170677642549186,1.59594559789866E-16,-0.0122399956670738));
#4884=CARTESIAN_POINT('',(-0.0160291313409957,0.051,-0.013127855776536));
#4885=CARTESIAN_POINT('',(-0.0160291313409957,1.59594559789866E-16,-0.013127855776536));
#4886=CARTESIAN_POINT('',(-0.0147622141891703,0.051,-0.0138869659204452));
#4887=CARTESIAN_POINT('',(-0.0147622141891703,1.59594559789866E-16,-0.0138869659204452));
#4888=CARTESIAN_POINT('',(-0.0132214377402597,0.051,-0.0145145403656592));
#4889=CARTESIAN_POINT('',(-0.0132214377402597,1.59594559789866E-16,-0.0145145403656592));
#4890=CARTESIAN_POINT('',(-0.0117471868334705,0.051,-0.0149374467506504));
#4891=CARTESIAN_POINT('',(-0.0117471868334705,1.59594559789866E-16,-0.0149374467506504));
#4892=CARTESIAN_POINT('',(-0.0106847079478043,0.051,-0.015142696218505));
#4893=CARTESIAN_POINT('',(-0.0106847079478043,1.59594559789866E-16,-0.015142696218505));
#4894=CARTESIAN_POINT('',(-0.00859879404567617,0.051,-0.015385263980625));
#4895=CARTESIAN_POINT('',(-0.00859879404567617,1.59594559789866E-16,-0.015385263980625));
#4896=CARTESIAN_POINT('',(-0.00680268820003083,0.051,-0.0153999878499502));
#4897=CARTESIAN_POINT('',(-0.00680268820003083,1.59594559789866E-16,-0.0153999878499502));
#4898=CARTESIAN_POINT('',(-0.000191130027508168,0.051,-0.0155085022327784));
#4899=CARTESIAN_POINT('',(-0.000191130027508168,1.59594559789866E-16,-0.0155085022327784));
#4900=CARTESIAN_POINT('',(0.00673384006152047,0.051,-0.0154886728283094));
#4901=CARTESIAN_POINT('',(0.00673384006152047,1.59594559789866E-16,-0.0154886728283094));
#4902=CARTESIAN_POINT('',(0.0148985874154006,0.051,-0.0155566385813557));
#4903=CARTESIAN_POINT('',(0.0148985874154006,1.59594559789866E-16,-0.0155566385813557));
#4904=CARTESIAN_POINT('',(0.0178438745112863,0.051,-0.0151050915310653));
#4905=CARTESIAN_POINT('',(0.0178438745112863,1.59594559789866E-16,-0.0151050915310653));
#4906=CARTESIAN_POINT('',(0.0194948244458631,0.051,-0.0146004060032175));
#4907=CARTESIAN_POINT('',(0.0194948244458631,1.59594559789866E-16,-0.0146004060032175));
#4908=CARTESIAN_POINT('',(0.021467729621418,0.051,-0.013845891959702));
#4909=CARTESIAN_POINT('',(0.021467729621418,1.59594559789866E-16,-0.013845891959702));
#4910=CARTESIAN_POINT('',(0.0232019313541346,0.051,-0.0125394775963429));
#4911=CARTESIAN_POINT('',(0.0232019313541346,1.59594559789866E-16,-0.0125394775963429));
#4912=CARTESIAN_POINT('',(0.024571991330434,0.051,-0.0106740919188186));
#4913=CARTESIAN_POINT('',(0.024571991330434,1.59594559789866E-16,-0.0106740919188186));
#4914=CARTESIAN_POINT('',(0.0250357453673107,0.051,-0.00960261429171326));
#4915=CARTESIAN_POINT('',(0.0250357453673107,1.59594559789866E-16,-0.00960261429171326));
#4916=CARTESIAN_POINT('',(0.0254835291230762,0.051,-0.00792652555947816));
#4917=CARTESIAN_POINT('',(0.0254835291230762,1.59594559789866E-16,-0.00792652555947816));
#4918=CARTESIAN_POINT('',(0.0255898169703008,0.051,-0.00737670501564305));
#4919=CARTESIAN_POINT('',(0.0255898169703008,1.59594559789866E-16,-0.00737670501564305));
#4920=CARTESIAN_POINT('',(0.0257659053569757,0.051,-0.00613688648471192));
#4921=CARTESIAN_POINT('',(0.0257659053569757,1.59594559789866E-16,-0.00613688648471192));
#4922=CARTESIAN_POINT('',(0.0257774732023329,0.051,-0.0052541193442921));
#4923=CARTESIAN_POINT('',(0.0257774732023329,1.59594559789866E-16,-0.0052541193442921));
#4924=CARTESIAN_POINT('',(0.0258495923995305,0.051,-0.00432996508717129));
#4925=CARTESIAN_POINT('',(0.0258495923995305,1.59594559789866E-16,-0.00432996508717129));
#4926=CARTESIAN_POINT('',(0.0258167543645102,0.051,-0.0026039093935377));
#4927=CARTESIAN_POINT('',(0.0258167543645102,1.59594559789866E-16,-0.0026039093935377));
#4928=CARTESIAN_POINT('',(0.0255431229459266,0.051,-0.000940221695595059));
#4929=CARTESIAN_POINT('',(0.0255431229459266,1.59594559789866E-16,-0.000940221695595059));
#4930=CARTESIAN_POINT('',(0.0253147424417008,0.051,-0.000173484076744192));
#4931=CARTESIAN_POINT('',(0.0253147424417008,1.59594559789866E-16,-0.000173484076744192));
#4932=CARTESIAN_POINT('',(0.0244623819079782,0.051,0.00174393590610034));
#4933=CARTESIAN_POINT('',(0.0244623819079782,1.59594559789866E-16,0.00174393590610034));
#4934=CARTESIAN_POINT('',(0.0230313093646213,0.051,0.00320420127502339));
#4935=CARTESIAN_POINT('',(0.0230313093646213,1.59594559789866E-16,0.00320420127502339));
#4936=CARTESIAN_POINT('',(0.0220318075474247,0.051,0.00397446836525918));
#4937=CARTESIAN_POINT('',(0.0220318075474247,1.59594559789866E-16,0.00397446836525918));
#4938=CARTESIAN_POINT('',(0.0201380279993231,0.051,0.00497897768160771));
#4939=CARTESIAN_POINT('',(0.0201380279993231,1.59594559789866E-16,0.00497897768160771));
#4940=CARTESIAN_POINT('',(0.0179495279895821,0.051,0.00559146662173525));
#4941=CARTESIAN_POINT('',(0.0179495279895821,1.59594559789866E-16,0.00559146662173525));
#4942=CARTESIAN_POINT('',(0.0155594773549592,0.051,0.00601042761836259));
#4943=CARTESIAN_POINT('',(0.0155594773549592,1.59594559789866E-16,0.00601042761836259));
#4944=CARTESIAN_POINT('',(0.0133216691464785,0.051,0.00606788913974885));
#4945=CARTESIAN_POINT('',(0.0133216691464785,1.59594559789866E-16,0.00606788913974885));
#4946=CARTESIAN_POINT('',(0.00918571218725092,0.051,0.00617236109096622));
#4947=CARTESIAN_POINT('',(0.00918571218725092,1.59594559789866E-16,0.00617236109096622));
#4948=CARTESIAN_POINT('',(0.0036750540750042,0.051,0.00630746868121739));
#4949=CARTESIAN_POINT('',(0.0036750540750042,1.59594559789866E-16,0.00630746868121739));
#4950=CARTESIAN_POINT('',(-0.00487404880575206,0.051,0.00622366669371331));
#4951=CARTESIAN_POINT('',(-0.00487404880575206,1.59594559789866E-16,0.00622366669371331));
#4952=CARTESIAN_POINT('',(-0.00939829474243673,0.051,0.00621950603516166));
#4953=CARTESIAN_POINT('',(-0.00939829474243673,1.59594559789866E-16,0.00621950603516166));
#4954=CARTESIAN_POINT('',(-0.0109222907473839,0.051,0.00592662397783151));
#4955=CARTESIAN_POINT('',(-0.0109222907473839,1.59594559789866E-16,0.00592662397783151));
#4956=CARTESIAN_POINT('',(-0.0124468157527162,0.051,0.00566902532704386));
#4957=CARTESIAN_POINT('',(-0.0124468157527162,1.59594559789866E-16,0.00566902532704386));
#4958=CARTESIAN_POINT('',(-0.0141293849602935,0.051,0.00506962786979759));
#4959=CARTESIAN_POINT('',(-0.0141293849602935,1.59594559789866E-16,0.00506962786979759));
#4960=CARTESIAN_POINT('',(-0.0157714685349968,0.051,0.00418628769411966));
#4961=CARTESIAN_POINT('',(-0.0157714685349968,1.59594559789866E-16,0.00418628769411966));
#4962=CARTESIAN_POINT('',(-0.0170415444261739,0.051,0.00310933592014209));
#4963=CARTESIAN_POINT('',(-0.0170415444261739,1.59594559789866E-16,0.00310933592014209));
#4964=CARTESIAN_POINT('',(-0.0176456025467862,0.051,0.00240181733730678));
#4965=CARTESIAN_POINT('',(-0.0176456025467862,1.59594559789866E-16,0.00240181733730678));
#4966=CARTESIAN_POINT('',(-0.0181741794746717,0.051,0.00163472923154283));
#4967=CARTESIAN_POINT('',(-0.0181741794746717,1.59594559789866E-16,0.00163472923154283));
#4968=CARTESIAN_POINT('',(-0.0185783200565828,0.051,0.000877930737708903));
#4969=CARTESIAN_POINT('',(-0.0185783200565828,1.59594559789866E-16,0.000877930737708903));
#4970=CARTESIAN_POINT('',(-0.0190051810977107,0.051,-2.96113364401655E-5));
#4971=CARTESIAN_POINT('',(-0.0190051810977107,1.59594559789866E-16,-2.96113364401655E-5));
#4972=CARTESIAN_POINT('',(-0.019350933958798,0.051,-0.00118207259432041));
#4973=CARTESIAN_POINT('',(-0.019350933958798,1.59594559789866E-16,-0.00118207259432041));
#4974=CARTESIAN_POINT('',(-0.0195702284925208,0.051,-0.00244082367754274));
#4975=CARTESIAN_POINT('',(-0.0195702284925208,1.59594559789866E-16,-0.00244082367754274));
#4976=CARTESIAN_POINT('',(-0.0195899569174191,0.051,-0.00377405564816873));
#4977=CARTESIAN_POINT('',(-0.0195899569174191,1.59594559789866E-16,-0.00377405564816873));
#4978=CARTESIAN_POINT('',(-0.0195840701833453,0.051,-0.00436250144111369));
#4979=CARTESIAN_POINT('',(-0.0195840701833453,1.59594559789866E-16,-0.00436250144111369));
#4980=CARTESIAN_POINT('',(-0.0195840701833453,0.051,-0.00436250144111369));
#4981=CARTESIAN_POINT('',(-0.0195794382511073,0.051,-0.004825515568214));
#4982=CARTESIAN_POINT('',(-0.0195516577582854,0.051,-0.00552346268876775));
#4983=CARTESIAN_POINT('',(-0.0195452537840764,0.051,-0.00640343075105655));
#4984=CARTESIAN_POINT('',(-0.0194311979995283,0.051,-0.0074074761692239));
#4985=CARTESIAN_POINT('',(-0.0192758742621827,0.051,-0.00820999853357973));
#4986=CARTESIAN_POINT('',(-0.0188162485350196,0.051,-0.00967253147883554));
#4987=CARTESIAN_POINT('',(-0.0181777697424492,0.051,-0.0107569495787305));
#4988=CARTESIAN_POINT('',(-0.0177783396857339,0.051,-0.0114145856813157));
#4989=CARTESIAN_POINT('',(-0.0170677642549186,0.051,-0.0122399956670738));
#4990=CARTESIAN_POINT('',(-0.0160291313409957,0.051,-0.013127855776536));
#4991=CARTESIAN_POINT('',(-0.0147622141891703,0.051,-0.0138869659204452));
#4992=CARTESIAN_POINT('',(-0.0132214377402597,0.051,-0.0145145403656592));
#4993=CARTESIAN_POINT('',(-0.0117471868334705,0.051,-0.0149374467506504));
#4994=CARTESIAN_POINT('',(-0.0106847079478043,0.051,-0.015142696218505));
#4995=CARTESIAN_POINT('',(-0.00859879404567617,0.051,-0.015385263980625));
#4996=CARTESIAN_POINT('',(-0.00680268820003083,0.051,-0.0153999878499502));
#4997=CARTESIAN_POINT('',(-0.000191130027508168,0.051,-0.0155085022327784));
#4998=CARTESIAN_POINT('',(0.00673384006152047,0.051,-0.0154886728283094));
#4999=CARTESIAN_POINT('',(0.0148985874154006,0.051,-0.0155566385813557));
#5000=CARTESIAN_POINT('',(0.0178438745112863,0.051,-0.0151050915310653));
#5001=CARTESIAN_POINT('',(0.0194948244458631,0.051,-0.0146004060032175));
#5002=CARTESIAN_POINT('',(0.021467729621418,0.051,-0.013845891959702));
#5003=CARTESIAN_POINT('',(0.0232019313541346,0.051,-0.0125394775963429));
#5004=CARTESIAN_POINT('',(0.024571991330434,0.051,-0.0106740919188186));
#5005=CARTESIAN_POINT('',(0.0250357453673107,0.051,-0.00960261429171326));
#5006=CARTESIAN_POINT('',(0.0254835291230762,0.051,-0.00792652555947816));
#5007=CARTESIAN_POINT('',(0.0255898169703008,0.051,-0.00737670501564305));
#5008=CARTESIAN_POINT('',(0.0257659053569757,0.051,-0.00613688648471192));
#5009=CARTESIAN_POINT('',(0.0257774732023329,0.051,-0.0052541193442921));
#5010=CARTESIAN_POINT('',(0.0258495923995305,0.051,-0.00432996508717129));
#5011=CARTESIAN_POINT('',(0.0258167543645102,0.051,-0.0026039093935377));
#5012=CARTESIAN_POINT('',(0.0255431229459266,0.051,-0.000940221695595059));
#5013=CARTESIAN_POINT('',(0.0253147424417008,0.051,-0.000173484076744192));
#5014=CARTESIAN_POINT('',(0.0244623819079782,0.051,0.00174393590610034));
#5015=CARTESIAN_POINT('',(0.0230313093646213,0.051,0.00320420127502339));
#5016=CARTESIAN_POINT('',(0.0220318075474247,0.051,0.00397446836525918));
#5017=CARTESIAN_POINT('',(0.0201380279993231,0.051,0.00497897768160771));
#5018=CARTESIAN_POINT('',(0.0179495279895821,0.051,0.00559146662173525));
#5019=CARTESIAN_POINT('',(0.0155594773549592,0.051,0.00601042761836259));
#5020=CARTESIAN_POINT('',(0.0133216691464785,0.051,0.00606788913974885));
#5021=CARTESIAN_POINT('',(0.00918571218725092,0.051,0.00617236109096622));
#5022=CARTESIAN_POINT('',(0.0036750540750042,0.051,0.00630746868121739));
#5023=CARTESIAN_POINT('',(-0.00487404880575206,0.051,0.00622366669371331));
#5024=CARTESIAN_POINT('',(-0.00939829474243673,0.051,0.00621950603516166));
#5025=CARTESIAN_POINT('',(-0.0109222907473839,0.051,0.00592662397783151));
#5026=CARTESIAN_POINT('',(-0.0124468157527162,0.051,0.00566902532704386));
#5027=CARTESIAN_POINT('',(-0.0141293849602935,0.051,0.00506962786979759));
#5028=CARTESIAN_POINT('',(-0.0157714685349968,0.051,0.00418628769411966));
#5029=CARTESIAN_POINT('',(-0.0170415444261739,0.051,0.00310933592014209));
#5030=CARTESIAN_POINT('',(-0.0176456025467862,0.051,0.00240181733730678));
#5031=CARTESIAN_POINT('',(-0.0181741794746717,0.051,0.00163472923154283));
#5032=CARTESIAN_POINT('',(-0.0185783200565828,0.051,0.000877930737708903));
#5033=CARTESIAN_POINT('',(-0.0190051810977107,0.051,-2.96113364401655E-5));
#5034=CARTESIAN_POINT('',(-0.019350933958798,0.051,-0.00118207259432041));
#5035=CARTESIAN_POINT('',(-0.0195702284925208,0.051,-0.00244082367754274));
#5036=CARTESIAN_POINT('',(-0.0195899569174191,0.051,-0.00377405564816873));
#5037=CARTESIAN_POINT('',(-0.0195840701833453,0.051,-0.00436250144111369));
#5038=CARTESIAN_POINT('',(-0.0195840701833453,0.051,-0.00436250144111369));
#5039=CARTESIAN_POINT('',(-0.0195840701833453,0.,-0.00436250144111369));
#5040=CARTESIAN_POINT('',(-0.0195794382511073,0.,-0.004825515568214));
#5041=CARTESIAN_POINT('',(-0.0195516577582854,0.,-0.00552346268876775));
#5042=CARTESIAN_POINT('',(-0.0195452537840764,0.,-0.00640343075105655));
#5043=CARTESIAN_POINT('',(-0.0194311979995283,0.,-0.0074074761692239));
#5044=CARTESIAN_POINT('',(-0.0192758742621827,0.,-0.00820999853357973));
#5045=CARTESIAN_POINT('',(-0.0188162485350196,0.,-0.00967253147883554));
#5046=CARTESIAN_POINT('',(-0.0181777697424492,0.,-0.0107569495787305));
#5047=CARTESIAN_POINT('',(-0.0177783396857339,0.,-0.0114145856813157));
#5048=CARTESIAN_POINT('',(-0.0170677642549186,0.,-0.0122399956670738));
#5049=CARTESIAN_POINT('',(-0.0160291313409957,0.,-0.013127855776536));
#5050=CARTESIAN_POINT('',(-0.0147622141891703,0.,-0.0138869659204452));
#5051=CARTESIAN_POINT('',(-0.0132214377402597,0.,-0.0145145403656592));
#5052=CARTESIAN_POINT('',(-0.0117471868334705,0.,-0.0149374467506504));
#5053=CARTESIAN_POINT('',(-0.0106847079478043,0.,-0.015142696218505));
#5054=CARTESIAN_POINT('',(-0.00859879404567617,0.,-0.015385263980625));
#5055=CARTESIAN_POINT('',(-0.00680268820003083,0.,-0.0153999878499502));
#5056=CARTESIAN_POINT('',(-0.000191130027508168,0.,-0.0155085022327784));
#5057=CARTESIAN_POINT('',(0.00673384006152047,0.,-0.0154886728283094));
#5058=CARTESIAN_POINT('',(0.0148985874154006,0.,-0.0155566385813557));
#5059=CARTESIAN_POINT('',(0.0178438745112863,0.,-0.0151050915310653));
#5060=CARTESIAN_POINT('',(0.0194948244458631,0.,-0.0146004060032175));
#5061=CARTESIAN_POINT('',(0.021467729621418,0.,-0.013845891959702));
#5062=CARTESIAN_POINT('',(0.0232019313541346,0.,-0.0125394775963429));
#5063=CARTESIAN_POINT('',(0.024571991330434,0.,-0.0106740919188186));
#5064=CARTESIAN_POINT('',(0.0250357453673107,0.,-0.00960261429171326));
#5065=CARTESIAN_POINT('',(0.0254835291230762,0.,-0.00792652555947816));
#5066=CARTESIAN_POINT('',(0.0255898169703008,0.,-0.00737670501564305));
#5067=CARTESIAN_POINT('',(0.0257659053569757,0.,-0.00613688648471192));
#5068=CARTESIAN_POINT('',(0.0257774732023329,0.,-0.0052541193442921));
#5069=CARTESIAN_POINT('',(0.0258495923995305,0.,-0.00432996508717129));
#5070=CARTESIAN_POINT('',(0.0258167543645102,0.,-0.0026039093935377));
#5071=CARTESIAN_POINT('',(0.0255431229459266,0.,-0.000940221695595059));
#5072=CARTESIAN_POINT('',(0.0253147424417008,0.,-0.000173484076744192));
#5073=CARTESIAN_POINT('',(0.0244623819079782,0.,0.00174393590610034));
#5074=CARTESIAN_POINT('',(0.0230313093646213,0.,0.00320420127502339));
#5075=CARTESIAN_POINT('',(0.0220318075474247,0.,0.00397446836525918));
#5076=CARTESIAN_POINT('',(0.0201380279993231,0.,0.00497897768160771));
#5077=CARTESIAN_POINT('',(0.0179495279895821,0.,0.00559146662173525));
#5078=CARTESIAN_POINT('',(0.0155594773549592,0.,0.00601042761836259));
#5079=CARTESIAN_POINT('',(0.0133216691464785,0.,0.00606788913974885));
#5080=CARTESIAN_POINT('',(0.00918571218725092,0.,0.00617236109096622));
#5081=CARTESIAN_POINT('',(0.0036750540750042,0.,0.00630746868121739));
#5082=CARTESIAN_POINT('',(-0.00487404880575206,0.,0.00622366669371331));
#5083=CARTESIAN_POINT('',(-0.00939829474243673,0.,0.00621950603516166));
#5084=CARTESIAN_POINT('',(-0.0109222907473839,0.,0.00592662397783151));
#5085=CARTESIAN_POINT('',(-0.0124468157527162,0.,0.00566902532704386));
#5086=CARTESIAN_POINT('',(-0.0141293849602935,0.,0.00506962786979759));
#5087=CARTESIAN_POINT('',(-0.0157714685349968,0.,0.00418628769411966));
#5088=CARTESIAN_POINT('',(-0.0170415444261739,0.,0.00310933592014209));
#5089=CARTESIAN_POINT('',(-0.0176456025467862,0.,0.00240181733730678));
#5090=CARTESIAN_POINT('',(-0.0181741794746717,0.,0.00163472923154283));
#5091=CARTESIAN_POINT('',(-0.0185783200565828,0.,0.000877930737708903));
#5092=CARTESIAN_POINT('',(-0.0190051810977107,0.,-2.96113364401655E-5));
#5093=CARTESIAN_POINT('',(-0.019350933958798,0.,-0.00118207259432041));
#5094=CARTESIAN_POINT('',(-0.0195702284925208,0.,-0.00244082367754274));
#5095=CARTESIAN_POINT('',(-0.0195899569174191,0.,-0.00377405564816873));
#5096=CARTESIAN_POINT('',(-0.0195840701833453,0.,-0.00436250144111369));
#5097=CARTESIAN_POINT('',(-0.0195840701833453,0.,-0.00436250144111369));
#5098=CARTESIAN_POINT('',(-2.91433543964103E-16,0.,-1.66666687395622E-9));
#5099=CARTESIAN_POINT('',(0.00312386499423396,0.051,-0.00462244847394604));
#5100=CARTESIAN_POINT('',(-0.0165842203888092,0.051,-0.00433248127667928));
#5101=CARTESIAN_POINT('',(-0.0165847824227687,0.051,-0.00427628969161387));
#5102=CARTESIAN_POINT('',(-0.0165855664467492,0.051,-0.00416117048324079));
#5103=CARTESIAN_POINT('',(-0.016585578995737,0.051,-0.00392170574447833));
#5104=CARTESIAN_POINT('',(-0.0165822972459336,0.051,-0.0036119549337896));
#5105=CARTESIAN_POINT('',(-0.0165738311701372,0.051,-0.00330560154436809));
#5106=CARTESIAN_POINT('',(-0.0165649885474255,0.051,-0.0031023622014504));
#5107=CARTESIAN_POINT('',(-0.0165591430393244,0.051,-0.00299127753457635));
#5108=CARTESIAN_POINT('',(-0.0165543616160072,0.051,-0.00291062411579166));
#5109=CARTESIAN_POINT('',(-0.0165492404553978,0.051,-0.00283357651450972));
#5110=CARTESIAN_POINT('',(-0.0165447237774449,0.051,-0.00277283688585655));
#5111=CARTESIAN_POINT('',(-0.0165409314749638,0.051,-0.00272585705420257));
#5112=CARTESIAN_POINT('',(-0.0165380476384317,0.051,-0.00269200628150489));
#5113=CARTESIAN_POINT('',(-0.0165351045624502,0.051,-0.00265925589761002));
#5114=CARTESIAN_POINT('',(-0.0165289985971382,0.051,-0.00259470685780898));
#5115=CARTESIAN_POINT('',(-0.0165213938827701,0.051,-0.00252363080587822));
#5116=CARTESIAN_POINT('',(-0.0165120517164517,0.051,-0.00244693137835579));
#5117=CARTESIAN_POINT('',(-0.0165047622098195,0.051,-0.00239173207223322));
#5118=CARTESIAN_POINT('',(-0.0164971210713258,0.051,-0.00233810810050677));
#5119=CARTESIAN_POINT('',(-0.0164890468084113,0.051,-0.00228530663483776));
#5120=CARTESIAN_POINT('',(-0.0164805857677553,0.051,-0.00223352495466961));
#5121=CARTESIAN_POINT('',(-0.0164718015152951,0.051,-0.00218298557937568));
#5122=CARTESIAN_POINT('',(-0.016462568492873,0.051,-0.0021328689138019));
#5123=CARTESIAN_POINT('',(-0.0164527607946441,0.051,-0.00208242254759667));
#5124=CARTESIAN_POINT('',(-0.0164423775823457,0.051,-0.00203163007513281));
#5125=CARTESIAN_POINT('',(-0.0164313774442048,0.051,-0.00198025181686268));
#5126=CARTESIAN_POINT('',(-0.0164197075909499,0.051,-0.00192802371714573));
#5127=CARTESIAN_POINT('',(-0.0164071221205518,0.051,-0.0018738663815245));
#5128=CARTESIAN_POINT('',(-0.01639397679245,0.051,-0.00181928851322467));
#5129=CARTESIAN_POINT('',(-0.0163755620043748,0.051,-0.00174538345334185));
#5130=CARTESIAN_POINT('',(-0.0163517368569097,0.051,-0.00165440961525558));
#5131=CARTESIAN_POINT('',(-0.0163213949247784,0.051,-0.00154574066935529));
#5132=CARTESIAN_POINT('',(-0.0162899529680653,0.051,-0.00143996477253071));
#5133=CARTESIAN_POINT('',(-0.0162575557252146,0.051,-0.00133750807361946));
#5134=CARTESIAN_POINT('',(-0.0162299277091708,0.051,-0.00125533189172336));
#5135=CARTESIAN_POINT('',(-0.0162078471370648,0.051,-0.00119260906839725));
#5136=CARTESIAN_POINT('',(-0.0161940752662355,0.051,-0.00115467881114182));
#5137=CARTESIAN_POINT('',(-0.016182975498527,0.051,-0.00112481491449171));
#5138=CARTESIAN_POINT('',(-0.0161748363960868,0.051,-0.00110325583885865));
#5139=CARTESIAN_POINT('',(-0.0161665897965765,0.051,-0.00108175329464706));
#5140=CARTESIAN_POINT('',(-0.0161552318183745,0.051,-0.00105258654774284));
#5141=CARTESIAN_POINT('',(-0.0161408674770842,0.051,-0.00101651501765409));
#5142=CARTESIAN_POINT('',(-0.016116838740547,0.051,-0.000957832333246744));
#5143=CARTESIAN_POINT('',(-0.0160849346959536,0.051,-0.000882883175725375));
#5144=CARTESIAN_POINT('',(-0.0160440431414394,0.051,-0.000791115424462381));
#5145=CARTESIAN_POINT('',(-0.0160001190616053,0.051,-0.000696347424990303));
#5146=CARTESIAN_POINT('',(-0.0159613227236591,0.051,-0.00061538328180746));
#5147=CARTESIAN_POINT('',(-0.0159287408666221,0.051,-0.000548784930041233));
#5148=CARTESIAN_POINT('',(-0.0159075983792431,0.051,-0.000506091966067223));
#5149=CARTESIAN_POINT('',(-0.015890675776334,0.051,-0.000472189986809825));
#5150=CARTESIAN_POINT('',(-0.0158778251122118,0.051,-0.00044657870900635));
#5151=CARTESIAN_POINT('',(-0.0158648666834719,0.051,-0.000420879944720063));
#5152=CARTESIAN_POINT('',(-0.0158481432289172,0.051,-0.000387891177299029));
#5153=CARTESIAN_POINT('',(-0.0158276041708235,0.051,-0.000347721840263437));
#5154=CARTESIAN_POINT('',(-0.0157955054611122,0.051,-0.000285720445467201));
#5155=CARTESIAN_POINT('',(-0.0157567652054179,0.051,-0.000212420486125764));
#5156=CARTESIAN_POINT('',(-0.0157194457247355,0.051,-0.000143962365353802));
#5157=CARTESIAN_POINT('',(-0.015690055364165,0.051,-9.14109343032896E-5));
#5158=CARTESIAN_POINT('',(-0.015668051305085,0.051,-5.27613363607749E-5));
#5159=CARTESIAN_POINT('',(-0.0156462304813374,0.051,-1.51397243692637E-5));
#5160=CARTESIAN_POINT('',(-0.0156248388294765,0.051,2.10498359490911E-5));
#5161=CARTESIAN_POINT('',(-0.0156025435811095,0.051,5.80311402736752E-5));
#5162=CARTESIAN_POINT('',(-0.0155797823113439,0.051,9.50592975686347E-5));
#5163=CARTESIAN_POINT('',(-0.0155569118591145,0.051,0.000131546451345273));
#5164=CARTESIAN_POINT('',(-0.0155325711298614,0.051,0.000169663549466454));
#5165=CARTESIAN_POINT('',(-0.0155074201814382,0.051,0.00020834318854898));
#5166=CARTESIAN_POINT('',(-0.0154731771780502,0.051,0.000260090652246485));
#5167=CARTESIAN_POINT('',(-0.0154289907351341,0.051,0.00032517879193501));
#5168=CARTESIAN_POINT('',(-0.0153744175320802,0.051,0.000402942482109417));
#5169=CARTESIAN_POINT('',(-0.0153285913133493,0.051,0.000466154961127352));
#5170=CARTESIAN_POINT('',(-0.0152964873718526,0.051,0.000509378059848563));
#5171=CARTESIAN_POINT('',(-0.0152783976522997,0.051,0.000533439938283974));
#5172=CARTESIAN_POINT('',(-0.0152646604264286,0.051,0.000551563122295753));
#5173=CARTESIAN_POINT('',(-0.0152512585236487,0.051,0.000569099806311757));
#5174=CARTESIAN_POINT('',(-0.0152340551166359,0.051,0.000591417708152699));
#5175=CARTESIAN_POINT('',(-0.0152047252498129,0.051,0.000628954487278225));
#5176=CARTESIAN_POINT('',(-0.0151665344811755,0.051,0.000676381523296457));
#5177=CARTESIAN_POINT('',(-0.0151297230328434,0.051,0.000720170000241839));
#5178=CARTESIAN_POINT('',(-0.0150999827731955,0.051,0.000754331476544657));
#5179=CARTESIAN_POINT('',(-0.0150775314642863,0.051,0.000779519633371553));
#5180=CARTESIAN_POINT('',(-0.0150539922675165,0.051,0.000805300428845211));
#5181=CARTESIAN_POINT('',(-0.0150280611989483,0.051,0.000833040336013639));
#5182=CARTESIAN_POINT('',(-0.0150002002127889,0.051,0.000862153041815442));
#5183=CARTESIAN_POINT('',(-0.0149607509365798,0.051,0.000902447334887166));
#5184=CARTESIAN_POINT('',(-0.0149167796766662,0.051,0.000945917580317384));
#5185=CARTESIAN_POINT('',(-0.0148668801755919,0.051,0.000993666075124327));
#5186=CARTESIAN_POINT('',(-0.0148262262970019,0.051,0.00103177996773033));
#5187=CARTESIAN_POINT('',(-0.0147830563201795,0.051,0.0010714659920886));
#5188=CARTESIAN_POINT('',(-0.0147382522361126,0.051,0.00111185887851666));
#5189=CARTESIAN_POINT('',(-0.0146915910072129,0.051,0.00115312439518487));
#5190=CARTESIAN_POINT('',(-0.0146267420888352,0.051,0.00120938042529813));
#5191=CARTESIAN_POINT('',(-0.0145421639581094,0.051,0.00128069662949033));
#5192=CARTESIAN_POINT('',(-0.0144359741160082,0.051,0.00136678991148896));
#5193=CARTESIAN_POINT('',(-0.0143446232072427,0.051,0.00143793338033577));
#5194=CARTESIAN_POINT('',(-0.0142708722081973,0.051,0.00149357422980967));
#5195=CARTESIAN_POINT('',(-0.0142151567495704,0.051,0.00153470309434647));
#5196=CARTESIAN_POINT('',(-0.014159550447806,0.051,0.00157483674662692));
#5197=CARTESIAN_POINT('',(-0.0141045383716204,0.051,0.00161362372484555));
#5198=CARTESIAN_POINT('',(-0.0140581461356581,0.051,0.00164554520341871));
#5199=CARTESIAN_POINT('',(-0.0140214065134343,0.051,0.00167035658369827));
#5200=CARTESIAN_POINT('',(-0.0139839181779762,0.051,0.00169536283242981));
#5201=CARTESIAN_POINT('',(-0.0139363930989915,0.051,0.00172648401184374));
#5202=CARTESIAN_POINT('',(-0.0138591323084267,0.051,0.00177585874994945));
#5203=CARTESIAN_POINT('',(-0.013720499637557,0.051,0.00186130594651472));
#5204=CARTESIAN_POINT('',(-0.0135130888056888,0.051,0.0019803589856987));
#5205=CARTESIAN_POINT('',(-0.0132951045737762,0.051,0.00209442579252296));
#5206=CARTESIAN_POINT('',(-0.0131150300413839,0.051,0.00218247919905444));
#5207=CARTESIAN_POINT('',(-0.0129771863423531,0.051,0.00224693000216795));
#5208=CARTESIAN_POINT('',(-0.0128611904005031,0.051,0.00229881044763248));
#5209=CARTESIAN_POINT('',(-0.0127674257100829,0.051,0.00233936876327329));
#5210=CARTESIAN_POINT('',(-0.0126741905950367,0.051,0.00237878429177312));
#5211=CARTESIAN_POINT('',(-0.0125579679696995,0.051,0.00242621045447692));
#5212=CARTESIAN_POINT('',(-0.0124191912989066,0.051,0.0024801128080634));
#5213=CARTESIAN_POINT('',(-0.0122815210962047,0.051,0.00253087221597819));
#5214=CARTESIAN_POINT('',(-0.0121454652916403,0.051,0.00257833050640234));
#5215=CARTESIAN_POINT('',(-0.0120112356672154,0.051,0.00262245174868938));
#5216=CARTESIAN_POINT('',(-0.011901399070266,0.051,0.00265631338274608));
#5217=CARTESIAN_POINT('',(-0.0118148447353971,0.051,0.00268165509976972));
#5218=CARTESIAN_POINT('',(-0.0117612443935136,0.051,0.00269678656479757));
#5219=CARTESIAN_POINT('',(-0.011718851181553,0.051,0.00270841804199059));
#5220=CARTESIAN_POINT('',(-0.0116772115667287,0.051,0.00271962067292594));
#5221=CARTESIAN_POINT('',(-0.0116242938943512,0.051,0.002733429958664));
#5222=CARTESIAN_POINT('',(-0.0115610733838919,0.051,0.00274926381061709));
#5223=CARTESIAN_POINT('',(-0.0114739495378578,0.051,0.00277023580384812));
#5224=CARTESIAN_POINT('',(-0.0113612247187156,0.051,0.00279584906233605));
#5225=CARTESIAN_POINT('',(-0.0112209626451112,0.051,0.00282557183623463));
#5226=CARTESIAN_POINT('',(-0.0110750646061909,0.051,0.00285464357591207));
#5227=CARTESIAN_POINT('',(-0.0109232115362708,0.051,0.00288343174504439));
#5228=CARTESIAN_POINT('',(-0.0107923962885958,0.051,0.00290733274838761));
#5229=CARTESIAN_POINT('',(-0.0106847035442623,0.051,0.00292669734265562));
#5230=CARTESIAN_POINT('',(-0.0106025692160997,0.051,0.00294137281682498));
#5231=CARTESIAN_POINT('',(-0.0105328249494894,0.051,0.00295381095792188));
#5232=CARTESIAN_POINT('',(-0.0104764780584515,0.051,0.00296387967887881));
#5233=CARTESIAN_POINT('',(-0.0104334092960132,0.051,0.00297159546647477));
#5234=CARTESIAN_POINT('',(-0.0103907129411161,0.051,0.00297927396155061));
#5235=CARTESIAN_POINT('',(-0.0103350000377568,0.051,0.00298932121035914));
#5236=CARTESIAN_POINT('',(-0.0102678009312797,0.051,0.00300146143082049));
#5237=CARTESIAN_POINT('',(-0.0101906126267148,0.051,0.0030153551829469));
#5238=CARTESIAN_POINT('',(-0.0100919349040523,0.051,0.00303294387326418));
#5239=CARTESIAN_POINT('',(-0.00999907127719629,0.051,0.00304909052165312));
#5240=CARTESIAN_POINT('',(-0.00990992882594431,0.051,0.00306394961125156));
#5241=CARTESIAN_POINT('',(-0.00984500074931886,0.051,0.00307439830151388));
#5242=CARTESIAN_POINT('',(-0.00978069575346515,0.051,0.00308432215757472));
#5243=CARTESIAN_POINT('',(-0.00971620497091498,0.051,0.00309380936768744));
#5244=CARTESIAN_POINT('',(-0.0096513651104685,0.051,0.00310284183804268));
#5245=CARTESIAN_POINT('',(-0.00958621023732142,0.051,0.00311137913908843));
#5246=CARTESIAN_POINT('',(-0.00951955176987249,0.051,0.00311953037425098));
#5247=CARTESIAN_POINT('',(-0.00945043614258025,0.051,0.00312736516521061));
#5248=CARTESIAN_POINT('',(-0.0093906106123439,0.051,0.00313360167528326));
#5249=CARTESIAN_POINT('',(-0.00934107410757321,0.051,0.00313842152457798));
#5250=CARTESIAN_POINT('',(-0.00929092898158572,0.051,0.00314307053613711));
#5251=CARTESIAN_POINT('',(-0.00922443445448565,0.051,0.00314878359712115));
#5252=CARTESIAN_POINT('',(-0.00913949800022525,0.051,0.00315534555934555));
#5253=CARTESIAN_POINT('',(-0.00904788035526453,0.051,0.00316171485462479));
#5254=CARTESIAN_POINT('',(-0.00891842729649445,0.051,0.0031697965890979));
#5255=CARTESIAN_POINT('',(-0.00874293352023226,0.051,0.00317911060660706));
#5256=CARTESIAN_POINT('',(-0.00843479033427162,0.051,0.00319219837255321));
#5257=CARTESIAN_POINT('',(-0.00800246510138995,0.051,0.00320509743313065));
#5258=CARTESIAN_POINT('',(-0.00741522701031792,0.051,0.00321573539128542));
#5259=CARTESIAN_POINT('',(-0.0067659205919002,0.051,0.00322269074411366));
#5260=CARTESIAN_POINT('',(-0.00617702395686701,0.051,0.00322657868791492));
#5261=CARTESIAN_POINT('',(-0.00567926331035163,0.051,0.00322929039299922));
#5262=CARTESIAN_POINT('',(-0.00516388027164664,0.051,0.00323199672179741));
#5263=CARTESIAN_POINT('',(-0.00448994884762887,0.051,0.00323596167938045));
#5264=CARTESIAN_POINT('',(-0.00364632636799787,0.051,0.0032415480665224));
#5265=CARTESIAN_POINT('',(-0.00277467924760689,0.051,0.00324749664694021));
#5266=CARTESIAN_POINT('',(-0.00158629266840372,0.051,0.00325541479979025));
#5267=CARTESIAN_POINT('',(-7.15826131146192E-5,0.051,0.00326429926295288));
#5268=CARTESIAN_POINT('',(0.00142757415687654,0.051,0.00326924064751804));
#5269=CARTESIAN_POINT('',(0.002584469379093,0.051,0.0032692833230928));
#5270=CARTESIAN_POINT('',(0.00328263230609331,0.051,0.00326737034625852));
#5271=CARTESIAN_POINT('',(0.00382205599189336,0.051,0.00326447943761773));
#5272=CARTESIAN_POINT('',(0.00434852607391957,0.051,0.00326066180393237));
#5273=CARTESIAN_POINT('',(0.00523974690538481,0.051,0.00325172664568929));
#5274=CARTESIAN_POINT('',(0.00643578057195124,0.051,0.00323339514450218));
#5275=CARTESIAN_POINT('',(0.00755832028967465,0.051,0.00320995138813167));
#5276=CARTESIAN_POINT('',(0.00842933757106815,0.051,0.0031895060859384));
#5277=CARTESIAN_POINT('',(0.00896599140365773,0.051,0.00317631313997013));
#5278=CARTESIAN_POINT('',(0.00939283158342781,0.051,0.00316568579100691));
#5279=CARTESIAN_POINT('',(0.00981821481002166,0.051,0.00315507658525659));
#5280=CARTESIAN_POINT('',(0.0105553150211916,0.051,0.00313663893407453));
#5281=CARTESIAN_POINT('',(0.0113719297851346,0.051,0.00311610476726824));
#5282=CARTESIAN_POINT('',(0.0121428257667039,0.051,0.00309663390214166));
#5283=CARTESIAN_POINT('',(0.0126016593483183,0.051,0.00308501022056771));
#5284=CARTESIAN_POINT('',(0.0129084069110827,0.051,0.00307722553637233));
#5285=CARTESIAN_POINT('',(0.0130792953051225,0.051,0.0030728804539288));
#5286=CARTESIAN_POINT('',(0.0132477619944012,0.051,0.00306859746905878));
#5287=CARTESIAN_POINT('',(0.0134508702168973,0.051,0.00306344580850563));
#5288=CARTESIAN_POINT('',(0.0136824222528797,0.051,0.00305738640635185));
#5289=CARTESIAN_POINT('',(0.0139009014051758,0.051,0.00305113628605036));
#5290=CARTESIAN_POINT('',(0.0141085114205039,0.051,0.00304435847826319));
#5291=CARTESIAN_POINT('',(0.0143057695861146,0.051,0.00303678844903088));
#5292=CARTESIAN_POINT('',(0.014494133712531,0.051,0.00302815012856737));
#5293=CARTESIAN_POINT('',(0.0146755161897048,0.051,0.00301817996281626));
#5294=CARTESIAN_POINT('',(0.0148218046827238,0.051,0.0030085778242648));
#5295=CARTESIAN_POINT('',(0.0149371058015021,0.051,0.00299997075024227));
#5296=CARTESIAN_POINT('',(0.0150230811372698,0.051,0.00299300928089413));
#5297=CARTESIAN_POINT('',(0.0151085537141499,0.051,0.00298552338139884));
#5298=CARTESIAN_POINT('',(0.0151932625308967,0.051,0.00297752283884513));
#5299=CARTESIAN_POINT('',(0.0152791086437311,0.051,0.00296880129199658));
#5300=CARTESIAN_POINT('',(0.0153658911048459,0.051,0.00295937078220836));
#5301=CARTESIAN_POINT('',(0.0154531662989803,0.051,0.0029492665328417));
#5302=CARTESIAN_POINT('',(0.0155424641620717,0.051,0.00293831704379273));
#5303=CARTESIAN_POINT('',(0.0156331138972006,0.051,0.00292660166602009));
#5304=CARTESIAN_POINT('',(0.0157552857721943,0.051,0.00291002532330127));
#5305=CARTESIAN_POINT('',(0.0159728138507254,0.051,0.00287846893048603));
#5306=CARTESIAN_POINT('',(0.0162921072641785,0.051,0.00282645373565657));
#5307=CARTESIAN_POINT('',(0.0166833551530421,0.051,0.00275403287787205));
#5308=CARTESIAN_POINT('',(0.0170111877811352,0.051,0.00268648851504162));
#5309=CARTESIAN_POINT('',(0.0172398306571444,0.051,0.00263591747718395));
#5310=CARTESIAN_POINT('',(0.0173692339613839,0.051,0.00260632088263108));
#5311=CARTESIAN_POINT('',(0.0174964218138569,0.051,0.00257654433133875));
#5312=CARTESIAN_POINT('',(0.01765241374563,0.051,0.00253867699008245));
#5313=CARTESIAN_POINT('',(0.0178953504349371,0.051,0.00247657809697091));
#5314=CARTESIAN_POINT('',(0.0181866461857001,0.051,0.00239580527980103));
#5315=CARTESIAN_POINT('',(0.0184631330724415,0.051,0.00230967135172958));
#5316=CARTESIAN_POINT('',(0.0186760140888076,0.051,0.00223705194553894));
#5317=CARTESIAN_POINT('',(0.0188062122520535,0.051,0.0021898444565944));
#5318=CARTESIAN_POINT('',(0.0189084850008956,0.051,0.00215101695096683));
#5319=CARTESIAN_POINT('',(0.0189840844484678,0.051,0.0021214224927917));
#5320=CARTESIAN_POINT('',(0.0190471468438364,0.051,0.00209596652312274));
#5321=CARTESIAN_POINT('',(0.0190971327549934,0.051,0.00207532535443005));
#5322=CARTESIAN_POINT('',(0.0191478668807179,0.051,0.00205406711970674));
#5323=CARTESIAN_POINT('',(0.0192116200326981,0.051,0.00202678127094039));
#5324=CARTESIAN_POINT('',(0.019314120331054,0.051,0.00198171338243607));
#5325=CARTESIAN_POINT('',(0.0194430080539007,0.051,0.00192282961269715));
#5326=CARTESIAN_POINT('',(0.0195964159832634,0.051,0.00184936039899259));
#5327=CARTESIAN_POINT('',(0.0197473275556023,0.051,0.00177381554369099));
#5328=CARTESIAN_POINT('',(0.0198938423322606,0.051,0.00169735340619401));
#5329=CARTESIAN_POINT('',(0.0200341065521676,0.051,0.00162112254701948));
#5330=CARTESIAN_POINT('',(0.0201667182511663,0.051,0.00154614142569695));
#5331=CARTESIAN_POINT('',(0.0202690555455882,0.051,0.00148591523670111));
#5332=CARTESIAN_POINT('',(0.0203449027780587,0.051,0.00143992069413881));
#5333=CARTESIAN_POINT('',(0.0203987730593593,0.051,0.00140656173167599));
#5334=CARTESIAN_POINT('',(0.0204487829720992,0.051,0.0013749200737454));
#5335=CARTESIAN_POINT('',(0.0204943338118821,0.051,0.00134543939792453));
#5336=CARTESIAN_POINT('',(0.0205360892431023,0.051,0.0013177524848938));
#5337=CARTESIAN_POINT('',(0.0205755662185605,0.051,0.00129091645957043));
#5338=CARTESIAN_POINT('',(0.0206061123478146,0.051,0.00126960664484982));
#5339=CARTESIAN_POINT('',(0.0206292181408904,0.051,0.00125316801001518));
#5340=CARTESIAN_POINT('',(0.0206457174862689,0.051,0.00124127094691726));
#5341=CARTESIAN_POINT('',(0.0206619701409352,0.051,0.00122939175337389));
#5342=CARTESIAN_POINT('',(0.0206840375346941,0.051,0.00121304442620224));
#5343=CARTESIAN_POINT('',(0.0207118546585324,0.051,0.00119202464971896));
#5344=CARTESIAN_POINT('',(0.0207454966043593,0.051,0.00116592876192244));
#5345=CARTESIAN_POINT('',(0.0207785007896887,0.051,0.00113966901459835));
#5346=CARTESIAN_POINT('',(0.0208124033009399,0.051,0.00111201423400869));
#5347=CARTESIAN_POINT('',(0.0208491258840324,0.051,0.00108134749284786));
#5348=CARTESIAN_POINT('',(0.0208881021136699,0.051,0.00104806790166309));
#5349=CARTESIAN_POINT('',(0.0209226184457213,0.051,0.00101798681669211));
#5350=CARTESIAN_POINT('',(0.0209518220218226,0.051,0.000992167181900708));
#5351=CARTESIAN_POINT('',(0.0209750516045471,0.051,0.000971444734141356));
#5352=CARTESIAN_POINT('',(0.0209984490784346,0.051,0.000950397476570817));
#5353=CARTESIAN_POINT('',(0.0210221429005959,0.051,0.000928904170128813));
#5354=CARTESIAN_POINT('',(0.0210466188385183,0.051,0.000906518747218019));
#5355=CARTESIAN_POINT('',(0.0210791678673457,0.051,0.000876496252867213));
#5356=CARTESIAN_POINT('',(0.0211200215379909,0.051,0.000838323916398522));
#5357=CARTESIAN_POINT('',(0.0211689840315331,0.051,0.000791730873379826));
#5358=CARTESIAN_POINT('',(0.0212346873947005,0.051,0.000728002798415887));
#5359=CARTESIAN_POINT('',(0.0213168149934548,0.051,0.000645939388486818));
#5360=CARTESIAN_POINT('',(0.0214140136302649,0.051,0.000544494234075403));
#5361=CARTESIAN_POINT('',(0.0215089120937233,0.051,0.00044063892543752));
#5362=CARTESIAN_POINT('',(0.0216003047819186,0.051,0.000335297757106759));
#5363=CARTESIAN_POINT('',(0.021687132373305,0.051,0.000229381370013243));
#5364=CARTESIAN_POINT('',(0.0217548737170128,0.051,0.000141424323071451));
#5365=CARTESIAN_POINT('',(0.0218057219646126,0.051,7.19607700325545E-5));
#5366=CARTESIAN_POINT('',(0.0218362503806729,0.051,2.87132859723237E-5));
#5367=CARTESIAN_POINT('',(0.0218594572524378,0.051,-5.10242315448066E-6));
#5368=CARTESIAN_POINT('',(0.0218738151714554,0.051,-2.64376081159095E-5));
#5369=CARTESIAN_POINT('',(0.0218850232327714,0.051,-4.3343764923372E-5));
#5370=CARTESIAN_POINT('',(0.0218965699055695,0.051,-6.09317332640248E-5));
#5371=CARTESIAN_POINT('',(0.0219169001996266,0.051,-9.23533526808616E-5));
#5372=CARTESIAN_POINT('',(0.0219466868667313,0.051,-0.000139698276016606));
#5373=CARTESIAN_POINT('',(0.0219953559001566,0.051,-0.000219904313302961));
#5374=CARTESIAN_POINT('',(0.0220571027287091,0.051,-0.000326986716545079));
#5375=CARTESIAN_POINT('',(0.0221309058118726,0.051,-0.000463320284745304));
#5376=CARTESIAN_POINT('',(0.0222025786876535,0.051,-0.000603661870351644));
#5377=CARTESIAN_POINT('',(0.0222708242232501,0.051,-0.000744742444095396));
#5378=CARTESIAN_POINT('',(0.0223344528089454,0.051,-0.000883184081246479));
#5379=CARTESIAN_POINT('',(0.0223924539356073,0.051,-0.00101570322552434));
#5380=CARTESIAN_POINT('',(0.0224310032694169,0.051,-0.00110806707392682));
#5381=CARTESIAN_POINT('',(0.022454384607628,0.051,-0.00116568116097004));
#5382=CARTESIAN_POINT('',(0.0224655311733662,0.051,-0.00119347419453162));
#5383=CARTESIAN_POINT('',(0.0224761776103658,0.051,-0.00122033502742781));
#5384=CARTESIAN_POINT('',(0.0224866095421603,0.051,-0.00124697170054071));
#5385=CARTESIAN_POINT('',(0.0224960997109748,0.051,-0.00127149282659691));
#5386=CARTESIAN_POINT('',(0.02250470933065,0.051,-0.00129402965638686));
#5387=CARTESIAN_POINT('',(0.0225127887771181,0.051,-0.00131546944717045));
#5388=CARTESIAN_POINT('',(0.022519764436369,0.051,-0.00133426917216696));
#5389=CARTESIAN_POINT('',(0.0225258845195949,0.051,-0.00135104044036472));
#5390=CARTESIAN_POINT('',(0.0225313129262846,0.051,-0.0013661896718254));
#5391=CARTESIAN_POINT('',(0.0225360783629055,0.051,-0.00137975467303226));
#5392=CARTESIAN_POINT('',(0.0225400745716707,0.051,-0.00139137233288733));
#5393=CARTESIAN_POINT('',(0.0225436027326035,0.051,-0.00140186271538257));
#5394=CARTESIAN_POINT('',(0.0225468396250172,0.051,-0.00141171571042912));
#5395=CARTESIAN_POINT('',(0.0225496889886166,0.051,-0.00142061497368277));
#5396=CARTESIAN_POINT('',(0.0225519822948519,0.051,-0.00142796414503527));
#5397=CARTESIAN_POINT('',(0.0225541327198473,0.051,-0.00143504273566038));
#5398=CARTESIAN_POINT('',(0.0225564766492406,0.051,-0.00144297118287033));
#5399=CARTESIAN_POINT('',(0.0225587959719393,0.051,-0.0014510523467618));
#5400=CARTESIAN_POINT('',(0.0225609102674078,0.051,-0.00145863025079759));
#5401=CARTESIAN_POINT('',(0.0225630945719095,0.051,-0.00146668882403107));
#5402=CARTESIAN_POINT('',(0.0225656729842412,0.051,-0.00147647841754948));
#5403=CARTESIAN_POINT('',(0.0225684949753975,0.051,-0.00148751269554876));
#5404=CARTESIAN_POINT('',(0.0225725037233888,0.051,-0.00150363151021127));
#5405=CARTESIAN_POINT('',(0.0225770526132171,0.051,-0.0015226572935006));
#5406=CARTESIAN_POINT('',(0.0225823934915138,0.051,-0.00154590245451633));
#5407=CARTESIAN_POINT('',(0.022586863054209,0.051,-0.00156583129601081));
#5408=CARTESIAN_POINT('',(0.0225915310217981,0.051,-0.00158710609323181));
#5409=CARTESIAN_POINT('',(0.0225965141750736,0.051,-0.00161030486185482));
#5410=CARTESIAN_POINT('',(0.0226018675600856,0.051,-0.00163572513887448));
#5411=CARTESIAN_POINT('',(0.0226090674311014,0.051,-0.00167059463934324));
#5412=CARTESIAN_POINT('',(0.0226184258165079,0.051,-0.00171723383161203));
#5413=CARTESIAN_POINT('',(0.0226340362917984,0.051,-0.00179805023782389));
#5414=CARTESIAN_POINT('',(0.0226542098731653,0.051,-0.00190845935622982));
#5415=CARTESIAN_POINT('',(0.0226787437346812,0.051,-0.00205341603329362));
#5416=CARTESIAN_POINT('',(0.0227028171675558,0.051,-0.00220758305799798));
#5417=CARTESIAN_POINT('',(0.0227258254177341,0.051,-0.00236843487756005));
#5418=CARTESIAN_POINT('',(0.0227471757755256,0.051,-0.00253319068244811));
#5419=CARTESIAN_POINT('',(0.0227631839529927,0.051,-0.00267185709758521));
#5420=CARTESIAN_POINT('',(0.0227732083533217,0.051,-0.00276808209358754));
#5421=CARTESIAN_POINT('',(0.0227786093765558,0.051,-0.00282303044324099));
#5422=CARTESIAN_POINT('',(0.022782450067205,0.051,-0.00286375585863795));
#5423=CARTESIAN_POINT('',(0.0227861272268162,0.051,-0.00290451342169001));
#5424=CARTESIAN_POINT('',(0.0227908740061066,0.051,-0.00295955782274367));
#5425=CARTESIAN_POINT('',(0.0227986368632809,0.051,-0.00305616489406633));
#5426=CARTESIAN_POINT('',(0.0228083231352873,0.051,-0.00319624338043935));
#5427=CARTESIAN_POINT('',(0.0228207303312411,0.051,-0.00342115784852099));
#5428=CARTESIAN_POINT('',(0.0228285926468587,0.051,-0.00364332786707523));
#5429=CARTESIAN_POINT('',(0.0228323162423702,0.051,-0.0038557574525564));
#5430=CARTESIAN_POINT('',(0.0228331838816242,0.051,-0.00400790396586067));
#5431=CARTESIAN_POINT('',(0.0228324485109406,0.051,-0.00412729520239251));
#5432=CARTESIAN_POINT('',(0.0228312642599707,0.051,-0.00420584034259965));
#5433=CARTESIAN_POINT('',(0.0228304083596428,0.051,-0.00424933594128463));
#5434=CARTESIAN_POINT('',(0.0228294506036115,0.051,-0.0042913224498975));
#5435=CARTESIAN_POINT('',(0.0228280292546042,0.051,-0.00434273695239374));
#5436=CARTESIAN_POINT('',(0.022825334507948,0.051,-0.00442272749802302));
#5437=CARTESIAN_POINT('',(0.0228211850068143,0.051,-0.00452147954288656));
#5438=CARTESIAN_POINT('',(0.0228151528315788,0.051,-0.00464081567813777));
#5439=CARTESIAN_POINT('',(0.0228081861657371,0.051,-0.00476585278901923));
#5440=CARTESIAN_POINT('',(0.0228018465224613,0.051,-0.00487726015601575));
#5441=CARTESIAN_POINT('',(0.0227966724420263,0.051,-0.0049724436645993));
#5442=CARTESIAN_POINT('',(0.0227934729437592,0.051,-0.00503457562319473));
#5443=CARTESIAN_POINT('',(0.0227909965312232,0.051,-0.00508563713082954));
#5444=CARTESIAN_POINT('',(0.0227891687141775,0.051,-0.00512518810402593));
#5445=CARTESIAN_POINT('',(0.0227874523248198,0.051,-0.00516448721442421));
#5446=CARTESIAN_POINT('',(0.0227853503157888,0.051,-0.00521509745653301));
#5447=CARTESIAN_POINT('',(0.0227829823558278,0.051,-0.00527606201546109));
#5448=CARTESIAN_POINT('',(0.0227804282751398,0.051,-0.00534560409871888));
#5449=CARTESIAN_POINT('',(0.0227780648143187,0.051,-0.00541127347509396));
#5450=CARTESIAN_POINT('',(0.0227750015799955,0.051,-0.00549468749238652));
#5451=CARTESIAN_POINT('',(0.0227711349549025,0.051,-0.00559183167406758));
#5452=CARTESIAN_POINT('',(0.0227667391168503,0.051,-0.00568208397655171));
#5453=CARTESIAN_POINT('',(0.0227626500738982,0.051,-0.00575223259886262));
#5454=CARTESIAN_POINT('',(0.0227592528865861,0.051,-0.00580405505654004));
#5455=CARTESIAN_POINT('',(0.0227560431309964,0.051,-0.00584762180403077));
#5456=CARTESIAN_POINT('',(0.0227532857081527,0.051,-0.00588202295889746));
#5457=CARTESIAN_POINT('',(0.0227510310245176,0.051,-0.00590864947517868));
#5458=CARTESIAN_POINT('',(0.0227486191633458,0.051,-0.00593569282295548));
#5459=CARTESIAN_POINT('',(0.0227450221855913,0.051,-0.00597420159006899));
#5460=CARTESIAN_POINT('',(0.0227399735773079,0.051,-0.00602505366619906));
#5461=CARTESIAN_POINT('',(0.0227330889905094,0.051,-0.00608977829678056));
#5462=CARTESIAN_POINT('',(0.0227229355589588,0.051,-0.00617985457182743));
#5463=CARTESIAN_POINT('',(0.0227115351713758,0.051,-0.00627387076398023));
#5464=CARTESIAN_POINT('',(0.0226992690475396,0.051,-0.00636931351752421));
#5465=CARTESIAN_POINT('',(0.022686659501662,0.051,-0.00646412025630958));
#5466=CARTESIAN_POINT('',(0.0226703537921464,0.051,-0.00658110243832256));
#5467=CARTESIAN_POINT('',(0.0226507985711657,0.051,-0.00671417391235977));
#5468=CARTESIAN_POINT('',(0.0226354455157124,0.051,-0.00681372042973824));
#5469=CARTESIAN_POINT('',(0.0226240788052859,0.051,-0.006884970050978));
#5470=CARTESIAN_POINT('',(0.0226166155125118,0.051,-0.00693055068743969));
#5471=CARTESIAN_POINT('',(0.0226112783258795,0.051,-0.00696204506749526));
#5472=CARTESIAN_POINT('',(0.0226074636919301,0.051,-0.00698389338787881));
#5473=CARTESIAN_POINT('',(0.0226048191063755,0.051,-0.0069987119612249));
#5474=CARTESIAN_POINT('',(0.0226022559602424,0.051,-0.00701274518917804));
#5475=CARTESIAN_POINT('',(0.0225997039535377,0.051,-0.00702639385370489));
#5476=CARTESIAN_POINT('',(0.0225972056450367,0.051,-0.00703943395062763));
#5477=CARTESIAN_POINT('',(0.0225948579811909,0.051,-0.00705139705540068));
#5478=CARTESIAN_POINT('',(0.0225924474470482,0.051,-0.0070633854438532));
#5479=CARTESIAN_POINT('',(0.022589747797127,0.051,-0.00707650315743612));
#5480=CARTESIAN_POINT('',(0.022586842245176,0.051,-0.00709030148733276));
#5481=CARTESIAN_POINT('',(0.022583784104627,0.051,-0.00710451740393794));
#5482=CARTESIAN_POINT('',(0.0225804422672064,0.051,-0.00711973430165628));
#5483=CARTESIAN_POINT('',(0.0225753603899574,0.051,-0.00714244123227689));
#5484=CARTESIAN_POINT('',(0.022567757950339,0.051,-0.00717555988690499));
#5485=CARTESIAN_POINT('',(0.0225586674357927,0.051,-0.00721403609047267));
#5486=CARTESIAN_POINT('',(0.0225503383429135,0.051,-0.00724863433494114));
#5487=CARTESIAN_POINT('',(0.0225433871950502,0.051,-0.00727720181520044));
#5488=CARTESIAN_POINT('',(0.0225358666641202,0.051,-0.00730782079074392));
#5489=CARTESIAN_POINT('',(0.022525358232451,0.051,-0.00735022366742174));
#5490=CARTESIAN_POINT('',(0.0225112188931022,0.051,-0.00740656451301853));
#5491=CARTESIAN_POINT('',(0.0224927833365296,0.051,-0.00747885797266636));
#5492=CARTESIAN_POINT('',(0.022466377736076,0.051,-0.00758085056072402));
#5493=CARTESIAN_POINT('',(0.0224305231984147,0.051,-0.00771643078788611));
#5494=CARTESIAN_POINT('',(0.0223840635019951,0.051,-0.00788711789880591));
#5495=CARTESIAN_POINT('',(0.0223437056074518,0.051,-0.00803103532142282));
#5496=CARTESIAN_POINT('',(0.0223111263228042,0.051,-0.00814436535899045));
#5497=CARTESIAN_POINT('',(0.0222784007767378,0.051,-0.00825623904909501));
#5498=CARTESIAN_POINT('',(0.0222461513415586,0.051,-0.00836341522078464));
#5499=CARTESIAN_POINT('',(0.0222191499667143,0.051,-0.0084502768532106));
#5500=CARTESIAN_POINT('',(0.0222042207503114,0.051,-0.00849744905403397));
#5501=CARTESIAN_POINT('',(0.0221932030155364,0.051,-0.00853182247241668));
#5502=CARTESIAN_POINT('',(0.0221825745478949,0.051,-0.0085645432566132));
#5503=CARTESIAN_POINT('',(0.0221691305465519,0.051,-0.0086053428804246));
#5504=CARTESIAN_POINT('',(0.0221532975166568,0.051,-0.00865227456104868));
#5505=CARTESIAN_POINT('',(0.0221358243930741,0.051,-0.0087023303490291));
#5506=CARTESIAN_POINT('',(0.0221201854104672,0.051,-0.00874547484073252));
#5507=CARTESIAN_POINT('',(0.0221058497674908,0.051,-0.00878344887369296));
#5508=CARTESIAN_POINT('',(0.022092935181147,0.051,-0.00881622938087269));
#5509=CARTESIAN_POINT('',(0.0220828821939736,0.051,-0.00884063862202742));
#5510=CARTESIAN_POINT('',(0.0220750578577332,0.051,-0.00885901494483289));
#5511=CARTESIAN_POINT('',(0.0220694946269475,0.051,-0.00887178675390241));
#5512=CARTESIAN_POINT('',(0.0220639578435475,0.051,-0.00888421245957212));
#5513=CARTESIAN_POINT('',(0.0220582085274343,0.051,-0.00889682820742813));
#5514=CARTESIAN_POINT('',(0.022052378739205,0.051,-0.00890933305538522));
#5515=CARTESIAN_POINT('',(0.0220466218993014,0.051,-0.00892141231556349));
#5516=CARTESIAN_POINT('',(0.0220406570440847,0.051,-0.00893365695861167));
#5517=CARTESIAN_POINT('',(0.0220341765223025,0.051,-0.00894667934728446));
#5518=CARTESIAN_POINT('',(0.0220273184383619,0.051,-0.00896017133207185));
#5519=CARTESIAN_POINT('',(0.0220201885818909,0.051,-0.00897391525956013));
#5520=CARTESIAN_POINT('',(0.0220125909157267,0.051,-0.00898827220838392));
#5521=CARTESIAN_POINT('',(0.022001458881255,0.051,-0.00900890597244985));
#5522=CARTESIAN_POINT('',(0.021985960881366,0.051,-0.00903686725345381));
#5523=CARTESIAN_POINT('',(0.0219641794521928,0.051,-0.00907483208780604));
#5524=CARTESIAN_POINT('',(0.0219386431209746,0.051,-0.00911795732318487));
#5525=CARTESIAN_POINT('',(0.0219094232832678,0.051,-0.00916591140149609));
#5526=CARTESIAN_POINT('',(0.0218662834672089,0.051,-0.00923483657111634));
#5527=CARTESIAN_POINT('',(0.0218053240459141,0.051,-0.00932872424919557));
#5528=CARTESIAN_POINT('',(0.0217224232053829,0.051,-0.00945060470657135));
#5529=CARTESIAN_POINT('',(0.0216466066955416,0.051,-0.00955725742936969));
#5530=CARTESIAN_POINT('',(0.0215826865616638,0.051,-0.00964430822186597));
#5531=CARTESIAN_POINT('',(0.021533610874969,0.051,-0.00970972773262815));
#5532=CARTESIAN_POINT('',(0.0214833420820728,0.051,-0.00977531657926374));
#5533=CARTESIAN_POINT('',(0.0214146489307865,0.051,-0.00986302678898159));
#5534=CARTESIAN_POINT('',(0.0213269075477063,0.051,-0.0099714580218584));
#5535=CARTESIAN_POINT('',(0.0212204123915654,0.051,-0.0100971816651426));
#5536=CARTESIAN_POINT('',(0.0211320834834676,0.051,-0.0101965242011073));
#5537=CARTESIAN_POINT('',(0.0210714575028155,0.051,-0.0102621185026849));
#5538=CARTESIAN_POINT('',(0.0210372270867198,0.051,-0.0102984091647509));
#5539=CARTESIAN_POINT('',(0.0210037137688565,0.051,-0.0103334482028695));
#5540=CARTESIAN_POINT('',(0.0209617746999312,0.051,-0.0103763591222967));
#5541=CARTESIAN_POINT('',(0.0208954136737371,0.051,-0.010442311042823));
#5542=CARTESIAN_POINT('',(0.0208119262386273,0.051,-0.0105217040799541));
#5543=CARTESIAN_POINT('',(0.0207119304777438,0.051,-0.0106112831982836));
#5544=CARTESIAN_POINT('',(0.0205778430681566,0.051,-0.0107243678960705));
#5545=CARTESIAN_POINT('',(0.0204417879194802,0.051,-0.01082892461487));
#5546=CARTESIAN_POINT('',(0.0203022471678859,0.051,-0.0109265211076273));
#5547=CARTESIAN_POINT('',(0.0201951872521359,0.051,-0.0109967469915067));
#5548=CARTESIAN_POINT('',(0.0201036774081092,0.051,-0.0110529788357706));
#5549=CARTESIAN_POINT('',(0.0200287105123491,0.051,-0.0110968178983375));
#5550=CARTESIAN_POINT('',(0.0199720395932538,0.051,-0.0111288737552733));
#5551=CARTESIAN_POINT('',(0.0199134922508876,0.051,-0.0111608985157582));
#5552=CARTESIAN_POINT('',(0.019853471533708,0.051,-0.0111926562550949));
#5553=CARTESIAN_POINT('',(0.0197906875029967,0.051,-0.0112248323511545));
#5554=CARTESIAN_POINT('',(0.0197044725452457,0.051,-0.0112676580369256));
#5555=CARTESIAN_POINT('',(0.0195918025162966,0.051,-0.0113211718086233));
#5556=CARTESIAN_POINT('',(0.0194497676442856,0.051,-0.0113849335664117));
#5557=CARTESIAN_POINT('',(0.0193019574554467,0.051,-0.0114479035319236));
#5558=CARTESIAN_POINT('',(0.0191492603584242,0.051,-0.0115098887380839));
#5559=CARTESIAN_POINT('',(0.0189926738644145,0.051,-0.0115707149857458));
#5560=CARTESIAN_POINT('',(0.0188328561241775,0.051,-0.0116303852601974));
#5561=CARTESIAN_POINT('',(0.0186980444529119,0.051,-0.0116790003340223));
#5562=CARTESIAN_POINT('',(0.0186025604483295,0.051,-0.0117126756628589));
#5563=CARTESIAN_POINT('',(0.0185482035806432,0.051,-0.0117316557503353));
#5564=CARTESIAN_POINT('',(0.0185071037438082,0.051,-0.0117459152305583));
#5565=CARTESIAN_POINT('',(0.0184662100708073,0.051,-0.0117600179652745));
#5566=CARTESIAN_POINT('',(0.0184128581046511,0.051,-0.0117782993702123));
#5567=CARTESIAN_POINT('',(0.0183208425265568,0.051,-0.0118095095069563));
#5568=CARTESIAN_POINT('',(0.0181945417898485,0.051,-0.0118513831922576));
#5569=CARTESIAN_POINT('',(0.0180489653866984,0.051,-0.0118979579278259));
#5570=CARTESIAN_POINT('',(0.0179082166876248,0.051,-0.0119411629968503));
#5571=CARTESIAN_POINT('',(0.0177699728427287,0.051,-0.0119816449075755));
#5572=CARTESIAN_POINT('',(0.0176330876725933,0.051,-0.0120196899081205));
#5573=CARTESIAN_POINT('',(0.0174947471494118,0.051,-0.0120559874553201));
#5574=CARTESIAN_POINT('',(0.017376120909842,0.051,-0.0120852596748732));
#5575=CARTESIAN_POINT('',(0.0172797826422223,0.051,-0.0121078958753089));
#5576=CARTESIAN_POINT('',(0.0172058620141708,0.051,-0.0121246866027279));
#5577=CARTESIAN_POINT('',(0.0171302409624721,0.051,-0.0121412756910415));
#5578=CARTESIAN_POINT('',(0.01702853442235,0.051,-0.0121627809464926));
#5579=CARTESIAN_POINT('',(0.0168975471803699,0.051,-0.0121889122800026));
#5580=CARTESIAN_POINT('',(0.0166777663773235,0.051,-0.0122291924573491));
#5581=CARTESIAN_POINT('',(0.0163792614936605,0.051,-0.0122768720650363));
#5582=CARTESIAN_POINT('',(0.0159711548064428,0.051,-0.0123294601536574));
#5583=CARTESIAN_POINT('',(0.0155801378889438,0.051,-0.0123687236638523));
#5584=CARTESIAN_POINT('',(0.0152758279676053,0.051,-0.0123932732722511));
#5585=CARTESIAN_POINT('',(0.0150923934614148,0.051,-0.0124064049797727));
#5586=CARTESIAN_POINT('',(0.0149504765510502,0.051,-0.0124157473283127));
#5587=CARTESIAN_POINT('',(0.0148031481675136,0.051,-0.0124246223239579));
#5588=CARTESIAN_POINT('',(0.014598990778353,0.051,-0.0124358667060497));
#5589=CARTESIAN_POINT('',(0.0143312423773063,0.051,-0.0124487174614467));
#5590=CARTESIAN_POINT('',(0.0139905179005234,0.051,-0.0124622905574625));
#5591=CARTESIAN_POINT('',(0.0135136110147411,0.051,-0.0124779370303654));
#5592=CARTESIAN_POINT('',(0.01287890194094,0.051,-0.0124930955817102));
#5593=CARTESIAN_POINT('',(0.0120682284248722,0.051,-0.0125050546726034));
#5594=CARTESIAN_POINT('',(0.0112202849075055,0.051,-0.012511718926586));
#5595=CARTESIAN_POINT('',(0.0103455279521398,0.051,-0.0125141729361977));
#5596=CARTESIAN_POINT('',(0.00945489888211527,0.051,-0.0125134891661253));
#5597=CARTESIAN_POINT('',(0.00855826956900771,0.051,-0.0125107881309526));
#5598=CARTESIAN_POINT('',(0.00781477760497866,0.051,-0.0125078033463987));
#5599=CARTESIAN_POINT('',(0.00722644490142182,0.051,-0.0125055387627436));
#5600=CARTESIAN_POINT('',(0.00664506742778889,0.051,-0.0125035778628993));
#5601=CARTESIAN_POINT('',(0.00593324142745755,0.051,-0.012501775125387));
#5602=CARTESIAN_POINT('',(0.00509956354357704,0.051,-0.0125002930713337));
#5603=CARTESIAN_POINT('',(0.0042819410095477,0.051,-0.0124991867609308));
#5604=CARTESIAN_POINT('',(0.00347649460752553,0.051,-0.0124981407643714));
#5605=CARTESIAN_POINT('',(0.00267910807883562,0.051,-0.0124968400944276));
#5606=CARTESIAN_POINT('',(0.00188563701346143,0.051,-0.0124949725665404));
#5607=CARTESIAN_POINT('',(0.00109185330200309,0.051,-0.0124922316487769));
#5608=CARTESIAN_POINT('',(0.000426709694010068,0.051,-0.0124889665539063));
#5609=CARTESIAN_POINT('',(-0.000109679963377083,0.051,-0.0124856020239232));
#5610=CARTESIAN_POINT('',(-0.000514468384452499,0.051,-0.0124826628717713));
#5611=CARTESIAN_POINT('',(-0.000922990243105223,0.051,-0.0124792614380602));
#5612=CARTESIAN_POINT('',(-0.00147150722636834,0.051,-0.0124741696885034));
#5613=CARTESIAN_POINT('',(-0.00243520999290031,0.051,-0.0124639803555304));
#5614=CARTESIAN_POINT('',(-0.00352118870574959,0.051,-0.0124502317379592));
#5615=CARTESIAN_POINT('',(-0.00454319021116923,0.051,-0.0124361324523145));
#5616=CARTESIAN_POINT('',(-0.00526567318601715,0.051,-0.012425810793074));
#5617=CARTESIAN_POINT('',(-0.00582105838375561,0.051,-0.0124177814054242));
#5618=CARTESIAN_POINT('',(-0.006231559142244,0.051,-0.0124119138317587));
#5619=CARTESIAN_POINT('',(-0.00647278200077498,0.051,-0.0124085252991224));
#5620=CARTESIAN_POINT('',(-0.00665576031088772,0.051,-0.0124060054485677));
#5621=CARTESIAN_POINT('',(-0.0067883823774676,0.051,-0.0124042139874117));
#5622=CARTESIAN_POINT('',(-0.00691505569168839,0.051,-0.0124025471145444));
#5623=CARTESIAN_POINT('',(-0.00707565756033965,0.051,-0.0124004524924399));
#5624=CARTESIAN_POINT('',(-0.00726215057758981,0.051,-0.0123979760041295));
#5625=CARTESIAN_POINT('',(-0.00746462753878279,0.051,-0.0123948931170169));
#5626=CARTESIAN_POINT('',(-0.00764893575707157,0.051,-0.0123914024167231));
#5627=CARTESIAN_POINT('',(-0.00781752850336676,0.051,-0.0123872316016012));
#5628=CARTESIAN_POINT('',(-0.00797594946635585,0.051,-0.0123820950315411));
#5629=CARTESIAN_POINT('',(-0.00810192129478284,0.051,-0.0123768386208464));
#5630=CARTESIAN_POINT('',(-0.00820179957763682,0.051,-0.0123718765273148));
#5631=CARTESIAN_POINT('',(-0.00827736375044208,0.051,-0.0123677092994286));
#5632=CARTESIAN_POINT('',(-0.00835392793849433,0.051,-0.0123630583274343));
#5633=CARTESIAN_POINT('',(-0.00843151650035891,0.051,-0.0123579086085347));
#5634=CARTESIAN_POINT('',(-0.0085121620967242,0.051,-0.0123520983535975));
#5635=CARTESIAN_POINT('',(-0.00859630087765369,0.051,-0.0123455883214556));
#5636=CARTESIAN_POINT('',(-0.00868302756979432,0.051,-0.0123384395222788));
#5637=CARTESIAN_POINT('',(-0.00880292017431043,0.051,-0.0123279964505429));
#5638=CARTESIAN_POINT('',(-0.00895852926662431,0.051,-0.0123134427997572));
#5639=CARTESIAN_POINT('',(-0.00915071879713312,0.051,-0.0122939660486251));
#5640=CARTESIAN_POINT('',(-0.00934524180213825,0.051,-0.0122728574773861));
#5641=CARTESIAN_POINT('',(-0.0096035993020553,0.051,-0.0122430503133364));
#5642=CARTESIAN_POINT('',(-0.00985372169308176,0.051,-0.0122116403621672));
#5643=CARTESIAN_POINT('',(-0.0100549113707894,0.051,-0.0121842326419437));
#5644=CARTESIAN_POINT('',(-0.0101624144570798,0.051,-0.0121689590796463));
#5645=CARTESIAN_POINT('',(-0.0102391810561525,0.051,-0.0121577220760553));
#5646=CARTESIAN_POINT('',(-0.0103113664022956,0.051,-0.0121468216533604));
#5647=CARTESIAN_POINT('',(-0.0103787448360682,0.051,-0.0121362980688938));
#5648=CARTESIAN_POINT('',(-0.01044219853285,0.051,-0.0121260267595618));
#5649=CARTESIAN_POINT('',(-0.010501638956114,0.051,-0.0121160360050096));
#5650=CARTESIAN_POINT('',(-0.0105582247184048,0.051,-0.0121061461875454));
#5651=CARTESIAN_POINT('',(-0.0106127452256562,0.051,-0.0120962359747676));
#5652=CARTESIAN_POINT('',(-0.0106653149213817,0.051,-0.0120862950659026));
#5653=CARTESIAN_POINT('',(-0.0107157830916662,0.051,-0.0120763711626593));
#5654=CARTESIAN_POINT('',(-0.0107657997044565,0.051,-0.0120661467976971));
#5655=CARTESIAN_POINT('',(-0.0108169000358307,0.051,-0.0120553108095462));
#5656=CARTESIAN_POINT('',(-0.0108688409650961,0.051,-0.012043905439373));
#5657=CARTESIAN_POINT('',(-0.0109215984382669,0.051,-0.0120319356209876));
#5658=CARTESIAN_POINT('',(-0.0109760311603126,0.051,-0.0120192004880827));
#5659=CARTESIAN_POINT('',(-0.0110341445878583,0.051,-0.0120052181007667));
#5660=CARTESIAN_POINT('',(-0.0110946082917985,0.051,-0.0119903004550036));
#5661=CARTESIAN_POINT('',(-0.0111783046512964,0.051,-0.0119691549470716));
#5662=CARTESIAN_POINT('',(-0.0112871280316685,0.051,-0.0119407197874142));
#5663=CARTESIAN_POINT('',(-0.0114696939248808,0.051,-0.0118909235060067));
#5664=CARTESIAN_POINT('',(-0.0117091403115005,0.051,-0.0118215591575737));
#5665=CARTESIAN_POINT('',(-0.0120057152441277,0.051,-0.0117285751853088));
#5666=CARTESIAN_POINT('',(-0.0123003779246263,0.051,-0.0116285190073017));
#5667=CARTESIAN_POINT('',(-0.0125900254538954,0.051,-0.0115218242751223));
#5668=CARTESIAN_POINT('',(-0.0128252329205434,0.051,-0.0114279240614076));
#5669=CARTESIAN_POINT('',(-0.0130065007028164,0.051,-0.0113509831115392));
#5670=CARTESIAN_POINT('',(-0.0131386948342887,0.051,-0.0112924938885005));
#5671=CARTESIAN_POINT('',(-0.0132664155002595,0.051,-0.0112335428652022));
#5672=CARTESIAN_POINT('',(-0.0133883373552045,0.051,-0.011174767711746));
#5673=CARTESIAN_POINT('',(-0.0135055375132595,0.051,-0.0111156889246712));
#5674=CARTESIAN_POINT('',(-0.013617488644603,0.051,-0.0110566434716829));
#5675=CARTESIAN_POINT('',(-0.0137259029993147,0.051,-0.0109968143111983));
#5676=CARTESIAN_POINT('',(-0.0138651848930797,0.051,-0.0109163798559704));
#5677=CARTESIAN_POINT('',(-0.0139980315378597,0.051,-0.0108342514106238));
#5678=CARTESIAN_POINT('',(-0.0141260302861288,0.051,-0.0107496290430431));
#5679=CARTESIAN_POINT('',(-0.0142197469065243,0.051,-0.0106848650609294));
#5680=CARTESIAN_POINT('',(-0.0143125223354421,0.051,-0.0106178730202736));
#5681=CARTESIAN_POINT('',(-0.0144043429421752,0.051,-0.0105486620772948));
#5682=CARTESIAN_POINT('',(-0.0144953973558666,0.051,-0.0104771245275741));
#5683=CARTESIAN_POINT('',(-0.0145847028676588,0.051,-0.0104040370019455));
#5684=CARTESIAN_POINT('',(-0.0146718858883267,0.051,-0.0103297798102994));
#5685=CARTESIAN_POINT('',(-0.01475651769457,0.051,-0.0102547648670712));
#5686=CARTESIAN_POINT('',(-0.0148378916104919,0.051,-0.0101797138977702));
#5687=CARTESIAN_POINT('',(-0.0149149009197216,0.051,-0.0101057809029993));
#5688=CARTESIAN_POINT('',(-0.0149767967646635,0.051,-0.0100438828676112));
#5689=CARTESIAN_POINT('',(-0.0150237906748328,0.051,-0.00999542918873688));
#5690=CARTESIAN_POINT('',(-0.0150699905407458,0.051,-0.00994681176609584));
#5691=CARTESIAN_POINT('',(-0.0151252085653998,0.051,-0.00988687441712098));
#5692=CARTESIAN_POINT('',(-0.0151762222668655,0.051,-0.00982914481972282));
#5693=CARTESIAN_POINT('',(-0.0152141652862471,0.051,-0.00978483836608721));
#5694=CARTESIAN_POINT('',(-0.0152409794640747,0.051,-0.00975283480576749));
#5695=CARTESIAN_POINT('',(-0.0152661418675218,0.051,-0.00972212857241021));
#5696=CARTESIAN_POINT('',(-0.0152898289523662,0.051,-0.00969254719285906));
#5697=CARTESIAN_POINT('',(-0.0153077045248086,0.051,-0.0096696883483102));
#5698=CARTESIAN_POINT('',(-0.0153206411144499,0.051,-0.00965283893288637));
#5699=CARTESIAN_POINT('',(-0.0153296997804871,0.051,-0.00964089068052563));
#5700=CARTESIAN_POINT('',(-0.015338580665878,0.051,-0.00962902348147302));
#5701=CARTESIAN_POINT('',(-0.0153474209468513,0.051,-0.00961705589648293));
#5702=CARTESIAN_POINT('',(-0.0153558765945023,0.051,-0.00960545470546321));
#5703=CARTESIAN_POINT('',(-0.0153635083291894,0.051,-0.00959484401694321));
#5704=CARTESIAN_POINT('',(-0.0153707367288335,0.051,-0.0095846583624546));
#5705=CARTESIAN_POINT('',(-0.015380771506688,0.051,-0.00957032990074838));
#5706=CARTESIAN_POINT('',(-0.015393389656173,0.051,-0.00955195908915634));
#5707=CARTESIAN_POINT('',(-0.0154093370065566,0.051,-0.00952815576132489));
#5708=CARTESIAN_POINT('',(-0.0154263939002866,0.051,-0.00950209774826482));
#5709=CARTESIAN_POINT('',(-0.0154446732015281,0.051,-0.00947356838226311));
#5710=CARTESIAN_POINT('',(-0.0154652431482326,0.051,-0.00944084798268161));
#5711=CARTESIAN_POINT('',(-0.0154878541410942,0.051,-0.00940429293952861));
#5712=CARTESIAN_POINT('',(-0.0155129395507372,0.051,-0.00936318942165318));
#5713=CARTESIAN_POINT('',(-0.0155408960463929,0.051,-0.00931691216918132));
#5714=CARTESIAN_POINT('',(-0.0155662330841589,0.051,-0.00927466960350695));
#5715=CARTESIAN_POINT('',(-0.0155883369938592,0.051,-0.00923769829346501));
#5716=CARTESIAN_POINT('',(-0.0156108157142605,0.051,-0.00920005328542872));
#5717=CARTESIAN_POINT('',(-0.0156496908848808,0.051,-0.00913478731330209));
#5718=CARTESIAN_POINT('',(-0.0157029630234447,0.051,-0.00904452469247899));
#5719=CARTESIAN_POINT('',(-0.0157641976844081,0.051,-0.00893848731540005));
#5720=CARTESIAN_POINT('',(-0.0158221464646917,0.051,-0.00883505086823921));
#5721=CARTESIAN_POINT('',(-0.0158768853398328,0.051,-0.00873343411954775));
#5722=CARTESIAN_POINT('',(-0.0159195616397876,0.051,-0.00865036117416976));
#5723=CARTESIAN_POINT('',(-0.015951728725004,0.051,-0.00858505041390504));
#5724=CARTESIAN_POINT('',(-0.0159747699885303,0.051,-0.00853681281567606));
#5725=CARTESIAN_POINT('',(-0.0159968807959447,0.051,-0.00848894885085589));
#5726=CARTESIAN_POINT('',(-0.0160142085318996,0.051,-0.00845006154265241));
#5727=CARTESIAN_POINT('',(-0.0160278653681822,0.051,-0.00841852317947382));
#5728=CARTESIAN_POINT('',(-0.0160421400121134,0.051,-0.00838493447026169));
#5729=CARTESIAN_POINT('',(-0.0160602769087264,0.051,-0.00834107254777229));
#5730=CARTESIAN_POINT('',(-0.0160826453823252,0.051,-0.00828504929101069));
#5731=CARTESIAN_POINT('',(-0.0161128269381296,0.051,-0.00820686051592715));
#5732=CARTESIAN_POINT('',(-0.0161507055286253,0.051,-0.00810388099477903));
#5733=CARTESIAN_POINT('',(-0.0161952430752101,0.051,-0.00797518391454088));
#5734=CARTESIAN_POINT('',(-0.0162377295613693,0.051,-0.00784507804414657));
#5735=CARTESIAN_POINT('',(-0.0162773705370621,0.051,-0.00771663846999341));
#5736=CARTESIAN_POINT('',(-0.0163073030887653,0.051,-0.00761404292404064));
#5737=CARTESIAN_POINT('',(-0.0163290397755185,0.051,-0.00753632642844383));
#5738=CARTESIAN_POINT('',(-0.0163417851364055,0.051,-0.0074893904875119));
#5739=CARTESIAN_POINT('',(-0.016351283493066,0.051,-0.00745362138198321));
#5740=CARTESIAN_POINT('',(-0.0163601212581338,0.051,-0.00741980460856172));
#5741=CARTESIAN_POINT('',(-0.0163702670203985,0.051,-0.00737998241789912));
#5742=CARTESIAN_POINT('',(-0.0163813015607683,0.051,-0.00733507771957247));
#5743=CARTESIAN_POINT('',(-0.0163909019819371,0.051,-0.00729443828860898));
#5744=CARTESIAN_POINT('',(-0.0163994858676891,0.051,-0.00725650172312205));
#5745=CARTESIAN_POINT('',(-0.0164098569475756,0.051,-0.00720853210589743));
#5746=CARTESIAN_POINT('',(-0.0164191435047586,0.051,-0.00716228570323433));
#5747=CARTESIAN_POINT('',(-0.0164279246358672,0.051,-0.00711510095119018));
#5748=CARTESIAN_POINT('',(-0.0164344474046138,0.051,-0.0070782021156554));
#5749=CARTESIAN_POINT('',(-0.0164410522726791,0.051,-0.00703887926581531));
#5750=CARTESIAN_POINT('',(-0.0164468855130658,0.051,-0.00700241942943981));
#5751=CARTESIAN_POINT('',(-0.0164515816686762,0.051,-0.00697204007280538));
#5752=CARTESIAN_POINT('',(-0.0164550712760218,0.051,-0.00694895681190455));
#5753=CARTESIAN_POINT('',(-0.016458613034556,0.051,-0.00692501512647427));
#5754=CARTESIAN_POINT('',(-0.0164622877223441,0.051,-0.00689964250404061));
#5755=CARTESIAN_POINT('',(-0.0164660255845227,0.051,-0.00687330748790248));
#5756=CARTESIAN_POINT('',(-0.016470924581534,0.051,-0.00683807416193004));
#5757=CARTESIAN_POINT('',(-0.0164769417082567,0.051,-0.00679342199864617));
#5758=CARTESIAN_POINT('',(-0.0164839605221916,0.051,-0.00673900025181618));
#5759=CARTESIAN_POINT('',(-0.0164930969391451,0.051,-0.00666485260421306));
#5760=CARTESIAN_POINT('',(-0.0165038783101798,0.051,-0.00657078835671509));
#5761=CARTESIAN_POINT('',(-0.0165134452743625,0.051,-0.00647759042687698));
#5762=CARTESIAN_POINT('',(-0.0165202384133692,0.051,-0.00640468886350389));
#5763=CARTESIAN_POINT('',(-0.0165248851463911,0.051,-0.00635100431584801));
#5764=CARTESIAN_POINT('',(-0.0165290059853388,0.051,-0.00629923347367333));
#5765=CARTESIAN_POINT('',(-0.0165319405440494,0.051,-0.00625860287689828));
#5766=CARTESIAN_POINT('',(-0.0165340972968854,0.051,-0.00622609777248969));
#5767=CARTESIAN_POINT('',(-0.0165355865589286,0.051,-0.00620224185525364));
#5768=CARTESIAN_POINT('',(-0.016536940929089,0.051,-0.00617906610139473));
#5769=CARTESIAN_POINT('',(-0.0165386939951737,0.051,-0.00614699296462478));
#5770=CARTESIAN_POINT('',(-0.0165407021677441,0.051,-0.00610622542482812));
#5771=CARTESIAN_POINT('',(-0.0165435591151054,0.051,-0.00603930962142824));
#5772=CARTESIAN_POINT('',(-0.0165465736539108,0.051,-0.00595098498841873));
#5773=CARTESIAN_POINT('',(-0.01654955056201,0.051,-0.00583543131257436));
#5774=CARTESIAN_POINT('',(-0.0165517704079558,0.051,-0.00572977806422516));
#5775=CARTESIAN_POINT('',(-0.016553613564535,0.051,-0.00563869727307003));
#5776=CARTESIAN_POINT('',(-0.01655508844918,0.051,-0.00556739686435078));
#5777=CARTESIAN_POINT('',(-0.0165567389930492,0.051,-0.00549234290442521));
#5778=CARTESIAN_POINT('',(-0.0165592477493969,0.051,-0.00538917342318261));
#5779=CARTESIAN_POINT('',(-0.0165626932854574,0.051,-0.00526307217062798));
#5780=CARTESIAN_POINT('',(-0.0165670655123739,0.051,-0.00511274679846554));
#5781=CARTESIAN_POINT('',(-0.0165714108788054,0.051,-0.00496270312329768));
#5782=CARTESIAN_POINT('',(-0.0165755124420024,0.051,-0.00481129546831377));
#5783=CARTESIAN_POINT('',(-0.0165791711950361,0.051,-0.00465699717600877));
#5784=CARTESIAN_POINT('',(-0.0165821942429922,0.051,-0.00449831999363329));
#5785=CARTESIAN_POINT('',(-0.0165836583548497,0.051,-0.0043886728617447));
#5786=CARTESIAN_POINT('',(-0.0165842203888092,0.051,-0.00433248127667928));
#5787=CARTESIAN_POINT('',(-0.0165842203888092,0.051,-0.00433248127667928));
#5788=CARTESIAN_POINT('',(-0.0165842203888092,0.054,-0.00433248127667928));
#5789=CARTESIAN_POINT('',(-0.0165842203888092,0.0510000000000048,-0.00433248127667928));
#5790=CARTESIAN_POINT('',(-0.0165847824227687,0.054,-0.00427628969161387));
#5791=CARTESIAN_POINT('',(-0.0165847824227687,0.0510000000000048,-0.00427628969161387));
#5792=CARTESIAN_POINT('',(-0.0165855664467492,0.054,-0.00416117048324079));
#5793=CARTESIAN_POINT('',(-0.0165855664467492,0.0510000000000048,-0.00416117048324079));
#5794=CARTESIAN_POINT('',(-0.016585578995737,0.054,-0.00392170574447833));
#5795=CARTESIAN_POINT('',(-0.016585578995737,0.0510000000000048,-0.00392170574447833));
#5796=CARTESIAN_POINT('',(-0.0165822972459336,0.054,-0.0036119549337896));
#5797=CARTESIAN_POINT('',(-0.0165822972459336,0.0510000000000048,-0.0036119549337896));
#5798=CARTESIAN_POINT('',(-0.0165738311701372,0.054,-0.00330560154436809));
#5799=CARTESIAN_POINT('',(-0.0165738311701372,0.0510000000000048,-0.00330560154436809));
#5800=CARTESIAN_POINT('',(-0.0165649885474255,0.054,-0.0031023622014504));
#5801=CARTESIAN_POINT('',(-0.0165649885474255,0.0510000000000048,-0.0031023622014504));
#5802=CARTESIAN_POINT('',(-0.0165591430393244,0.054,-0.00299127753457635));
#5803=CARTESIAN_POINT('',(-0.0165591430393244,0.0510000000000048,-0.00299127753457635));
#5804=CARTESIAN_POINT('',(-0.0165543616160072,0.054,-0.00291062411579166));
#5805=CARTESIAN_POINT('',(-0.0165543616160072,0.0510000000000048,-0.00291062411579166));
#5806=CARTESIAN_POINT('',(-0.0165492404553978,0.054,-0.00283357651450972));
#5807=CARTESIAN_POINT('',(-0.0165492404553978,0.0510000000000048,-0.00283357651450972));
#5808=CARTESIAN_POINT('',(-0.0165447237774449,0.054,-0.00277283688585655));
#5809=CARTESIAN_POINT('',(-0.0165447237774449,0.0510000000000048,-0.00277283688585655));
#5810=CARTESIAN_POINT('',(-0.0165409314749638,0.054,-0.00272585705420257));
#5811=CARTESIAN_POINT('',(-0.0165409314749638,0.0510000000000048,-0.00272585705420257));
#5812=CARTESIAN_POINT('',(-0.0165380476384317,0.054,-0.00269200628150489));
#5813=CARTESIAN_POINT('',(-0.0165380476384317,0.0510000000000048,-0.00269200628150489));
#5814=CARTESIAN_POINT('',(-0.0165351045624502,0.054,-0.00265925589761002));
#5815=CARTESIAN_POINT('',(-0.0165351045624502,0.0510000000000048,-0.00265925589761002));
#5816=CARTESIAN_POINT('',(-0.0165289985971382,0.054,-0.00259470685780898));
#5817=CARTESIAN_POINT('',(-0.0165289985971382,0.0510000000000048,-0.00259470685780898));
#5818=CARTESIAN_POINT('',(-0.0165213938827701,0.054,-0.00252363080587822));
#5819=CARTESIAN_POINT('',(-0.0165213938827701,0.0510000000000048,-0.00252363080587822));
#5820=CARTESIAN_POINT('',(-0.0165120517164517,0.054,-0.00244693137835579));
#5821=CARTESIAN_POINT('',(-0.0165120517164517,0.0510000000000048,-0.00244693137835579));
#5822=CARTESIAN_POINT('',(-0.0165047622098195,0.054,-0.00239173207223322));
#5823=CARTESIAN_POINT('',(-0.0165047622098195,0.0510000000000048,-0.00239173207223322));
#5824=CARTESIAN_POINT('',(-0.0164971210713258,0.054,-0.00233810810050677));
#5825=CARTESIAN_POINT('',(-0.0164971210713258,0.0510000000000048,-0.00233810810050677));
#5826=CARTESIAN_POINT('',(-0.0164890468084113,0.054,-0.00228530663483776));
#5827=CARTESIAN_POINT('',(-0.0164890468084113,0.0510000000000048,-0.00228530663483776));
#5828=CARTESIAN_POINT('',(-0.0164805857677553,0.054,-0.00223352495466961));
#5829=CARTESIAN_POINT('',(-0.0164805857677553,0.0510000000000048,-0.00223352495466961));
#5830=CARTESIAN_POINT('',(-0.0164718015152951,0.054,-0.00218298557937568));
#5831=CARTESIAN_POINT('',(-0.0164718015152951,0.0510000000000048,-0.00218298557937568));
#5832=CARTESIAN_POINT('',(-0.016462568492873,0.054,-0.0021328689138019));
#5833=CARTESIAN_POINT('',(-0.016462568492873,0.0510000000000048,-0.0021328689138019));
#5834=CARTESIAN_POINT('',(-0.0164527607946441,0.054,-0.00208242254759667));
#5835=CARTESIAN_POINT('',(-0.0164527607946441,0.0510000000000048,-0.00208242254759667));
#5836=CARTESIAN_POINT('',(-0.0164423775823457,0.054,-0.00203163007513281));
#5837=CARTESIAN_POINT('',(-0.0164423775823457,0.0510000000000048,-0.00203163007513281));
#5838=CARTESIAN_POINT('',(-0.0164313774442048,0.054,-0.00198025181686268));
#5839=CARTESIAN_POINT('',(-0.0164313774442048,0.0510000000000048,-0.00198025181686268));
#5840=CARTESIAN_POINT('',(-0.0164197075909499,0.054,-0.00192802371714573));
#5841=CARTESIAN_POINT('',(-0.0164197075909499,0.0510000000000048,-0.00192802371714573));
#5842=CARTESIAN_POINT('',(-0.0164071221205518,0.054,-0.0018738663815245));
#5843=CARTESIAN_POINT('',(-0.0164071221205518,0.0510000000000048,-0.0018738663815245));
#5844=CARTESIAN_POINT('',(-0.01639397679245,0.054,-0.00181928851322467));
#5845=CARTESIAN_POINT('',(-0.01639397679245,0.0510000000000048,-0.00181928851322467));
#5846=CARTESIAN_POINT('',(-0.0163755620043748,0.054,-0.00174538345334185));
#5847=CARTESIAN_POINT('',(-0.0163755620043748,0.0510000000000048,-0.00174538345334185));
#5848=CARTESIAN_POINT('',(-0.0163517368569097,0.054,-0.00165440961525558));
#5849=CARTESIAN_POINT('',(-0.0163517368569097,0.0510000000000048,-0.00165440961525558));
#5850=CARTESIAN_POINT('',(-0.0163213949247784,0.054,-0.00154574066935529));
#5851=CARTESIAN_POINT('',(-0.0163213949247784,0.0510000000000048,-0.00154574066935529));
#5852=CARTESIAN_POINT('',(-0.0162899529680653,0.054,-0.00143996477253071));
#5853=CARTESIAN_POINT('',(-0.0162899529680653,0.0510000000000048,-0.00143996477253071));
#5854=CARTESIAN_POINT('',(-0.0162575557252146,0.054,-0.00133750807361946));
#5855=CARTESIAN_POINT('',(-0.0162575557252146,0.0510000000000048,-0.00133750807361946));
#5856=CARTESIAN_POINT('',(-0.0162299277091708,0.054,-0.00125533189172336));
#5857=CARTESIAN_POINT('',(-0.0162299277091708,0.0510000000000048,-0.00125533189172336));
#5858=CARTESIAN_POINT('',(-0.0162078471370648,0.054,-0.00119260906839725));
#5859=CARTESIAN_POINT('',(-0.0162078471370648,0.0510000000000048,-0.00119260906839725));
#5860=CARTESIAN_POINT('',(-0.0161940752662355,0.054,-0.00115467881114182));
#5861=CARTESIAN_POINT('',(-0.0161940752662355,0.0510000000000048,-0.00115467881114182));
#5862=CARTESIAN_POINT('',(-0.016182975498527,0.054,-0.00112481491449171));
#5863=CARTESIAN_POINT('',(-0.016182975498527,0.0510000000000048,-0.00112481491449171));
#5864=CARTESIAN_POINT('',(-0.0161748363960868,0.054,-0.00110325583885865));
#5865=CARTESIAN_POINT('',(-0.0161748363960868,0.0510000000000048,-0.00110325583885865));
#5866=CARTESIAN_POINT('',(-0.0161665897965765,0.054,-0.00108175329464706));
#5867=CARTESIAN_POINT('',(-0.0161665897965765,0.0510000000000048,-0.00108175329464706));
#5868=CARTESIAN_POINT('',(-0.0161552318183745,0.054,-0.00105258654774284));
#5869=CARTESIAN_POINT('',(-0.0161552318183745,0.0510000000000048,-0.00105258654774284));
#5870=CARTESIAN_POINT('',(-0.0161408674770842,0.054,-0.00101651501765409));
#5871=CARTESIAN_POINT('',(-0.0161408674770842,0.0510000000000048,-0.00101651501765409));
#5872=CARTESIAN_POINT('',(-0.016116838740547,0.054,-0.000957832333246744));
#5873=CARTESIAN_POINT('',(-0.016116838740547,0.0510000000000048,-0.000957832333246744));
#5874=CARTESIAN_POINT('',(-0.0160849346959536,0.054,-0.000882883175725375));
#5875=CARTESIAN_POINT('',(-0.0160849346959536,0.0510000000000048,-0.000882883175725375));
#5876=CARTESIAN_POINT('',(-0.0160440431414394,0.054,-0.000791115424462381));
#5877=CARTESIAN_POINT('',(-0.0160440431414394,0.0510000000000048,-0.000791115424462381));
#5878=CARTESIAN_POINT('',(-0.0160001190616053,0.054,-0.000696347424990303));
#5879=CARTESIAN_POINT('',(-0.0160001190616053,0.0510000000000048,-0.000696347424990303));
#5880=CARTESIAN_POINT('',(-0.0159613227236591,0.054,-0.00061538328180746));
#5881=CARTESIAN_POINT('',(-0.0159613227236591,0.0510000000000048,-0.00061538328180746));
#5882=CARTESIAN_POINT('',(-0.0159287408666221,0.054,-0.000548784930041233));
#5883=CARTESIAN_POINT('',(-0.0159287408666221,0.0510000000000048,-0.000548784930041233));
#5884=CARTESIAN_POINT('',(-0.0159075983792431,0.054,-0.000506091966067223));
#5885=CARTESIAN_POINT('',(-0.0159075983792431,0.0510000000000048,-0.000506091966067223));
#5886=CARTESIAN_POINT('',(-0.015890675776334,0.054,-0.000472189986809825));
#5887=CARTESIAN_POINT('',(-0.015890675776334,0.0510000000000048,-0.000472189986809825));
#5888=CARTESIAN_POINT('',(-0.0158778251122118,0.054,-0.00044657870900635));
#5889=CARTESIAN_POINT('',(-0.0158778251122118,0.0510000000000048,-0.00044657870900635));
#5890=CARTESIAN_POINT('',(-0.0158648666834719,0.054,-0.000420879944720063));
#5891=CARTESIAN_POINT('',(-0.0158648666834719,0.0510000000000048,-0.000420879944720063));
#5892=CARTESIAN_POINT('',(-0.0158481432289172,0.054,-0.000387891177299029));
#5893=CARTESIAN_POINT('',(-0.0158481432289172,0.0510000000000048,-0.000387891177299029));
#5894=CARTESIAN_POINT('',(-0.0158276041708235,0.054,-0.000347721840263437));
#5895=CARTESIAN_POINT('',(-0.0158276041708235,0.0510000000000048,-0.000347721840263437));
#5896=CARTESIAN_POINT('',(-0.0157955054611122,0.054,-0.000285720445467201));
#5897=CARTESIAN_POINT('',(-0.0157955054611122,0.0510000000000048,-0.000285720445467201));
#5898=CARTESIAN_POINT('',(-0.0157567652054179,0.054,-0.000212420486125764));
#5899=CARTESIAN_POINT('',(-0.0157567652054179,0.0510000000000048,-0.000212420486125764));
#5900=CARTESIAN_POINT('',(-0.0157194457247355,0.054,-0.000143962365353802));
#5901=CARTESIAN_POINT('',(-0.0157194457247355,0.0510000000000048,-0.000143962365353802));
#5902=CARTESIAN_POINT('',(-0.015690055364165,0.054,-9.14109343032896E-5));
#5903=CARTESIAN_POINT('',(-0.015690055364165,0.0510000000000048,-9.14109343032896E-5));
#5904=CARTESIAN_POINT('',(-0.015668051305085,0.054,-5.27613363607749E-5));
#5905=CARTESIAN_POINT('',(-0.015668051305085,0.0510000000000048,-5.27613363607749E-5));
#5906=CARTESIAN_POINT('',(-0.0156462304813374,0.054,-1.51397243692637E-5));
#5907=CARTESIAN_POINT('',(-0.0156462304813374,0.0510000000000048,-1.51397243692637E-5));
#5908=CARTESIAN_POINT('',(-0.0156248388294765,0.054,2.10498359490911E-5));
#5909=CARTESIAN_POINT('',(-0.0156248388294765,0.0510000000000048,2.10498359490911E-5));
#5910=CARTESIAN_POINT('',(-0.0156025435811095,0.054,5.80311402736752E-5));
#5911=CARTESIAN_POINT('',(-0.0156025435811095,0.0510000000000048,5.80311402736752E-5));
#5912=CARTESIAN_POINT('',(-0.0155797823113439,0.054,9.50592975686347E-5));
#5913=CARTESIAN_POINT('',(-0.0155797823113439,0.0510000000000048,9.50592975686347E-5));
#5914=CARTESIAN_POINT('',(-0.0155569118591145,0.054,0.000131546451345273));
#5915=CARTESIAN_POINT('',(-0.0155569118591145,0.0510000000000048,0.000131546451345273));
#5916=CARTESIAN_POINT('',(-0.0155325711298614,0.054,0.000169663549466454));
#5917=CARTESIAN_POINT('',(-0.0155325711298614,0.0510000000000048,0.000169663549466454));
#5918=CARTESIAN_POINT('',(-0.0155074201814382,0.054,0.00020834318854898));
#5919=CARTESIAN_POINT('',(-0.0155074201814382,0.0510000000000048,0.00020834318854898));
#5920=CARTESIAN_POINT('',(-0.0154731771780502,0.054,0.000260090652246485));
#5921=CARTESIAN_POINT('',(-0.0154731771780502,0.0510000000000048,0.000260090652246485));
#5922=CARTESIAN_POINT('',(-0.0154289907351341,0.054,0.00032517879193501));
#5923=CARTESIAN_POINT('',(-0.0154289907351341,0.0510000000000048,0.00032517879193501));
#5924=CARTESIAN_POINT('',(-0.0153744175320802,0.054,0.000402942482109417));
#5925=CARTESIAN_POINT('',(-0.0153744175320802,0.0510000000000048,0.000402942482109417));
#5926=CARTESIAN_POINT('',(-0.0153285913133493,0.054,0.000466154961127352));
#5927=CARTESIAN_POINT('',(-0.0153285913133493,0.0510000000000048,0.000466154961127352));
#5928=CARTESIAN_POINT('',(-0.0152964873718526,0.054,0.000509378059848563));
#5929=CARTESIAN_POINT('',(-0.0152964873718526,0.0510000000000048,0.000509378059848563));
#5930=CARTESIAN_POINT('',(-0.0152783976522997,0.054,0.000533439938283974));
#5931=CARTESIAN_POINT('',(-0.0152783976522997,0.0510000000000048,0.000533439938283974));
#5932=CARTESIAN_POINT('',(-0.0152646604264286,0.054,0.000551563122295753));
#5933=CARTESIAN_POINT('',(-0.0152646604264286,0.0510000000000048,0.000551563122295753));
#5934=CARTESIAN_POINT('',(-0.0152512585236487,0.054,0.000569099806311757));
#5935=CARTESIAN_POINT('',(-0.0152512585236487,0.0510000000000048,0.000569099806311757));
#5936=CARTESIAN_POINT('',(-0.0152340551166359,0.054,0.000591417708152699));
#5937=CARTESIAN_POINT('',(-0.0152340551166359,0.0510000000000048,0.000591417708152699));
#5938=CARTESIAN_POINT('',(-0.0152047252498129,0.054,0.000628954487278225));
#5939=CARTESIAN_POINT('',(-0.0152047252498129,0.0510000000000048,0.000628954487278225));
#5940=CARTESIAN_POINT('',(-0.0151665344811755,0.054,0.000676381523296457));
#5941=CARTESIAN_POINT('',(-0.0151665344811755,0.0510000000000048,0.000676381523296457));
#5942=CARTESIAN_POINT('',(-0.0151297230328434,0.054,0.000720170000241839));
#5943=CARTESIAN_POINT('',(-0.0151297230328434,0.0510000000000048,0.000720170000241839));
#5944=CARTESIAN_POINT('',(-0.0150999827731955,0.054,0.000754331476544657));
#5945=CARTESIAN_POINT('',(-0.0150999827731955,0.0510000000000048,0.000754331476544657));
#5946=CARTESIAN_POINT('',(-0.0150775314642863,0.054,0.000779519633371553));
#5947=CARTESIAN_POINT('',(-0.0150775314642863,0.0510000000000048,0.000779519633371553));
#5948=CARTESIAN_POINT('',(-0.0150539922675165,0.054,0.000805300428845211));
#5949=CARTESIAN_POINT('',(-0.0150539922675165,0.0510000000000048,0.000805300428845211));
#5950=CARTESIAN_POINT('',(-0.0150280611989483,0.054,0.000833040336013639));
#5951=CARTESIAN_POINT('',(-0.0150280611989483,0.0510000000000048,0.000833040336013639));
#5952=CARTESIAN_POINT('',(-0.0150002002127889,0.054,0.000862153041815442));
#5953=CARTESIAN_POINT('',(-0.0150002002127889,0.0510000000000048,0.000862153041815442));
#5954=CARTESIAN_POINT('',(-0.0149607509365798,0.054,0.000902447334887166));
#5955=CARTESIAN_POINT('',(-0.0149607509365798,0.0510000000000048,0.000902447334887166));
#5956=CARTESIAN_POINT('',(-0.0149167796766662,0.054,0.000945917580317384));
#5957=CARTESIAN_POINT('',(-0.0149167796766662,0.0510000000000048,0.000945917580317384));
#5958=CARTESIAN_POINT('',(-0.0148668801755919,0.054,0.000993666075124327));
#5959=CARTESIAN_POINT('',(-0.0148668801755919,0.0510000000000048,0.000993666075124327));
#5960=CARTESIAN_POINT('',(-0.0148262262970019,0.054,0.00103177996773033));
#5961=CARTESIAN_POINT('',(-0.0148262262970019,0.0510000000000048,0.00103177996773033));
#5962=CARTESIAN_POINT('',(-0.0147830563201795,0.054,0.0010714659920886));
#5963=CARTESIAN_POINT('',(-0.0147830563201795,0.0510000000000048,0.0010714659920886));
#5964=CARTESIAN_POINT('',(-0.0147382522361126,0.054,0.00111185887851666));
#5965=CARTESIAN_POINT('',(-0.0147382522361126,0.0510000000000048,0.00111185887851666));
#5966=CARTESIAN_POINT('',(-0.0146915910072129,0.054,0.00115312439518487));
#5967=CARTESIAN_POINT('',(-0.0146915910072129,0.0510000000000048,0.00115312439518487));
#5968=CARTESIAN_POINT('',(-0.0146267420888352,0.054,0.00120938042529813));
#5969=CARTESIAN_POINT('',(-0.0146267420888352,0.0510000000000048,0.00120938042529813));
#5970=CARTESIAN_POINT('',(-0.0145421639581094,0.054,0.00128069662949033));
#5971=CARTESIAN_POINT('',(-0.0145421639581094,0.0510000000000048,0.00128069662949033));
#5972=CARTESIAN_POINT('',(-0.0144359741160082,0.054,0.00136678991148896));
#5973=CARTESIAN_POINT('',(-0.0144359741160082,0.0510000000000048,0.00136678991148896));
#5974=CARTESIAN_POINT('',(-0.0143446232072427,0.054,0.00143793338033577));
#5975=CARTESIAN_POINT('',(-0.0143446232072427,0.0510000000000048,0.00143793338033577));
#5976=CARTESIAN_POINT('',(-0.0142708722081973,0.054,0.00149357422980967));
#5977=CARTESIAN_POINT('',(-0.0142708722081973,0.0510000000000048,0.00149357422980967));
#5978=CARTESIAN_POINT('',(-0.0142151567495704,0.054,0.00153470309434647));
#5979=CARTESIAN_POINT('',(-0.0142151567495704,0.0510000000000048,0.00153470309434647));
#5980=CARTESIAN_POINT('',(-0.014159550447806,0.054,0.00157483674662692));
#5981=CARTESIAN_POINT('',(-0.014159550447806,0.0510000000000048,0.00157483674662692));
#5982=CARTESIAN_POINT('',(-0.0141045383716204,0.054,0.00161362372484555));
#5983=CARTESIAN_POINT('',(-0.0141045383716204,0.0510000000000048,0.00161362372484555));
#5984=CARTESIAN_POINT('',(-0.0140581461356581,0.054,0.00164554520341871));
#5985=CARTESIAN_POINT('',(-0.0140581461356581,0.0510000000000048,0.00164554520341871));
#5986=CARTESIAN_POINT('',(-0.0140214065134343,0.054,0.00167035658369827));
#5987=CARTESIAN_POINT('',(-0.0140214065134343,0.0510000000000048,0.00167035658369827));
#5988=CARTESIAN_POINT('',(-0.0139839181779762,0.054,0.00169536283242981));
#5989=CARTESIAN_POINT('',(-0.0139839181779762,0.0510000000000048,0.00169536283242981));
#5990=CARTESIAN_POINT('',(-0.0139363930989915,0.054,0.00172648401184374));
#5991=CARTESIAN_POINT('',(-0.0139363930989915,0.0510000000000048,0.00172648401184374));
#5992=CARTESIAN_POINT('',(-0.0138591323084267,0.054,0.00177585874994945));
#5993=CARTESIAN_POINT('',(-0.0138591323084267,0.0510000000000048,0.00177585874994945));
#5994=CARTESIAN_POINT('',(-0.013720499637557,0.054,0.00186130594651472));
#5995=CARTESIAN_POINT('',(-0.013720499637557,0.0510000000000048,0.00186130594651472));
#5996=CARTESIAN_POINT('',(-0.0135130888056888,0.054,0.0019803589856987));
#5997=CARTESIAN_POINT('',(-0.0135130888056888,0.0510000000000048,0.0019803589856987));
#5998=CARTESIAN_POINT('',(-0.0132951045737762,0.054,0.00209442579252296));
#5999=CARTESIAN_POINT('',(-0.0132951045737762,0.0510000000000048,0.00209442579252296));
#6000=CARTESIAN_POINT('',(-0.0131150300413839,0.054,0.00218247919905444));
#6001=CARTESIAN_POINT('',(-0.0131150300413839,0.0510000000000048,0.00218247919905444));
#6002=CARTESIAN_POINT('',(-0.0129771863423531,0.054,0.00224693000216795));
#6003=CARTESIAN_POINT('',(-0.0129771863423531,0.0510000000000048,0.00224693000216795));
#6004=CARTESIAN_POINT('',(-0.0128611904005031,0.054,0.00229881044763248));
#6005=CARTESIAN_POINT('',(-0.0128611904005031,0.0510000000000048,0.00229881044763248));
#6006=CARTESIAN_POINT('',(-0.0127674257100829,0.054,0.00233936876327329));
#6007=CARTESIAN_POINT('',(-0.0127674257100829,0.0510000000000048,0.00233936876327329));
#6008=CARTESIAN_POINT('',(-0.0126741905950367,0.054,0.00237878429177312));
#6009=CARTESIAN_POINT('',(-0.0126741905950367,0.0510000000000048,0.00237878429177312));
#6010=CARTESIAN_POINT('',(-0.0125579679696995,0.054,0.00242621045447692));
#6011=CARTESIAN_POINT('',(-0.0125579679696995,0.0510000000000048,0.00242621045447692));
#6012=CARTESIAN_POINT('',(-0.0124191912989066,0.054,0.0024801128080634));
#6013=CARTESIAN_POINT('',(-0.0124191912989066,0.0510000000000048,0.0024801128080634));
#6014=CARTESIAN_POINT('',(-0.0122815210962047,0.054,0.00253087221597819));
#6015=CARTESIAN_POINT('',(-0.0122815210962047,0.0510000000000048,0.00253087221597819));
#6016=CARTESIAN_POINT('',(-0.0121454652916403,0.054,0.00257833050640234));
#6017=CARTESIAN_POINT('',(-0.0121454652916403,0.0510000000000048,0.00257833050640234));
#6018=CARTESIAN_POINT('',(-0.0120112356672154,0.054,0.00262245174868938));
#6019=CARTESIAN_POINT('',(-0.0120112356672154,0.0510000000000048,0.00262245174868938));
#6020=CARTESIAN_POINT('',(-0.011901399070266,0.054,0.00265631338274608));
#6021=CARTESIAN_POINT('',(-0.011901399070266,0.0510000000000048,0.00265631338274608));
#6022=CARTESIAN_POINT('',(-0.0118148447353971,0.054,0.00268165509976972));
#6023=CARTESIAN_POINT('',(-0.0118148447353971,0.0510000000000048,0.00268165509976972));
#6024=CARTESIAN_POINT('',(-0.0117612443935136,0.054,0.00269678656479757));
#6025=CARTESIAN_POINT('',(-0.0117612443935136,0.0510000000000048,0.00269678656479757));
#6026=CARTESIAN_POINT('',(-0.011718851181553,0.054,0.00270841804199059));
#6027=CARTESIAN_POINT('',(-0.011718851181553,0.0510000000000048,0.00270841804199059));
#6028=CARTESIAN_POINT('',(-0.0116772115667287,0.054,0.00271962067292594));
#6029=CARTESIAN_POINT('',(-0.0116772115667287,0.0510000000000048,0.00271962067292594));
#6030=CARTESIAN_POINT('',(-0.0116242938943512,0.054,0.002733429958664));
#6031=CARTESIAN_POINT('',(-0.0116242938943512,0.0510000000000048,0.002733429958664));
#6032=CARTESIAN_POINT('',(-0.0115610733838919,0.054,0.00274926381061709));
#6033=CARTESIAN_POINT('',(-0.0115610733838919,0.0510000000000048,0.00274926381061709));
#6034=CARTESIAN_POINT('',(-0.0114739495378578,0.054,0.00277023580384812));
#6035=CARTESIAN_POINT('',(-0.0114739495378578,0.0510000000000048,0.00277023580384812));
#6036=CARTESIAN_POINT('',(-0.0113612247187156,0.054,0.00279584906233605));
#6037=CARTESIAN_POINT('',(-0.0113612247187156,0.0510000000000048,0.00279584906233605));
#6038=CARTESIAN_POINT('',(-0.0112209626451112,0.054,0.00282557183623463));
#6039=CARTESIAN_POINT('',(-0.0112209626451112,0.0510000000000048,0.00282557183623463));
#6040=CARTESIAN_POINT('',(-0.0110750646061909,0.054,0.00285464357591207));
#6041=CARTESIAN_POINT('',(-0.0110750646061909,0.0510000000000048,0.00285464357591207));
#6042=CARTESIAN_POINT('',(-0.0109232115362708,0.054,0.00288343174504439));
#6043=CARTESIAN_POINT('',(-0.0109232115362708,0.0510000000000048,0.00288343174504439));
#6044=CARTESIAN_POINT('',(-0.0107923962885958,0.054,0.00290733274838761));
#6045=CARTESIAN_POINT('',(-0.0107923962885958,0.0510000000000048,0.00290733274838761));
#6046=CARTESIAN_POINT('',(-0.0106847035442623,0.054,0.00292669734265562));
#6047=CARTESIAN_POINT('',(-0.0106847035442623,0.0510000000000048,0.00292669734265562));
#6048=CARTESIAN_POINT('',(-0.0106025692160997,0.054,0.00294137281682498));
#6049=CARTESIAN_POINT('',(-0.0106025692160997,0.0510000000000048,0.00294137281682498));
#6050=CARTESIAN_POINT('',(-0.0105328249494894,0.054,0.00295381095792188));
#6051=CARTESIAN_POINT('',(-0.0105328249494894,0.0510000000000048,0.00295381095792188));
#6052=CARTESIAN_POINT('',(-0.0104764780584515,0.054,0.00296387967887881));
#6053=CARTESIAN_POINT('',(-0.0104764780584515,0.0510000000000048,0.00296387967887881));
#6054=CARTESIAN_POINT('',(-0.0104334092960132,0.054,0.00297159546647477));
#6055=CARTESIAN_POINT('',(-0.0104334092960132,0.0510000000000048,0.00297159546647477));
#6056=CARTESIAN_POINT('',(-0.0103907129411161,0.054,0.00297927396155061));
#6057=CARTESIAN_POINT('',(-0.0103907129411161,0.0510000000000048,0.00297927396155061));
#6058=CARTESIAN_POINT('',(-0.0103350000377568,0.054,0.00298932121035914));
#6059=CARTESIAN_POINT('',(-0.0103350000377568,0.0510000000000048,0.00298932121035914));
#6060=CARTESIAN_POINT('',(-0.0102678009312797,0.054,0.00300146143082049));
#6061=CARTESIAN_POINT('',(-0.0102678009312797,0.0510000000000048,0.00300146143082049));
#6062=CARTESIAN_POINT('',(-0.0101906126267148,0.054,0.0030153551829469));
#6063=CARTESIAN_POINT('',(-0.0101906126267148,0.0510000000000048,0.0030153551829469));
#6064=CARTESIAN_POINT('',(-0.0100919349040523,0.054,0.00303294387326418));
#6065=CARTESIAN_POINT('',(-0.0100919349040523,0.0510000000000048,0.00303294387326418));
#6066=CARTESIAN_POINT('',(-0.00999907127719629,0.054,0.00304909052165312));
#6067=CARTESIAN_POINT('',(-0.00999907127719629,0.0510000000000048,0.00304909052165312));
#6068=CARTESIAN_POINT('',(-0.00990992882594431,0.054,0.00306394961125156));
#6069=CARTESIAN_POINT('',(-0.00990992882594431,0.0510000000000048,0.00306394961125156));
#6070=CARTESIAN_POINT('',(-0.00984500074931886,0.054,0.00307439830151388));
#6071=CARTESIAN_POINT('',(-0.00984500074931886,0.0510000000000048,0.00307439830151388));
#6072=CARTESIAN_POINT('',(-0.00978069575346515,0.054,0.00308432215757472));
#6073=CARTESIAN_POINT('',(-0.00978069575346515,0.0510000000000048,0.00308432215757472));
#6074=CARTESIAN_POINT('',(-0.00971620497091498,0.054,0.00309380936768744));
#6075=CARTESIAN_POINT('',(-0.00971620497091498,0.0510000000000048,0.00309380936768744));
#6076=CARTESIAN_POINT('',(-0.0096513651104685,0.054,0.00310284183804268));
#6077=CARTESIAN_POINT('',(-0.0096513651104685,0.0510000000000048,0.00310284183804268));
#6078=CARTESIAN_POINT('',(-0.00958621023732142,0.054,0.00311137913908843));
#6079=CARTESIAN_POINT('',(-0.00958621023732142,0.0510000000000048,0.00311137913908843));
#6080=CARTESIAN_POINT('',(-0.00951955176987249,0.054,0.00311953037425098));
#6081=CARTESIAN_POINT('',(-0.00951955176987249,0.0510000000000048,0.00311953037425098));
#6082=CARTESIAN_POINT('',(-0.00945043614258025,0.054,0.00312736516521061));
#6083=CARTESIAN_POINT('',(-0.00945043614258025,0.0510000000000048,0.00312736516521061));
#6084=CARTESIAN_POINT('',(-0.0093906106123439,0.054,0.00313360167528326));
#6085=CARTESIAN_POINT('',(-0.0093906106123439,0.0510000000000048,0.00313360167528326));
#6086=CARTESIAN_POINT('',(-0.00934107410757321,0.054,0.00313842152457798));
#6087=CARTESIAN_POINT('',(-0.00934107410757321,0.0510000000000048,0.00313842152457798));
#6088=CARTESIAN_POINT('',(-0.00929092898158572,0.054,0.00314307053613711));
#6089=CARTESIAN_POINT('',(-0.00929092898158572,0.0510000000000048,0.00314307053613711));
#6090=CARTESIAN_POINT('',(-0.00922443445448565,0.054,0.00314878359712115));
#6091=CARTESIAN_POINT('',(-0.00922443445448565,0.0510000000000048,0.00314878359712115));
#6092=CARTESIAN_POINT('',(-0.00913949800022525,0.054,0.00315534555934555));
#6093=CARTESIAN_POINT('',(-0.00913949800022525,0.0510000000000048,0.00315534555934555));
#6094=CARTESIAN_POINT('',(-0.00904788035526453,0.054,0.00316171485462479));
#6095=CARTESIAN_POINT('',(-0.00904788035526453,0.0510000000000048,0.00316171485462479));
#6096=CARTESIAN_POINT('',(-0.00891842729649445,0.054,0.0031697965890979));
#6097=CARTESIAN_POINT('',(-0.00891842729649445,0.0510000000000048,0.0031697965890979));
#6098=CARTESIAN_POINT('',(-0.00874293352023226,0.054,0.00317911060660706));
#6099=CARTESIAN_POINT('',(-0.00874293352023226,0.0510000000000048,0.00317911060660706));
#6100=CARTESIAN_POINT('',(-0.00843479033427162,0.054,0.00319219837255321));
#6101=CARTESIAN_POINT('',(-0.00843479033427162,0.0510000000000048,0.00319219837255321));
#6102=CARTESIAN_POINT('',(-0.00800246510138995,0.054,0.00320509743313065));
#6103=CARTESIAN_POINT('',(-0.00800246510138995,0.0510000000000048,0.00320509743313065));
#6104=CARTESIAN_POINT('',(-0.00741522701031792,0.054,0.00321573539128542));
#6105=CARTESIAN_POINT('',(-0.00741522701031792,0.0510000000000048,0.00321573539128542));
#6106=CARTESIAN_POINT('',(-0.0067659205919002,0.054,0.00322269074411366));
#6107=CARTESIAN_POINT('',(-0.0067659205919002,0.0510000000000048,0.00322269074411366));
#6108=CARTESIAN_POINT('',(-0.00617702395686701,0.054,0.00322657868791492));
#6109=CARTESIAN_POINT('',(-0.00617702395686701,0.0510000000000048,0.00322657868791492));
#6110=CARTESIAN_POINT('',(-0.00567926331035163,0.054,0.00322929039299922));
#6111=CARTESIAN_POINT('',(-0.00567926331035163,0.0510000000000048,0.00322929039299922));
#6112=CARTESIAN_POINT('',(-0.00516388027164664,0.054,0.00323199672179741));
#6113=CARTESIAN_POINT('',(-0.00516388027164664,0.0510000000000048,0.00323199672179741));
#6114=CARTESIAN_POINT('',(-0.00448994884762887,0.054,0.00323596167938045));
#6115=CARTESIAN_POINT('',(-0.00448994884762887,0.0510000000000048,0.00323596167938045));
#6116=CARTESIAN_POINT('',(-0.00364632636799787,0.054,0.0032415480665224));
#6117=CARTESIAN_POINT('',(-0.00364632636799787,0.0510000000000048,0.0032415480665224));
#6118=CARTESIAN_POINT('',(-0.00277467924760689,0.054,0.00324749664694021));
#6119=CARTESIAN_POINT('',(-0.00277467924760689,0.0510000000000048,0.00324749664694021));
#6120=CARTESIAN_POINT('',(-0.00158629266840372,0.054,0.00325541479979025));
#6121=CARTESIAN_POINT('',(-0.00158629266840372,0.0510000000000048,0.00325541479979025));
#6122=CARTESIAN_POINT('',(-7.15826131146192E-5,0.054,0.00326429926295288));
#6123=CARTESIAN_POINT('',(-7.15826131146192E-5,0.0510000000000048,0.00326429926295288));
#6124=CARTESIAN_POINT('',(0.00142757415687654,0.054,0.00326924064751804));
#6125=CARTESIAN_POINT('',(0.00142757415687654,0.0510000000000048,0.00326924064751804));
#6126=CARTESIAN_POINT('',(0.002584469379093,0.054,0.0032692833230928));
#6127=CARTESIAN_POINT('',(0.002584469379093,0.0510000000000048,0.0032692833230928));
#6128=CARTESIAN_POINT('',(0.00328263230609331,0.054,0.00326737034625852));
#6129=CARTESIAN_POINT('',(0.00328263230609331,0.0510000000000048,0.00326737034625852));
#6130=CARTESIAN_POINT('',(0.00382205599189336,0.054,0.00326447943761773));
#6131=CARTESIAN_POINT('',(0.00382205599189336,0.0510000000000048,0.00326447943761773));
#6132=CARTESIAN_POINT('',(0.00434852607391957,0.054,0.00326066180393237));
#6133=CARTESIAN_POINT('',(0.00434852607391957,0.0510000000000048,0.00326066180393237));
#6134=CARTESIAN_POINT('',(0.00523974690538481,0.054,0.00325172664568929));
#6135=CARTESIAN_POINT('',(0.00523974690538481,0.0510000000000048,0.00325172664568929));
#6136=CARTESIAN_POINT('',(0.00643578057195124,0.054,0.00323339514450218));
#6137=CARTESIAN_POINT('',(0.00643578057195124,0.0510000000000048,0.00323339514450218));
#6138=CARTESIAN_POINT('',(0.00755832028967465,0.054,0.00320995138813167));
#6139=CARTESIAN_POINT('',(0.00755832028967465,0.0510000000000048,0.00320995138813167));
#6140=CARTESIAN_POINT('',(0.00842933757106815,0.054,0.0031895060859384));
#6141=CARTESIAN_POINT('',(0.00842933757106815,0.0510000000000048,0.0031895060859384));
#6142=CARTESIAN_POINT('',(0.00896599140365773,0.054,0.00317631313997013));
#6143=CARTESIAN_POINT('',(0.00896599140365773,0.0510000000000048,0.00317631313997013));
#6144=CARTESIAN_POINT('',(0.00939283158342781,0.054,0.00316568579100691));
#6145=CARTESIAN_POINT('',(0.00939283158342781,0.0510000000000048,0.00316568579100691));
#6146=CARTESIAN_POINT('',(0.00981821481002166,0.054,0.00315507658525659));
#6147=CARTESIAN_POINT('',(0.00981821481002166,0.0510000000000048,0.00315507658525659));
#6148=CARTESIAN_POINT('',(0.0105553150211916,0.054,0.00313663893407453));
#6149=CARTESIAN_POINT('',(0.0105553150211916,0.0510000000000048,0.00313663893407453));
#6150=CARTESIAN_POINT('',(0.0113719297851346,0.054,0.00311610476726824));
#6151=CARTESIAN_POINT('',(0.0113719297851346,0.0510000000000048,0.00311610476726824));
#6152=CARTESIAN_POINT('',(0.0121428257667039,0.054,0.00309663390214166));
#6153=CARTESIAN_POINT('',(0.0121428257667039,0.0510000000000048,0.00309663390214166));
#6154=CARTESIAN_POINT('',(0.0126016593483183,0.054,0.00308501022056771));
#6155=CARTESIAN_POINT('',(0.0126016593483183,0.0510000000000048,0.00308501022056771));
#6156=CARTESIAN_POINT('',(0.0129084069110827,0.054,0.00307722553637233));
#6157=CARTESIAN_POINT('',(0.0129084069110827,0.0510000000000048,0.00307722553637233));
#6158=CARTESIAN_POINT('',(0.0130792953051225,0.054,0.0030728804539288));
#6159=CARTESIAN_POINT('',(0.0130792953051225,0.0510000000000048,0.0030728804539288));
#6160=CARTESIAN_POINT('',(0.0132477619944012,0.054,0.00306859746905878));
#6161=CARTESIAN_POINT('',(0.0132477619944012,0.0510000000000048,0.00306859746905878));
#6162=CARTESIAN_POINT('',(0.0134508702168973,0.054,0.00306344580850563));
#6163=CARTESIAN_POINT('',(0.0134508702168973,0.0510000000000048,0.00306344580850563));
#6164=CARTESIAN_POINT('',(0.0136824222528797,0.054,0.00305738640635185));
#6165=CARTESIAN_POINT('',(0.0136824222528797,0.0510000000000048,0.00305738640635185));
#6166=CARTESIAN_POINT('',(0.0139009014051758,0.054,0.00305113628605036));
#6167=CARTESIAN_POINT('',(0.0139009014051758,0.0510000000000048,0.00305113628605036));
#6168=CARTESIAN_POINT('',(0.0141085114205039,0.054,0.00304435847826319));
#6169=CARTESIAN_POINT('',(0.0141085114205039,0.0510000000000048,0.00304435847826319));
#6170=CARTESIAN_POINT('',(0.0143057695861146,0.054,0.00303678844903088));
#6171=CARTESIAN_POINT('',(0.0143057695861146,0.0510000000000048,0.00303678844903088));
#6172=CARTESIAN_POINT('',(0.014494133712531,0.054,0.00302815012856737));
#6173=CARTESIAN_POINT('',(0.014494133712531,0.0510000000000048,0.00302815012856737));
#6174=CARTESIAN_POINT('',(0.0146755161897048,0.054,0.00301817996281626));
#6175=CARTESIAN_POINT('',(0.0146755161897048,0.0510000000000048,0.00301817996281626));
#6176=CARTESIAN_POINT('',(0.0148218046827238,0.054,0.0030085778242648));
#6177=CARTESIAN_POINT('',(0.0148218046827238,0.0510000000000048,0.0030085778242648));
#6178=CARTESIAN_POINT('',(0.0149371058015021,0.054,0.00299997075024227));
#6179=CARTESIAN_POINT('',(0.0149371058015021,0.0510000000000048,0.00299997075024227));
#6180=CARTESIAN_POINT('',(0.0150230811372698,0.054,0.00299300928089413));
#6181=CARTESIAN_POINT('',(0.0150230811372698,0.0510000000000048,0.00299300928089413));
#6182=CARTESIAN_POINT('',(0.0151085537141499,0.054,0.00298552338139884));
#6183=CARTESIAN_POINT('',(0.0151085537141499,0.0510000000000048,0.00298552338139884));
#6184=CARTESIAN_POINT('',(0.0151932625308967,0.054,0.00297752283884513));
#6185=CARTESIAN_POINT('',(0.0151932625308967,0.0510000000000048,0.00297752283884513));
#6186=CARTESIAN_POINT('',(0.0152791086437311,0.054,0.00296880129199658));
#6187=CARTESIAN_POINT('',(0.0152791086437311,0.0510000000000048,0.00296880129199658));
#6188=CARTESIAN_POINT('',(0.0153658911048459,0.054,0.00295937078220836));
#6189=CARTESIAN_POINT('',(0.0153658911048459,0.0510000000000048,0.00295937078220836));
#6190=CARTESIAN_POINT('',(0.0154531662989803,0.054,0.0029492665328417));
#6191=CARTESIAN_POINT('',(0.0154531662989803,0.0510000000000048,0.0029492665328417));
#6192=CARTESIAN_POINT('',(0.0155424641620717,0.054,0.00293831704379273));
#6193=CARTESIAN_POINT('',(0.0155424641620717,0.0510000000000048,0.00293831704379273));
#6194=CARTESIAN_POINT('',(0.0156331138972006,0.054,0.00292660166602009));
#6195=CARTESIAN_POINT('',(0.0156331138972006,0.0510000000000048,0.00292660166602009));
#6196=CARTESIAN_POINT('',(0.0157552857721943,0.054,0.00291002532330127));
#6197=CARTESIAN_POINT('',(0.0157552857721943,0.0510000000000048,0.00291002532330127));
#6198=CARTESIAN_POINT('',(0.0159728138507254,0.054,0.00287846893048603));
#6199=CARTESIAN_POINT('',(0.0159728138507254,0.0510000000000048,0.00287846893048603));
#6200=CARTESIAN_POINT('',(0.0162921072641785,0.054,0.00282645373565657));
#6201=CARTESIAN_POINT('',(0.0162921072641785,0.0510000000000048,0.00282645373565657));
#6202=CARTESIAN_POINT('',(0.0166833551530421,0.054,0.00275403287787205));
#6203=CARTESIAN_POINT('',(0.0166833551530421,0.0510000000000048,0.00275403287787205));
#6204=CARTESIAN_POINT('',(0.0170111877811352,0.054,0.00268648851504162));
#6205=CARTESIAN_POINT('',(0.0170111877811352,0.0510000000000048,0.00268648851504162));
#6206=CARTESIAN_POINT('',(0.0172398306571444,0.054,0.00263591747718395));
#6207=CARTESIAN_POINT('',(0.0172398306571444,0.0510000000000048,0.00263591747718395));
#6208=CARTESIAN_POINT('',(0.0173692339613839,0.054,0.00260632088263108));
#6209=CARTESIAN_POINT('',(0.0173692339613839,0.0510000000000048,0.00260632088263108));
#6210=CARTESIAN_POINT('',(0.0174964218138569,0.054,0.00257654433133875));
#6211=CARTESIAN_POINT('',(0.0174964218138569,0.0510000000000048,0.00257654433133875));
#6212=CARTESIAN_POINT('',(0.01765241374563,0.054,0.00253867699008245));
#6213=CARTESIAN_POINT('',(0.01765241374563,0.0510000000000048,0.00253867699008245));
#6214=CARTESIAN_POINT('',(0.0178953504349371,0.054,0.00247657809697091));
#6215=CARTESIAN_POINT('',(0.0178953504349371,0.0510000000000048,0.00247657809697091));
#6216=CARTESIAN_POINT('',(0.0181866461857001,0.054,0.00239580527980103));
#6217=CARTESIAN_POINT('',(0.0181866461857001,0.0510000000000048,0.00239580527980103));
#6218=CARTESIAN_POINT('',(0.0184631330724415,0.054,0.00230967135172958));
#6219=CARTESIAN_POINT('',(0.0184631330724415,0.0510000000000048,0.00230967135172958));
#6220=CARTESIAN_POINT('',(0.0186760140888076,0.054,0.00223705194553894));
#6221=CARTESIAN_POINT('',(0.0186760140888076,0.0510000000000048,0.00223705194553894));
#6222=CARTESIAN_POINT('',(0.0188062122520535,0.054,0.0021898444565944));
#6223=CARTESIAN_POINT('',(0.0188062122520535,0.0510000000000048,0.0021898444565944));
#6224=CARTESIAN_POINT('',(0.0189084850008956,0.054,0.00215101695096683));
#6225=CARTESIAN_POINT('',(0.0189084850008956,0.0510000000000048,0.00215101695096683));
#6226=CARTESIAN_POINT('',(0.0189840844484678,0.054,0.0021214224927917));
#6227=CARTESIAN_POINT('',(0.0189840844484678,0.0510000000000048,0.0021214224927917));
#6228=CARTESIAN_POINT('',(0.0190471468438364,0.054,0.00209596652312274));
#6229=CARTESIAN_POINT('',(0.0190471468438364,0.0510000000000048,0.00209596652312274));
#6230=CARTESIAN_POINT('',(0.0190971327549934,0.054,0.00207532535443005));
#6231=CARTESIAN_POINT('',(0.0190971327549934,0.0510000000000048,0.00207532535443005));
#6232=CARTESIAN_POINT('',(0.0191478668807179,0.054,0.00205406711970674));
#6233=CARTESIAN_POINT('',(0.0191478668807179,0.0510000000000048,0.00205406711970674));
#6234=CARTESIAN_POINT('',(0.0192116200326981,0.054,0.00202678127094039));
#6235=CARTESIAN_POINT('',(0.0192116200326981,0.0510000000000048,0.00202678127094039));
#6236=CARTESIAN_POINT('',(0.019314120331054,0.054,0.00198171338243607));
#6237=CARTESIAN_POINT('',(0.019314120331054,0.0510000000000048,0.00198171338243607));
#6238=CARTESIAN_POINT('',(0.0194430080539007,0.054,0.00192282961269715));
#6239=CARTESIAN_POINT('',(0.0194430080539007,0.0510000000000048,0.00192282961269715));
#6240=CARTESIAN_POINT('',(0.0195964159832634,0.054,0.00184936039899259));
#6241=CARTESIAN_POINT('',(0.0195964159832634,0.0510000000000048,0.00184936039899259));
#6242=CARTESIAN_POINT('',(0.0197473275556023,0.054,0.00177381554369099));
#6243=CARTESIAN_POINT('',(0.0197473275556023,0.0510000000000048,0.00177381554369099));
#6244=CARTESIAN_POINT('',(0.0198938423322606,0.054,0.00169735340619401));
#6245=CARTESIAN_POINT('',(0.0198938423322606,0.0510000000000048,0.00169735340619401));
#6246=CARTESIAN_POINT('',(0.0200341065521676,0.054,0.00162112254701948));
#6247=CARTESIAN_POINT('',(0.0200341065521676,0.0510000000000048,0.00162112254701948));
#6248=CARTESIAN_POINT('',(0.0201667182511663,0.054,0.00154614142569695));
#6249=CARTESIAN_POINT('',(0.0201667182511663,0.0510000000000048,0.00154614142569695));
#6250=CARTESIAN_POINT('',(0.0202690555455882,0.054,0.00148591523670111));
#6251=CARTESIAN_POINT('',(0.0202690555455882,0.0510000000000048,0.00148591523670111));
#6252=CARTESIAN_POINT('',(0.0203449027780587,0.054,0.00143992069413881));
#6253=CARTESIAN_POINT('',(0.0203449027780587,0.0510000000000048,0.00143992069413881));
#6254=CARTESIAN_POINT('',(0.0203987730593593,0.054,0.00140656173167599));
#6255=CARTESIAN_POINT('',(0.0203987730593593,0.0510000000000048,0.00140656173167599));
#6256=CARTESIAN_POINT('',(0.0204487829720992,0.054,0.0013749200737454));
#6257=CARTESIAN_POINT('',(0.0204487829720992,0.0510000000000048,0.0013749200737454));
#6258=CARTESIAN_POINT('',(0.0204943338118821,0.054,0.00134543939792453));
#6259=CARTESIAN_POINT('',(0.0204943338118821,0.0510000000000048,0.00134543939792453));
#6260=CARTESIAN_POINT('',(0.0205360892431023,0.054,0.0013177524848938));
#6261=CARTESIAN_POINT('',(0.0205360892431023,0.0510000000000048,0.0013177524848938));
#6262=CARTESIAN_POINT('',(0.0205755662185605,0.054,0.00129091645957043));
#6263=CARTESIAN_POINT('',(0.0205755662185605,0.0510000000000048,0.00129091645957043));
#6264=CARTESIAN_POINT('',(0.0206061123478146,0.054,0.00126960664484982));
#6265=CARTESIAN_POINT('',(0.0206061123478146,0.0510000000000048,0.00126960664484982));
#6266=CARTESIAN_POINT('',(0.0206292181408904,0.054,0.00125316801001518));
#6267=CARTESIAN_POINT('',(0.0206292181408904,0.0510000000000048,0.00125316801001518));
#6268=CARTESIAN_POINT('',(0.0206457174862689,0.054,0.00124127094691726));
#6269=CARTESIAN_POINT('',(0.0206457174862689,0.0510000000000048,0.00124127094691726));
#6270=CARTESIAN_POINT('',(0.0206619701409352,0.054,0.00122939175337389));
#6271=CARTESIAN_POINT('',(0.0206619701409352,0.0510000000000048,0.00122939175337389));
#6272=CARTESIAN_POINT('',(0.0206840375346941,0.054,0.00121304442620224));
#6273=CARTESIAN_POINT('',(0.0206840375346941,0.0510000000000048,0.00121304442620224));
#6274=CARTESIAN_POINT('',(0.0207118546585324,0.054,0.00119202464971896));
#6275=CARTESIAN_POINT('',(0.0207118546585324,0.0510000000000048,0.00119202464971896));
#6276=CARTESIAN_POINT('',(0.0207454966043593,0.054,0.00116592876192244));
#6277=CARTESIAN_POINT('',(0.0207454966043593,0.0510000000000048,0.00116592876192244));
#6278=CARTESIAN_POINT('',(0.0207785007896887,0.054,0.00113966901459835));
#6279=CARTESIAN_POINT('',(0.0207785007896887,0.0510000000000048,0.00113966901459835));
#6280=CARTESIAN_POINT('',(0.0208124033009399,0.054,0.00111201423400869));
#6281=CARTESIAN_POINT('',(0.0208124033009399,0.0510000000000048,0.00111201423400869));
#6282=CARTESIAN_POINT('',(0.0208491258840324,0.054,0.00108134749284786));
#6283=CARTESIAN_POINT('',(0.0208491258840324,0.0510000000000048,0.00108134749284786));
#6284=CARTESIAN_POINT('',(0.0208881021136699,0.054,0.00104806790166309));
#6285=CARTESIAN_POINT('',(0.0208881021136699,0.0510000000000048,0.00104806790166309));
#6286=CARTESIAN_POINT('',(0.0209226184457213,0.054,0.00101798681669211));
#6287=CARTESIAN_POINT('',(0.0209226184457213,0.0510000000000048,0.00101798681669211));
#6288=CARTESIAN_POINT('',(0.0209518220218226,0.054,0.000992167181900708));
#6289=CARTESIAN_POINT('',(0.0209518220218226,0.0510000000000048,0.000992167181900708));
#6290=CARTESIAN_POINT('',(0.0209750516045471,0.054,0.000971444734141356));
#6291=CARTESIAN_POINT('',(0.0209750516045471,0.0510000000000048,0.000971444734141356));
#6292=CARTESIAN_POINT('',(0.0209984490784346,0.054,0.000950397476570817));
#6293=CARTESIAN_POINT('',(0.0209984490784346,0.0510000000000048,0.000950397476570817));
#6294=CARTESIAN_POINT('',(0.0210221429005959,0.054,0.000928904170128813));
#6295=CARTESIAN_POINT('',(0.0210221429005959,0.0510000000000048,0.000928904170128813));
#6296=CARTESIAN_POINT('',(0.0210466188385183,0.054,0.000906518747218019));
#6297=CARTESIAN_POINT('',(0.0210466188385183,0.0510000000000048,0.000906518747218019));
#6298=CARTESIAN_POINT('',(0.0210791678673457,0.054,0.000876496252867213));
#6299=CARTESIAN_POINT('',(0.0210791678673457,0.0510000000000048,0.000876496252867213));
#6300=CARTESIAN_POINT('',(0.0211200215379909,0.054,0.000838323916398522));
#6301=CARTESIAN_POINT('',(0.0211200215379909,0.0510000000000048,0.000838323916398522));
#6302=CARTESIAN_POINT('',(0.0211689840315331,0.054,0.000791730873379826));
#6303=CARTESIAN_POINT('',(0.0211689840315331,0.0510000000000048,0.000791730873379826));
#6304=CARTESIAN_POINT('',(0.0212346873947005,0.054,0.000728002798415887));
#6305=CARTESIAN_POINT('',(0.0212346873947005,0.0510000000000048,0.000728002798415887));
#6306=CARTESIAN_POINT('',(0.0213168149934548,0.054,0.000645939388486818));
#6307=CARTESIAN_POINT('',(0.0213168149934548,0.0510000000000048,0.000645939388486818));
#6308=CARTESIAN_POINT('',(0.0214140136302649,0.054,0.000544494234075403));
#6309=CARTESIAN_POINT('',(0.0214140136302649,0.0510000000000048,0.000544494234075403));
#6310=CARTESIAN_POINT('',(0.0215089120937233,0.054,0.00044063892543752));
#6311=CARTESIAN_POINT('',(0.0215089120937233,0.0510000000000048,0.00044063892543752));
#6312=CARTESIAN_POINT('',(0.0216003047819186,0.054,0.000335297757106759));
#6313=CARTESIAN_POINT('',(0.0216003047819186,0.0510000000000048,0.000335297757106759));
#6314=CARTESIAN_POINT('',(0.021687132373305,0.054,0.000229381370013243));
#6315=CARTESIAN_POINT('',(0.021687132373305,0.0510000000000048,0.000229381370013243));
#6316=CARTESIAN_POINT('',(0.0217548737170128,0.054,0.000141424323071451));
#6317=CARTESIAN_POINT('',(0.0217548737170128,0.0510000000000048,0.000141424323071451));
#6318=CARTESIAN_POINT('',(0.0218057219646126,0.054,7.19607700325545E-5));
#6319=CARTESIAN_POINT('',(0.0218057219646126,0.0510000000000048,7.19607700325545E-5));
#6320=CARTESIAN_POINT('',(0.0218362503806729,0.054,2.87132859723237E-5));
#6321=CARTESIAN_POINT('',(0.0218362503806729,0.0510000000000048,2.87132859723237E-5));
#6322=CARTESIAN_POINT('',(0.0218594572524378,0.054,-5.10242315448066E-6));
#6323=CARTESIAN_POINT('',(0.0218594572524378,0.0510000000000048,-5.10242315448066E-6));
#6324=CARTESIAN_POINT('',(0.0218738151714554,0.054,-2.64376081159095E-5));
#6325=CARTESIAN_POINT('',(0.0218738151714554,0.0510000000000048,-2.64376081159095E-5));
#6326=CARTESIAN_POINT('',(0.0218850232327714,0.054,-4.3343764923372E-5));
#6327=CARTESIAN_POINT('',(0.0218850232327714,0.0510000000000048,-4.3343764923372E-5));
#6328=CARTESIAN_POINT('',(0.0218965699055695,0.054,-6.09317332640248E-5));
#6329=CARTESIAN_POINT('',(0.0218965699055695,0.0510000000000048,-6.09317332640248E-5));
#6330=CARTESIAN_POINT('',(0.0219169001996266,0.054,-9.23533526808616E-5));
#6331=CARTESIAN_POINT('',(0.0219169001996266,0.0510000000000048,-9.23533526808616E-5));
#6332=CARTESIAN_POINT('',(0.0219466868667313,0.054,-0.000139698276016606));
#6333=CARTESIAN_POINT('',(0.0219466868667313,0.0510000000000048,-0.000139698276016606));
#6334=CARTESIAN_POINT('',(0.0219953559001566,0.054,-0.000219904313302961));
#6335=CARTESIAN_POINT('',(0.0219953559001566,0.0510000000000048,-0.000219904313302961));
#6336=CARTESIAN_POINT('',(0.0220571027287091,0.054,-0.000326986716545079));
#6337=CARTESIAN_POINT('',(0.0220571027287091,0.0510000000000048,-0.000326986716545079));
#6338=CARTESIAN_POINT('',(0.0221309058118726,0.054,-0.000463320284745304));
#6339=CARTESIAN_POINT('',(0.0221309058118726,0.0510000000000048,-0.000463320284745304));
#6340=CARTESIAN_POINT('',(0.0222025786876535,0.054,-0.000603661870351644));
#6341=CARTESIAN_POINT('',(0.0222025786876535,0.0510000000000048,-0.000603661870351644));
#6342=CARTESIAN_POINT('',(0.0222708242232501,0.054,-0.000744742444095396));
#6343=CARTESIAN_POINT('',(0.0222708242232501,0.0510000000000048,-0.000744742444095396));
#6344=CARTESIAN_POINT('',(0.0223344528089454,0.054,-0.000883184081246479));
#6345=CARTESIAN_POINT('',(0.0223344528089454,0.0510000000000048,-0.000883184081246479));
#6346=CARTESIAN_POINT('',(0.0223924539356073,0.054,-0.00101570322552434));
#6347=CARTESIAN_POINT('',(0.0223924539356073,0.0510000000000048,-0.00101570322552434));
#6348=CARTESIAN_POINT('',(0.0224310032694169,0.054,-0.00110806707392682));
#6349=CARTESIAN_POINT('',(0.0224310032694169,0.0510000000000048,-0.00110806707392682));
#6350=CARTESIAN_POINT('',(0.022454384607628,0.054,-0.00116568116097004));
#6351=CARTESIAN_POINT('',(0.022454384607628,0.0510000000000048,-0.00116568116097004));
#6352=CARTESIAN_POINT('',(0.0224655311733662,0.054,-0.00119347419453162));
#6353=CARTESIAN_POINT('',(0.0224655311733662,0.0510000000000048,-0.00119347419453162));
#6354=CARTESIAN_POINT('',(0.0224761776103658,0.054,-0.00122033502742781));
#6355=CARTESIAN_POINT('',(0.0224761776103658,0.0510000000000048,-0.00122033502742781));
#6356=CARTESIAN_POINT('',(0.0224866095421603,0.054,-0.00124697170054071));
#6357=CARTESIAN_POINT('',(0.0224866095421603,0.0510000000000048,-0.00124697170054071));
#6358=CARTESIAN_POINT('',(0.0224960997109748,0.054,-0.00127149282659691));
#6359=CARTESIAN_POINT('',(0.0224960997109748,0.0510000000000048,-0.00127149282659691));
#6360=CARTESIAN_POINT('',(0.02250470933065,0.054,-0.00129402965638686));
#6361=CARTESIAN_POINT('',(0.02250470933065,0.0510000000000048,-0.00129402965638686));
#6362=CARTESIAN_POINT('',(0.0225127887771181,0.054,-0.00131546944717045));
#6363=CARTESIAN_POINT('',(0.0225127887771181,0.0510000000000048,-0.00131546944717045));
#6364=CARTESIAN_POINT('',(0.022519764436369,0.054,-0.00133426917216696));
#6365=CARTESIAN_POINT('',(0.022519764436369,0.0510000000000048,-0.00133426917216696));
#6366=CARTESIAN_POINT('',(0.0225258845195949,0.054,-0.00135104044036472));
#6367=CARTESIAN_POINT('',(0.0225258845195949,0.0510000000000048,-0.00135104044036472));
#6368=CARTESIAN_POINT('',(0.0225313129262846,0.054,-0.0013661896718254));
#6369=CARTESIAN_POINT('',(0.0225313129262846,0.0510000000000048,-0.0013661896718254));
#6370=CARTESIAN_POINT('',(0.0225360783629055,0.054,-0.00137975467303226));
#6371=CARTESIAN_POINT('',(0.0225360783629055,0.0510000000000048,-0.00137975467303226));
#6372=CARTESIAN_POINT('',(0.0225400745716707,0.054,-0.00139137233288733));
#6373=CARTESIAN_POINT('',(0.0225400745716707,0.0510000000000048,-0.00139137233288733));
#6374=CARTESIAN_POINT('',(0.0225436027326035,0.054,-0.00140186271538257));
#6375=CARTESIAN_POINT('',(0.0225436027326035,0.0510000000000048,-0.00140186271538257));
#6376=CARTESIAN_POINT('',(0.0225468396250172,0.054,-0.00141171571042912));
#6377=CARTESIAN_POINT('',(0.0225468396250172,0.0510000000000048,-0.00141171571042912));
#6378=CARTESIAN_POINT('',(0.0225496889886166,0.054,-0.00142061497368277));
#6379=CARTESIAN_POINT('',(0.0225496889886166,0.0510000000000048,-0.00142061497368277));
#6380=CARTESIAN_POINT('',(0.0225519822948519,0.054,-0.00142796414503527));
#6381=CARTESIAN_POINT('',(0.0225519822948519,0.0510000000000048,-0.00142796414503527));
#6382=CARTESIAN_POINT('',(0.0225541327198473,0.054,-0.00143504273566038));
#6383=CARTESIAN_POINT('',(0.0225541327198473,0.0510000000000048,-0.00143504273566038));
#6384=CARTESIAN_POINT('',(0.0225564766492406,0.054,-0.00144297118287033));
#6385=CARTESIAN_POINT('',(0.0225564766492406,0.0510000000000048,-0.00144297118287033));
#6386=CARTESIAN_POINT('',(0.0225587959719393,0.054,-0.0014510523467618));
#6387=CARTESIAN_POINT('',(0.0225587959719393,0.0510000000000048,-0.0014510523467618));
#6388=CARTESIAN_POINT('',(0.0225609102674078,0.054,-0.00145863025079759));
#6389=CARTESIAN_POINT('',(0.0225609102674078,0.0510000000000048,-0.00145863025079759));
#6390=CARTESIAN_POINT('',(0.0225630945719095,0.054,-0.00146668882403107));
#6391=CARTESIAN_POINT('',(0.0225630945719095,0.0510000000000048,-0.00146668882403107));
#6392=CARTESIAN_POINT('',(0.0225656729842412,0.054,-0.00147647841754948));
#6393=CARTESIAN_POINT('',(0.0225656729842412,0.0510000000000048,-0.00147647841754948));
#6394=CARTESIAN_POINT('',(0.0225684949753975,0.054,-0.00148751269554876));
#6395=CARTESIAN_POINT('',(0.0225684949753975,0.0510000000000048,-0.00148751269554876));
#6396=CARTESIAN_POINT('',(0.0225725037233888,0.054,-0.00150363151021127));
#6397=CARTESIAN_POINT('',(0.0225725037233888,0.0510000000000048,-0.00150363151021127));
#6398=CARTESIAN_POINT('',(0.0225770526132171,0.054,-0.0015226572935006));
#6399=CARTESIAN_POINT('',(0.0225770526132171,0.0510000000000048,-0.0015226572935006));
#6400=CARTESIAN_POINT('',(0.0225823934915138,0.054,-0.00154590245451633));
#6401=CARTESIAN_POINT('',(0.0225823934915138,0.0510000000000048,-0.00154590245451633));
#6402=CARTESIAN_POINT('',(0.022586863054209,0.054,-0.00156583129601081));
#6403=CARTESIAN_POINT('',(0.022586863054209,0.0510000000000048,-0.00156583129601081));
#6404=CARTESIAN_POINT('',(0.0225915310217981,0.054,-0.00158710609323181));
#6405=CARTESIAN_POINT('',(0.0225915310217981,0.0510000000000048,-0.00158710609323181));
#6406=CARTESIAN_POINT('',(0.0225965141750736,0.054,-0.00161030486185482));
#6407=CARTESIAN_POINT('',(0.0225965141750736,0.0510000000000048,-0.00161030486185482));
#6408=CARTESIAN_POINT('',(0.0226018675600856,0.054,-0.00163572513887448));
#6409=CARTESIAN_POINT('',(0.0226018675600856,0.0510000000000048,-0.00163572513887448));
#6410=CARTESIAN_POINT('',(0.0226090674311014,0.054,-0.00167059463934324));
#6411=CARTESIAN_POINT('',(0.0226090674311014,0.0510000000000048,-0.00167059463934324));
#6412=CARTESIAN_POINT('',(0.0226184258165079,0.054,-0.00171723383161203));
#6413=CARTESIAN_POINT('',(0.0226184258165079,0.0510000000000048,-0.00171723383161203));
#6414=CARTESIAN_POINT('',(0.0226340362917984,0.054,-0.00179805023782389));
#6415=CARTESIAN_POINT('',(0.0226340362917984,0.0510000000000048,-0.00179805023782389));
#6416=CARTESIAN_POINT('',(0.0226542098731653,0.054,-0.00190845935622982));
#6417=CARTESIAN_POINT('',(0.0226542098731653,0.0510000000000048,-0.00190845935622982));
#6418=CARTESIAN_POINT('',(0.0226787437346812,0.054,-0.00205341603329362));
#6419=CARTESIAN_POINT('',(0.0226787437346812,0.0510000000000048,-0.00205341603329362));
#6420=CARTESIAN_POINT('',(0.0227028171675558,0.054,-0.00220758305799798));
#6421=CARTESIAN_POINT('',(0.0227028171675558,0.0510000000000048,-0.00220758305799798));
#6422=CARTESIAN_POINT('',(0.0227258254177341,0.054,-0.00236843487756005));
#6423=CARTESIAN_POINT('',(0.0227258254177341,0.0510000000000048,-0.00236843487756005));
#6424=CARTESIAN_POINT('',(0.0227471757755256,0.054,-0.00253319068244811));
#6425=CARTESIAN_POINT('',(0.0227471757755256,0.0510000000000048,-0.00253319068244811));
#6426=CARTESIAN_POINT('',(0.0227631839529927,0.054,-0.00267185709758521));
#6427=CARTESIAN_POINT('',(0.0227631839529927,0.0510000000000048,-0.00267185709758521));
#6428=CARTESIAN_POINT('',(0.0227732083533217,0.054,-0.00276808209358754));
#6429=CARTESIAN_POINT('',(0.0227732083533217,0.0510000000000048,-0.00276808209358754));
#6430=CARTESIAN_POINT('',(0.0227786093765558,0.054,-0.00282303044324099));
#6431=CARTESIAN_POINT('',(0.0227786093765558,0.0510000000000048,-0.00282303044324099));
#6432=CARTESIAN_POINT('',(0.022782450067205,0.054,-0.00286375585863795));
#6433=CARTESIAN_POINT('',(0.022782450067205,0.0510000000000048,-0.00286375585863795));
#6434=CARTESIAN_POINT('',(0.0227861272268162,0.054,-0.00290451342169001));
#6435=CARTESIAN_POINT('',(0.0227861272268162,0.0510000000000048,-0.00290451342169001));
#6436=CARTESIAN_POINT('',(0.0227908740061066,0.054,-0.00295955782274367));
#6437=CARTESIAN_POINT('',(0.0227908740061066,0.0510000000000048,-0.00295955782274367));
#6438=CARTESIAN_POINT('',(0.0227986368632809,0.054,-0.00305616489406633));
#6439=CARTESIAN_POINT('',(0.0227986368632809,0.0510000000000048,-0.00305616489406633));
#6440=CARTESIAN_POINT('',(0.0228083231352873,0.054,-0.00319624338043935));
#6441=CARTESIAN_POINT('',(0.0228083231352873,0.0510000000000048,-0.00319624338043935));
#6442=CARTESIAN_POINT('',(0.0228207303312411,0.054,-0.00342115784852099));
#6443=CARTESIAN_POINT('',(0.0228207303312411,0.0510000000000048,-0.00342115784852099));
#6444=CARTESIAN_POINT('',(0.0228285926468587,0.054,-0.00364332786707523));
#6445=CARTESIAN_POINT('',(0.0228285926468587,0.0510000000000048,-0.00364332786707523));
#6446=CARTESIAN_POINT('',(0.0228323162423702,0.054,-0.0038557574525564));
#6447=CARTESIAN_POINT('',(0.0228323162423702,0.0510000000000048,-0.0038557574525564));
#6448=CARTESIAN_POINT('',(0.0228331838816242,0.054,-0.00400790396586067));
#6449=CARTESIAN_POINT('',(0.0228331838816242,0.0510000000000048,-0.00400790396586067));
#6450=CARTESIAN_POINT('',(0.0228324485109406,0.054,-0.00412729520239251));
#6451=CARTESIAN_POINT('',(0.0228324485109406,0.0510000000000048,-0.00412729520239251));
#6452=CARTESIAN_POINT('',(0.0228312642599707,0.054,-0.00420584034259965));
#6453=CARTESIAN_POINT('',(0.0228312642599707,0.0510000000000048,-0.00420584034259965));
#6454=CARTESIAN_POINT('',(0.0228304083596428,0.054,-0.00424933594128463));
#6455=CARTESIAN_POINT('',(0.0228304083596428,0.0510000000000048,-0.00424933594128463));
#6456=CARTESIAN_POINT('',(0.0228294506036115,0.054,-0.0042913224498975));
#6457=CARTESIAN_POINT('',(0.0228294506036115,0.0510000000000048,-0.0042913224498975));
#6458=CARTESIAN_POINT('',(0.0228280292546042,0.054,-0.00434273695239374));
#6459=CARTESIAN_POINT('',(0.0228280292546042,0.0510000000000048,-0.00434273695239374));
#6460=CARTESIAN_POINT('',(0.022825334507948,0.054,-0.00442272749802302));
#6461=CARTESIAN_POINT('',(0.022825334507948,0.0510000000000048,-0.00442272749802302));
#6462=CARTESIAN_POINT('',(0.0228211850068143,0.054,-0.00452147954288656));
#6463=CARTESIAN_POINT('',(0.0228211850068143,0.0510000000000048,-0.00452147954288656));
#6464=CARTESIAN_POINT('',(0.0228151528315788,0.054,-0.00464081567813777));
#6465=CARTESIAN_POINT('',(0.0228151528315788,0.0510000000000048,-0.00464081567813777));
#6466=CARTESIAN_POINT('',(0.0228081861657371,0.054,-0.00476585278901923));
#6467=CARTESIAN_POINT('',(0.0228081861657371,0.0510000000000048,-0.00476585278901923));
#6468=CARTESIAN_POINT('',(0.0228018465224613,0.054,-0.00487726015601575));
#6469=CARTESIAN_POINT('',(0.0228018465224613,0.0510000000000048,-0.00487726015601575));
#6470=CARTESIAN_POINT('',(0.0227966724420263,0.054,-0.0049724436645993));
#6471=CARTESIAN_POINT('',(0.0227966724420263,0.0510000000000048,-0.0049724436645993));
#6472=CARTESIAN_POINT('',(0.0227934729437592,0.054,-0.00503457562319473));
#6473=CARTESIAN_POINT('',(0.0227934729437592,0.0510000000000048,-0.00503457562319473));
#6474=CARTESIAN_POINT('',(0.0227909965312232,0.054,-0.00508563713082954));
#6475=CARTESIAN_POINT('',(0.0227909965312232,0.0510000000000048,-0.00508563713082954));
#6476=CARTESIAN_POINT('',(0.0227891687141775,0.054,-0.00512518810402593));
#6477=CARTESIAN_POINT('',(0.0227891687141775,0.0510000000000048,-0.00512518810402593));
#6478=CARTESIAN_POINT('',(0.0227874523248198,0.054,-0.00516448721442421));
#6479=CARTESIAN_POINT('',(0.0227874523248198,0.0510000000000048,-0.00516448721442421));
#6480=CARTESIAN_POINT('',(0.0227853503157888,0.054,-0.00521509745653301));
#6481=CARTESIAN_POINT('',(0.0227853503157888,0.0510000000000048,-0.00521509745653301));
#6482=CARTESIAN_POINT('',(0.0227829823558278,0.054,-0.00527606201546109));
#6483=CARTESIAN_POINT('',(0.0227829823558278,0.0510000000000048,-0.00527606201546109));
#6484=CARTESIAN_POINT('',(0.0227804282751398,0.054,-0.00534560409871888));
#6485=CARTESIAN_POINT('',(0.0227804282751398,0.0510000000000048,-0.00534560409871888));
#6486=CARTESIAN_POINT('',(0.0227780648143187,0.054,-0.00541127347509396));
#6487=CARTESIAN_POINT('',(0.0227780648143187,0.0510000000000048,-0.00541127347509396));
#6488=CARTESIAN_POINT('',(0.0227750015799955,0.054,-0.00549468749238652));
#6489=CARTESIAN_POINT('',(0.0227750015799955,0.0510000000000048,-0.00549468749238652));
#6490=CARTESIAN_POINT('',(0.0227711349549025,0.054,-0.00559183167406758));
#6491=CARTESIAN_POINT('',(0.0227711349549025,0.0510000000000048,-0.00559183167406758));
#6492=CARTESIAN_POINT('',(0.0227667391168503,0.054,-0.00568208397655171));
#6493=CARTESIAN_POINT('',(0.0227667391168503,0.0510000000000048,-0.00568208397655171));
#6494=CARTESIAN_POINT('',(0.0227626500738982,0.054,-0.00575223259886262));
#6495=CARTESIAN_POINT('',(0.0227626500738982,0.0510000000000048,-0.00575223259886262));
#6496=CARTESIAN_POINT('',(0.0227592528865861,0.054,-0.00580405505654004));
#6497=CARTESIAN_POINT('',(0.0227592528865861,0.0510000000000048,-0.00580405505654004));
#6498=CARTESIAN_POINT('',(0.0227560431309964,0.054,-0.00584762180403077));
#6499=CARTESIAN_POINT('',(0.0227560431309964,0.0510000000000048,-0.00584762180403077));
#6500=CARTESIAN_POINT('',(0.0227532857081527,0.054,-0.00588202295889746));
#6501=CARTESIAN_POINT('',(0.0227532857081527,0.0510000000000048,-0.00588202295889746));
#6502=CARTESIAN_POINT('',(0.0227510310245176,0.054,-0.00590864947517868));
#6503=CARTESIAN_POINT('',(0.0227510310245176,0.0510000000000048,-0.00590864947517868));
#6504=CARTESIAN_POINT('',(0.0227486191633458,0.054,-0.00593569282295548));
#6505=CARTESIAN_POINT('',(0.0227486191633458,0.0510000000000048,-0.00593569282295548));
#6506=CARTESIAN_POINT('',(0.0227450221855913,0.054,-0.00597420159006899));
#6507=CARTESIAN_POINT('',(0.0227450221855913,0.0510000000000048,-0.00597420159006899));
#6508=CARTESIAN_POINT('',(0.0227399735773079,0.054,-0.00602505366619906));
#6509=CARTESIAN_POINT('',(0.0227399735773079,0.0510000000000048,-0.00602505366619906));
#6510=CARTESIAN_POINT('',(0.0227330889905094,0.054,-0.00608977829678056));
#6511=CARTESIAN_POINT('',(0.0227330889905094,0.0510000000000048,-0.00608977829678056));
#6512=CARTESIAN_POINT('',(0.0227229355589588,0.054,-0.00617985457182743));
#6513=CARTESIAN_POINT('',(0.0227229355589588,0.0510000000000048,-0.00617985457182743));
#6514=CARTESIAN_POINT('',(0.0227115351713758,0.054,-0.00627387076398023));
#6515=CARTESIAN_POINT('',(0.0227115351713758,0.0510000000000048,-0.00627387076398023));
#6516=CARTESIAN_POINT('',(0.0226992690475396,0.054,-0.00636931351752421));
#6517=CARTESIAN_POINT('',(0.0226992690475396,0.0510000000000048,-0.00636931351752421));
#6518=CARTESIAN_POINT('',(0.022686659501662,0.054,-0.00646412025630958));
#6519=CARTESIAN_POINT('',(0.022686659501662,0.0510000000000048,-0.00646412025630958));
#6520=CARTESIAN_POINT('',(0.0226703537921464,0.054,-0.00658110243832256));
#6521=CARTESIAN_POINT('',(0.0226703537921464,0.0510000000000048,-0.00658110243832256));
#6522=CARTESIAN_POINT('',(0.0226507985711657,0.054,-0.00671417391235977));
#6523=CARTESIAN_POINT('',(0.0226507985711657,0.0510000000000048,-0.00671417391235977));
#6524=CARTESIAN_POINT('',(0.0226354455157124,0.054,-0.00681372042973824));
#6525=CARTESIAN_POINT('',(0.0226354455157124,0.0510000000000048,-0.00681372042973824));
#6526=CARTESIAN_POINT('',(0.0226240788052859,0.054,-0.006884970050978));
#6527=CARTESIAN_POINT('',(0.0226240788052859,0.0510000000000048,-0.006884970050978));
#6528=CARTESIAN_POINT('',(0.0226166155125118,0.054,-0.00693055068743969));
#6529=CARTESIAN_POINT('',(0.0226166155125118,0.0510000000000048,-0.00693055068743969));
#6530=CARTESIAN_POINT('',(0.0226112783258795,0.054,-0.00696204506749526));
#6531=CARTESIAN_POINT('',(0.0226112783258795,0.0510000000000048,-0.00696204506749526));
#6532=CARTESIAN_POINT('',(0.0226074636919301,0.054,-0.00698389338787881));
#6533=CARTESIAN_POINT('',(0.0226074636919301,0.0510000000000048,-0.00698389338787881));
#6534=CARTESIAN_POINT('',(0.0226048191063755,0.054,-0.0069987119612249));
#6535=CARTESIAN_POINT('',(0.0226048191063755,0.0510000000000048,-0.0069987119612249));
#6536=CARTESIAN_POINT('',(0.0226022559602424,0.054,-0.00701274518917804));
#6537=CARTESIAN_POINT('',(0.0226022559602424,0.0510000000000048,-0.00701274518917804));
#6538=CARTESIAN_POINT('',(0.0225997039535377,0.054,-0.00702639385370489));
#6539=CARTESIAN_POINT('',(0.0225997039535377,0.0510000000000048,-0.00702639385370489));
#6540=CARTESIAN_POINT('',(0.0225972056450367,0.054,-0.00703943395062763));
#6541=CARTESIAN_POINT('',(0.0225972056450367,0.0510000000000048,-0.00703943395062763));
#6542=CARTESIAN_POINT('',(0.0225948579811909,0.054,-0.00705139705540068));
#6543=CARTESIAN_POINT('',(0.0225948579811909,0.0510000000000048,-0.00705139705540068));
#6544=CARTESIAN_POINT('',(0.0225924474470482,0.054,-0.0070633854438532));
#6545=CARTESIAN_POINT('',(0.0225924474470482,0.0510000000000048,-0.0070633854438532));
#6546=CARTESIAN_POINT('',(0.022589747797127,0.054,-0.00707650315743612));
#6547=CARTESIAN_POINT('',(0.022589747797127,0.0510000000000048,-0.00707650315743612));
#6548=CARTESIAN_POINT('',(0.022586842245176,0.054,-0.00709030148733276));
#6549=CARTESIAN_POINT('',(0.022586842245176,0.0510000000000048,-0.00709030148733276));
#6550=CARTESIAN_POINT('',(0.022583784104627,0.054,-0.00710451740393794));
#6551=CARTESIAN_POINT('',(0.022583784104627,0.0510000000000048,-0.00710451740393794));
#6552=CARTESIAN_POINT('',(0.0225804422672064,0.054,-0.00711973430165628));
#6553=CARTESIAN_POINT('',(0.0225804422672064,0.0510000000000048,-0.00711973430165628));
#6554=CARTESIAN_POINT('',(0.0225753603899574,0.054,-0.00714244123227689));
#6555=CARTESIAN_POINT('',(0.0225753603899574,0.0510000000000048,-0.00714244123227689));
#6556=CARTESIAN_POINT('',(0.022567757950339,0.054,-0.00717555988690499));
#6557=CARTESIAN_POINT('',(0.022567757950339,0.0510000000000048,-0.00717555988690499));
#6558=CARTESIAN_POINT('',(0.0225586674357927,0.054,-0.00721403609047267));
#6559=CARTESIAN_POINT('',(0.0225586674357927,0.0510000000000048,-0.00721403609047267));
#6560=CARTESIAN_POINT('',(0.0225503383429135,0.054,-0.00724863433494114));
#6561=CARTESIAN_POINT('',(0.0225503383429135,0.0510000000000048,-0.00724863433494114));
#6562=CARTESIAN_POINT('',(0.0225433871950502,0.054,-0.00727720181520044));
#6563=CARTESIAN_POINT('',(0.0225433871950502,0.0510000000000048,-0.00727720181520044));
#6564=CARTESIAN_POINT('',(0.0225358666641202,0.054,-0.00730782079074392));
#6565=CARTESIAN_POINT('',(0.0225358666641202,0.0510000000000048,-0.00730782079074392));
#6566=CARTESIAN_POINT('',(0.022525358232451,0.054,-0.00735022366742174));
#6567=CARTESIAN_POINT('',(0.022525358232451,0.0510000000000048,-0.00735022366742174));
#6568=CARTESIAN_POINT('',(0.0225112188931022,0.054,-0.00740656451301853));
#6569=CARTESIAN_POINT('',(0.0225112188931022,0.0510000000000048,-0.00740656451301853));
#6570=CARTESIAN_POINT('',(0.0224927833365296,0.054,-0.00747885797266636));
#6571=CARTESIAN_POINT('',(0.0224927833365296,0.0510000000000048,-0.00747885797266636));
#6572=CARTESIAN_POINT('',(0.022466377736076,0.054,-0.00758085056072402));
#6573=CARTESIAN_POINT('',(0.022466377736076,0.0510000000000048,-0.00758085056072402));
#6574=CARTESIAN_POINT('',(0.0224305231984147,0.054,-0.00771643078788611));
#6575=CARTESIAN_POINT('',(0.0224305231984147,0.0510000000000048,-0.00771643078788611));
#6576=CARTESIAN_POINT('',(0.0223840635019951,0.054,-0.00788711789880591));
#6577=CARTESIAN_POINT('',(0.0223840635019951,0.0510000000000048,-0.00788711789880591));
#6578=CARTESIAN_POINT('',(0.0223437056074518,0.054,-0.00803103532142282));
#6579=CARTESIAN_POINT('',(0.0223437056074518,0.0510000000000048,-0.00803103532142282));
#6580=CARTESIAN_POINT('',(0.0223111263228042,0.054,-0.00814436535899045));
#6581=CARTESIAN_POINT('',(0.0223111263228042,0.0510000000000048,-0.00814436535899045));
#6582=CARTESIAN_POINT('',(0.0222784007767378,0.054,-0.00825623904909501));
#6583=CARTESIAN_POINT('',(0.0222784007767378,0.0510000000000048,-0.00825623904909501));
#6584=CARTESIAN_POINT('',(0.0222461513415586,0.054,-0.00836341522078464));
#6585=CARTESIAN_POINT('',(0.0222461513415586,0.0510000000000048,-0.00836341522078464));
#6586=CARTESIAN_POINT('',(0.0222191499667143,0.054,-0.0084502768532106));
#6587=CARTESIAN_POINT('',(0.0222191499667143,0.0510000000000048,-0.0084502768532106));
#6588=CARTESIAN_POINT('',(0.0222042207503114,0.054,-0.00849744905403397));
#6589=CARTESIAN_POINT('',(0.0222042207503114,0.0510000000000048,-0.00849744905403397));
#6590=CARTESIAN_POINT('',(0.0221932030155364,0.054,-0.00853182247241668));
#6591=CARTESIAN_POINT('',(0.0221932030155364,0.0510000000000048,-0.00853182247241668));
#6592=CARTESIAN_POINT('',(0.0221825745478949,0.054,-0.0085645432566132));
#6593=CARTESIAN_POINT('',(0.0221825745478949,0.0510000000000048,-0.0085645432566132));
#6594=CARTESIAN_POINT('',(0.0221691305465519,0.054,-0.0086053428804246));
#6595=CARTESIAN_POINT('',(0.0221691305465519,0.0510000000000048,-0.0086053428804246));
#6596=CARTESIAN_POINT('',(0.0221532975166568,0.054,-0.00865227456104868));
#6597=CARTESIAN_POINT('',(0.0221532975166568,0.0510000000000048,-0.00865227456104868));
#6598=CARTESIAN_POINT('',(0.0221358243930741,0.054,-0.0087023303490291));
#6599=CARTESIAN_POINT('',(0.0221358243930741,0.0510000000000048,-0.0087023303490291));
#6600=CARTESIAN_POINT('',(0.0221201854104672,0.054,-0.00874547484073252));
#6601=CARTESIAN_POINT('',(0.0221201854104672,0.0510000000000048,-0.00874547484073252));
#6602=CARTESIAN_POINT('',(0.0221058497674908,0.054,-0.00878344887369296));
#6603=CARTESIAN_POINT('',(0.0221058497674908,0.0510000000000048,-0.00878344887369296));
#6604=CARTESIAN_POINT('',(0.022092935181147,0.054,-0.00881622938087269));
#6605=CARTESIAN_POINT('',(0.022092935181147,0.0510000000000048,-0.00881622938087269));
#6606=CARTESIAN_POINT('',(0.0220828821939736,0.054,-0.00884063862202742));
#6607=CARTESIAN_POINT('',(0.0220828821939736,0.0510000000000048,-0.00884063862202742));
#6608=CARTESIAN_POINT('',(0.0220750578577332,0.054,-0.00885901494483289));
#6609=CARTESIAN_POINT('',(0.0220750578577332,0.0510000000000048,-0.00885901494483289));
#6610=CARTESIAN_POINT('',(0.0220694946269475,0.054,-0.00887178675390241));
#6611=CARTESIAN_POINT('',(0.0220694946269475,0.0510000000000048,-0.00887178675390241));
#6612=CARTESIAN_POINT('',(0.0220639578435475,0.054,-0.00888421245957212));
#6613=CARTESIAN_POINT('',(0.0220639578435475,0.0510000000000048,-0.00888421245957212));
#6614=CARTESIAN_POINT('',(0.0220582085274343,0.054,-0.00889682820742813));
#6615=CARTESIAN_POINT('',(0.0220582085274343,0.0510000000000048,-0.00889682820742813));
#6616=CARTESIAN_POINT('',(0.022052378739205,0.054,-0.00890933305538522));
#6617=CARTESIAN_POINT('',(0.022052378739205,0.0510000000000048,-0.00890933305538522));
#6618=CARTESIAN_POINT('',(0.0220466218993014,0.054,-0.00892141231556349));
#6619=CARTESIAN_POINT('',(0.0220466218993014,0.0510000000000048,-0.00892141231556349));
#6620=CARTESIAN_POINT('',(0.0220406570440847,0.054,-0.00893365695861167));
#6621=CARTESIAN_POINT('',(0.0220406570440847,0.0510000000000048,-0.00893365695861167));
#6622=CARTESIAN_POINT('',(0.0220341765223025,0.054,-0.00894667934728446));
#6623=CARTESIAN_POINT('',(0.0220341765223025,0.0510000000000048,-0.00894667934728446));
#6624=CARTESIAN_POINT('',(0.0220273184383619,0.054,-0.00896017133207185));
#6625=CARTESIAN_POINT('',(0.0220273184383619,0.0510000000000048,-0.00896017133207185));
#6626=CARTESIAN_POINT('',(0.0220201885818909,0.054,-0.00897391525956013));
#6627=CARTESIAN_POINT('',(0.0220201885818909,0.0510000000000048,-0.00897391525956013));
#6628=CARTESIAN_POINT('',(0.0220125909157267,0.054,-0.00898827220838392));
#6629=CARTESIAN_POINT('',(0.0220125909157267,0.0510000000000048,-0.00898827220838392));
#6630=CARTESIAN_POINT('',(0.022001458881255,0.054,-0.00900890597244985));
#6631=CARTESIAN_POINT('',(0.022001458881255,0.0510000000000048,-0.00900890597244985));
#6632=CARTESIAN_POINT('',(0.021985960881366,0.054,-0.00903686725345381));
#6633=CARTESIAN_POINT('',(0.021985960881366,0.0510000000000048,-0.00903686725345381));
#6634=CARTESIAN_POINT('',(0.0219641794521928,0.054,-0.00907483208780604));
#6635=CARTESIAN_POINT('',(0.0219641794521928,0.0510000000000048,-0.00907483208780604));
#6636=CARTESIAN_POINT('',(0.0219386431209746,0.054,-0.00911795732318487));
#6637=CARTESIAN_POINT('',(0.0219386431209746,0.0510000000000048,-0.00911795732318487));
#6638=CARTESIAN_POINT('',(0.0219094232832678,0.054,-0.00916591140149609));
#6639=CARTESIAN_POINT('',(0.0219094232832678,0.0510000000000048,-0.00916591140149609));
#6640=CARTESIAN_POINT('',(0.0218662834672089,0.054,-0.00923483657111634));
#6641=CARTESIAN_POINT('',(0.0218662834672089,0.0510000000000048,-0.00923483657111634));
#6642=CARTESIAN_POINT('',(0.0218053240459141,0.054,-0.00932872424919557));
#6643=CARTESIAN_POINT('',(0.0218053240459141,0.0510000000000048,-0.00932872424919557));
#6644=CARTESIAN_POINT('',(0.0217224232053829,0.054,-0.00945060470657135));
#6645=CARTESIAN_POINT('',(0.0217224232053829,0.0510000000000048,-0.00945060470657135));
#6646=CARTESIAN_POINT('',(0.0216466066955416,0.054,-0.00955725742936969));
#6647=CARTESIAN_POINT('',(0.0216466066955416,0.0510000000000048,-0.00955725742936969));
#6648=CARTESIAN_POINT('',(0.0215826865616638,0.054,-0.00964430822186597));
#6649=CARTESIAN_POINT('',(0.0215826865616638,0.0510000000000048,-0.00964430822186597));
#6650=CARTESIAN_POINT('',(0.021533610874969,0.054,-0.00970972773262815));
#6651=CARTESIAN_POINT('',(0.021533610874969,0.0510000000000048,-0.00970972773262815));
#6652=CARTESIAN_POINT('',(0.0214833420820728,0.054,-0.00977531657926374));
#6653=CARTESIAN_POINT('',(0.0214833420820728,0.0510000000000048,-0.00977531657926374));
#6654=CARTESIAN_POINT('',(0.0214146489307865,0.054,-0.00986302678898159));
#6655=CARTESIAN_POINT('',(0.0214146489307865,0.0510000000000048,-0.00986302678898159));
#6656=CARTESIAN_POINT('',(0.0213269075477063,0.054,-0.0099714580218584));
#6657=CARTESIAN_POINT('',(0.0213269075477063,0.0510000000000048,-0.0099714580218584));
#6658=CARTESIAN_POINT('',(0.0212204123915654,0.054,-0.0100971816651426));
#6659=CARTESIAN_POINT('',(0.0212204123915654,0.0510000000000048,-0.0100971816651426));
#6660=CARTESIAN_POINT('',(0.0211320834834676,0.054,-0.0101965242011073));
#6661=CARTESIAN_POINT('',(0.0211320834834676,0.0510000000000048,-0.0101965242011073));
#6662=CARTESIAN_POINT('',(0.0210714575028155,0.054,-0.0102621185026849));
#6663=CARTESIAN_POINT('',(0.0210714575028155,0.0510000000000048,-0.0102621185026849));
#6664=CARTESIAN_POINT('',(0.0210372270867198,0.054,-0.0102984091647509));
#6665=CARTESIAN_POINT('',(0.0210372270867198,0.0510000000000048,-0.0102984091647509));
#6666=CARTESIAN_POINT('',(0.0210037137688565,0.054,-0.0103334482028695));
#6667=CARTESIAN_POINT('',(0.0210037137688565,0.0510000000000048,-0.0103334482028695));
#6668=CARTESIAN_POINT('',(0.0209617746999312,0.054,-0.0103763591222967));
#6669=CARTESIAN_POINT('',(0.0209617746999312,0.0510000000000048,-0.0103763591222967));
#6670=CARTESIAN_POINT('',(0.0208954136737371,0.054,-0.010442311042823));
#6671=CARTESIAN_POINT('',(0.0208954136737371,0.0510000000000048,-0.010442311042823));
#6672=CARTESIAN_POINT('',(0.0208119262386273,0.054,-0.0105217040799541));
#6673=CARTESIAN_POINT('',(0.0208119262386273,0.0510000000000048,-0.0105217040799541));
#6674=CARTESIAN_POINT('',(0.0207119304777438,0.054,-0.0106112831982836));
#6675=CARTESIAN_POINT('',(0.0207119304777438,0.0510000000000048,-0.0106112831982836));
#6676=CARTESIAN_POINT('',(0.0205778430681566,0.054,-0.0107243678960705));
#6677=CARTESIAN_POINT('',(0.0205778430681566,0.0510000000000048,-0.0107243678960705));
#6678=CARTESIAN_POINT('',(0.0204417879194802,0.054,-0.01082892461487));
#6679=CARTESIAN_POINT('',(0.0204417879194802,0.0510000000000048,-0.01082892461487));
#6680=CARTESIAN_POINT('',(0.0203022471678859,0.054,-0.0109265211076273));
#6681=CARTESIAN_POINT('',(0.0203022471678859,0.0510000000000048,-0.0109265211076273));
#6682=CARTESIAN_POINT('',(0.0201951872521359,0.054,-0.0109967469915067));
#6683=CARTESIAN_POINT('',(0.0201951872521359,0.0510000000000048,-0.0109967469915067));
#6684=CARTESIAN_POINT('',(0.0201036774081092,0.054,-0.0110529788357706));
#6685=CARTESIAN_POINT('',(0.0201036774081092,0.0510000000000048,-0.0110529788357706));
#6686=CARTESIAN_POINT('',(0.0200287105123491,0.054,-0.0110968178983375));
#6687=CARTESIAN_POINT('',(0.0200287105123491,0.0510000000000048,-0.0110968178983375));
#6688=CARTESIAN_POINT('',(0.0199720395932538,0.054,-0.0111288737552733));
#6689=CARTESIAN_POINT('',(0.0199720395932538,0.0510000000000048,-0.0111288737552733));
#6690=CARTESIAN_POINT('',(0.0199134922508876,0.054,-0.0111608985157582));
#6691=CARTESIAN_POINT('',(0.0199134922508876,0.0510000000000048,-0.0111608985157582));
#6692=CARTESIAN_POINT('',(0.019853471533708,0.054,-0.0111926562550949));
#6693=CARTESIAN_POINT('',(0.019853471533708,0.0510000000000048,-0.0111926562550949));
#6694=CARTESIAN_POINT('',(0.0197906875029967,0.054,-0.0112248323511545));
#6695=CARTESIAN_POINT('',(0.0197906875029967,0.0510000000000048,-0.0112248323511545));
#6696=CARTESIAN_POINT('',(0.0197044725452457,0.054,-0.0112676580369256));
#6697=CARTESIAN_POINT('',(0.0197044725452457,0.0510000000000048,-0.0112676580369256));
#6698=CARTESIAN_POINT('',(0.0195918025162966,0.054,-0.0113211718086233));
#6699=CARTESIAN_POINT('',(0.0195918025162966,0.0510000000000048,-0.0113211718086233));
#6700=CARTESIAN_POINT('',(0.0194497676442856,0.054,-0.0113849335664117));
#6701=CARTESIAN_POINT('',(0.0194497676442856,0.0510000000000048,-0.0113849335664117));
#6702=CARTESIAN_POINT('',(0.0193019574554467,0.054,-0.0114479035319236));
#6703=CARTESIAN_POINT('',(0.0193019574554467,0.0510000000000048,-0.0114479035319236));
#6704=CARTESIAN_POINT('',(0.0191492603584242,0.054,-0.0115098887380839));
#6705=CARTESIAN_POINT('',(0.0191492603584242,0.0510000000000048,-0.0115098887380839));
#6706=CARTESIAN_POINT('',(0.0189926738644145,0.054,-0.0115707149857458));
#6707=CARTESIAN_POINT('',(0.0189926738644145,0.0510000000000048,-0.0115707149857458));
#6708=CARTESIAN_POINT('',(0.0188328561241775,0.054,-0.0116303852601974));
#6709=CARTESIAN_POINT('',(0.0188328561241775,0.0510000000000048,-0.0116303852601974));
#6710=CARTESIAN_POINT('',(0.0186980444529119,0.054,-0.0116790003340223));
#6711=CARTESIAN_POINT('',(0.0186980444529119,0.0510000000000048,-0.0116790003340223));
#6712=CARTESIAN_POINT('',(0.0186025604483295,0.054,-0.0117126756628589));
#6713=CARTESIAN_POINT('',(0.0186025604483295,0.0510000000000048,-0.0117126756628589));
#6714=CARTESIAN_POINT('',(0.0185482035806432,0.054,-0.0117316557503353));
#6715=CARTESIAN_POINT('',(0.0185482035806432,0.0510000000000048,-0.0117316557503353));
#6716=CARTESIAN_POINT('',(0.0185071037438082,0.054,-0.0117459152305583));
#6717=CARTESIAN_POINT('',(0.0185071037438082,0.0510000000000048,-0.0117459152305583));
#6718=CARTESIAN_POINT('',(0.0184662100708073,0.054,-0.0117600179652745));
#6719=CARTESIAN_POINT('',(0.0184662100708073,0.0510000000000048,-0.0117600179652745));
#6720=CARTESIAN_POINT('',(0.0184128581046511,0.054,-0.0117782993702123));
#6721=CARTESIAN_POINT('',(0.0184128581046511,0.0510000000000048,-0.0117782993702123));
#6722=CARTESIAN_POINT('',(0.0183208425265568,0.054,-0.0118095095069563));
#6723=CARTESIAN_POINT('',(0.0183208425265568,0.0510000000000048,-0.0118095095069563));
#6724=CARTESIAN_POINT('',(0.0181945417898485,0.054,-0.0118513831922576));
#6725=CARTESIAN_POINT('',(0.0181945417898485,0.0510000000000048,-0.0118513831922576));
#6726=CARTESIAN_POINT('',(0.0180489653866984,0.054,-0.0118979579278259));
#6727=CARTESIAN_POINT('',(0.0180489653866984,0.0510000000000048,-0.0118979579278259));
#6728=CARTESIAN_POINT('',(0.0179082166876248,0.054,-0.0119411629968503));
#6729=CARTESIAN_POINT('',(0.0179082166876248,0.0510000000000048,-0.0119411629968503));
#6730=CARTESIAN_POINT('',(0.0177699728427287,0.054,-0.0119816449075755));
#6731=CARTESIAN_POINT('',(0.0177699728427287,0.0510000000000048,-0.0119816449075755));
#6732=CARTESIAN_POINT('',(0.0176330876725933,0.054,-0.0120196899081205));
#6733=CARTESIAN_POINT('',(0.0176330876725933,0.0510000000000048,-0.0120196899081205));
#6734=CARTESIAN_POINT('',(0.0174947471494118,0.054,-0.0120559874553201));
#6735=CARTESIAN_POINT('',(0.0174947471494118,0.0510000000000048,-0.0120559874553201));
#6736=CARTESIAN_POINT('',(0.017376120909842,0.054,-0.0120852596748732));
#6737=CARTESIAN_POINT('',(0.017376120909842,0.0510000000000048,-0.0120852596748732));
#6738=CARTESIAN_POINT('',(0.0172797826422223,0.054,-0.0121078958753089));
#6739=CARTESIAN_POINT('',(0.0172797826422223,0.0510000000000048,-0.0121078958753089));
#6740=CARTESIAN_POINT('',(0.0172058620141708,0.054,-0.0121246866027279));
#6741=CARTESIAN_POINT('',(0.0172058620141708,0.0510000000000048,-0.0121246866027279));
#6742=CARTESIAN_POINT('',(0.0171302409624721,0.054,-0.0121412756910415));
#6743=CARTESIAN_POINT('',(0.0171302409624721,0.0510000000000048,-0.0121412756910415));
#6744=CARTESIAN_POINT('',(0.01702853442235,0.054,-0.0121627809464926));
#6745=CARTESIAN_POINT('',(0.01702853442235,0.0510000000000048,-0.0121627809464926));
#6746=CARTESIAN_POINT('',(0.0168975471803699,0.054,-0.0121889122800026));
#6747=CARTESIAN_POINT('',(0.0168975471803699,0.0510000000000048,-0.0121889122800026));
#6748=CARTESIAN_POINT('',(0.0166777663773235,0.054,-0.0122291924573491));
#6749=CARTESIAN_POINT('',(0.0166777663773235,0.0510000000000048,-0.0122291924573491));
#6750=CARTESIAN_POINT('',(0.0163792614936605,0.054,-0.0122768720650363));
#6751=CARTESIAN_POINT('',(0.0163792614936605,0.0510000000000048,-0.0122768720650363));
#6752=CARTESIAN_POINT('',(0.0159711548064428,0.054,-0.0123294601536574));
#6753=CARTESIAN_POINT('',(0.0159711548064428,0.0510000000000048,-0.0123294601536574));
#6754=CARTESIAN_POINT('',(0.0155801378889438,0.054,-0.0123687236638523));
#6755=CARTESIAN_POINT('',(0.0155801378889438,0.0510000000000048,-0.0123687236638523));
#6756=CARTESIAN_POINT('',(0.0152758279676053,0.054,-0.0123932732722511));
#6757=CARTESIAN_POINT('',(0.0152758279676053,0.0510000000000048,-0.0123932732722511));
#6758=CARTESIAN_POINT('',(0.0150923934614148,0.054,-0.0124064049797727));
#6759=CARTESIAN_POINT('',(0.0150923934614148,0.0510000000000048,-0.0124064049797727));
#6760=CARTESIAN_POINT('',(0.0149504765510502,0.054,-0.0124157473283127));
#6761=CARTESIAN_POINT('',(0.0149504765510502,0.0510000000000048,-0.0124157473283127));
#6762=CARTESIAN_POINT('',(0.0148031481675136,0.054,-0.0124246223239579));
#6763=CARTESIAN_POINT('',(0.0148031481675136,0.0510000000000048,-0.0124246223239579));
#6764=CARTESIAN_POINT('',(0.014598990778353,0.054,-0.0124358667060497));
#6765=CARTESIAN_POINT('',(0.014598990778353,0.0510000000000048,-0.0124358667060497));
#6766=CARTESIAN_POINT('',(0.0143312423773063,0.054,-0.0124487174614467));
#6767=CARTESIAN_POINT('',(0.0143312423773063,0.0510000000000048,-0.0124487174614467));
#6768=CARTESIAN_POINT('',(0.0139905179005234,0.054,-0.0124622905574625));
#6769=CARTESIAN_POINT('',(0.0139905179005234,0.0510000000000048,-0.0124622905574625));
#6770=CARTESIAN_POINT('',(0.0135136110147411,0.054,-0.0124779370303654));
#6771=CARTESIAN_POINT('',(0.0135136110147411,0.0510000000000048,-0.0124779370303654));
#6772=CARTESIAN_POINT('',(0.01287890194094,0.054,-0.0124930955817102));
#6773=CARTESIAN_POINT('',(0.01287890194094,0.0510000000000048,-0.0124930955817102));
#6774=CARTESIAN_POINT('',(0.0120682284248722,0.054,-0.0125050546726034));
#6775=CARTESIAN_POINT('',(0.0120682284248722,0.0510000000000048,-0.0125050546726034));
#6776=CARTESIAN_POINT('',(0.0112202849075055,0.054,-0.012511718926586));
#6777=CARTESIAN_POINT('',(0.0112202849075055,0.0510000000000048,-0.012511718926586));
#6778=CARTESIAN_POINT('',(0.0103455279521398,0.054,-0.0125141729361977));
#6779=CARTESIAN_POINT('',(0.0103455279521398,0.0510000000000048,-0.0125141729361977));
#6780=CARTESIAN_POINT('',(0.00945489888211527,0.054,-0.0125134891661253));
#6781=CARTESIAN_POINT('',(0.00945489888211527,0.0510000000000048,-0.0125134891661253));
#6782=CARTESIAN_POINT('',(0.00855826956900771,0.054,-0.0125107881309526));
#6783=CARTESIAN_POINT('',(0.00855826956900771,0.0510000000000048,-0.0125107881309526));
#6784=CARTESIAN_POINT('',(0.00781477760497866,0.054,-0.0125078033463987));
#6785=CARTESIAN_POINT('',(0.00781477760497866,0.0510000000000048,-0.0125078033463987));
#6786=CARTESIAN_POINT('',(0.00722644490142182,0.054,-0.0125055387627436));
#6787=CARTESIAN_POINT('',(0.00722644490142182,0.0510000000000048,-0.0125055387627436));
#6788=CARTESIAN_POINT('',(0.00664506742778889,0.054,-0.0125035778628993));
#6789=CARTESIAN_POINT('',(0.00664506742778889,0.0510000000000048,-0.0125035778628993));
#6790=CARTESIAN_POINT('',(0.00593324142745755,0.054,-0.012501775125387));
#6791=CARTESIAN_POINT('',(0.00593324142745755,0.0510000000000048,-0.012501775125387));
#6792=CARTESIAN_POINT('',(0.00509956354357704,0.054,-0.0125002930713337));
#6793=CARTESIAN_POINT('',(0.00509956354357704,0.0510000000000048,-0.0125002930713337));
#6794=CARTESIAN_POINT('',(0.0042819410095477,0.054,-0.0124991867609308));
#6795=CARTESIAN_POINT('',(0.0042819410095477,0.0510000000000048,-0.0124991867609308));
#6796=CARTESIAN_POINT('',(0.00347649460752553,0.054,-0.0124981407643714));
#6797=CARTESIAN_POINT('',(0.00347649460752553,0.0510000000000048,-0.0124981407643714));
#6798=CARTESIAN_POINT('',(0.00267910807883562,0.054,-0.0124968400944276));
#6799=CARTESIAN_POINT('',(0.00267910807883562,0.0510000000000048,-0.0124968400944276));
#6800=CARTESIAN_POINT('',(0.00188563701346143,0.054,-0.0124949725665404));
#6801=CARTESIAN_POINT('',(0.00188563701346143,0.0510000000000048,-0.0124949725665404));
#6802=CARTESIAN_POINT('',(0.00109185330200309,0.054,-0.0124922316487769));
#6803=CARTESIAN_POINT('',(0.00109185330200309,0.0510000000000048,-0.0124922316487769));
#6804=CARTESIAN_POINT('',(0.000426709694010068,0.054,-0.0124889665539063));
#6805=CARTESIAN_POINT('',(0.000426709694010068,0.0510000000000048,-0.0124889665539063));
#6806=CARTESIAN_POINT('',(-0.000109679963377083,0.054,-0.0124856020239232));
#6807=CARTESIAN_POINT('',(-0.000109679963377083,0.0510000000000048,-0.0124856020239232));
#6808=CARTESIAN_POINT('',(-0.000514468384452499,0.054,-0.0124826628717713));
#6809=CARTESIAN_POINT('',(-0.000514468384452499,0.0510000000000048,-0.0124826628717713));
#6810=CARTESIAN_POINT('',(-0.000922990243105223,0.054,-0.0124792614380602));
#6811=CARTESIAN_POINT('',(-0.000922990243105223,0.0510000000000048,-0.0124792614380602));
#6812=CARTESIAN_POINT('',(-0.00147150722636834,0.054,-0.0124741696885034));
#6813=CARTESIAN_POINT('',(-0.00147150722636834,0.0510000000000048,-0.0124741696885034));
#6814=CARTESIAN_POINT('',(-0.00243520999290031,0.054,-0.0124639803555304));
#6815=CARTESIAN_POINT('',(-0.00243520999290031,0.0510000000000048,-0.0124639803555304));
#6816=CARTESIAN_POINT('',(-0.00352118870574959,0.054,-0.0124502317379592));
#6817=CARTESIAN_POINT('',(-0.00352118870574959,0.0510000000000048,-0.0124502317379592));
#6818=CARTESIAN_POINT('',(-0.00454319021116923,0.054,-0.0124361324523145));
#6819=CARTESIAN_POINT('',(-0.00454319021116923,0.0510000000000048,-0.0124361324523145));
#6820=CARTESIAN_POINT('',(-0.00526567318601715,0.054,-0.012425810793074));
#6821=CARTESIAN_POINT('',(-0.00526567318601715,0.0510000000000048,-0.012425810793074));
#6822=CARTESIAN_POINT('',(-0.00582105838375561,0.054,-0.0124177814054242));
#6823=CARTESIAN_POINT('',(-0.00582105838375561,0.0510000000000048,-0.0124177814054242));
#6824=CARTESIAN_POINT('',(-0.006231559142244,0.054,-0.0124119138317587));
#6825=CARTESIAN_POINT('',(-0.006231559142244,0.0510000000000048,-0.0124119138317587));
#6826=CARTESIAN_POINT('',(-0.00647278200077498,0.054,-0.0124085252991224));
#6827=CARTESIAN_POINT('',(-0.00647278200077498,0.0510000000000048,-0.0124085252991224));
#6828=CARTESIAN_POINT('',(-0.00665576031088772,0.054,-0.0124060054485677));
#6829=CARTESIAN_POINT('',(-0.00665576031088772,0.0510000000000048,-0.0124060054485677));
#6830=CARTESIAN_POINT('',(-0.0067883823774676,0.054,-0.0124042139874117));
#6831=CARTESIAN_POINT('',(-0.0067883823774676,0.0510000000000048,-0.0124042139874117));
#6832=CARTESIAN_POINT('',(-0.00691505569168839,0.054,-0.0124025471145444));
#6833=CARTESIAN_POINT('',(-0.00691505569168839,0.0510000000000048,-0.0124025471145444));
#6834=CARTESIAN_POINT('',(-0.00707565756033965,0.054,-0.0124004524924399));
#6835=CARTESIAN_POINT('',(-0.00707565756033965,0.0510000000000048,-0.0124004524924399));
#6836=CARTESIAN_POINT('',(-0.00726215057758981,0.054,-0.0123979760041295));
#6837=CARTESIAN_POINT('',(-0.00726215057758981,0.0510000000000048,-0.0123979760041295));
#6838=CARTESIAN_POINT('',(-0.00746462753878279,0.054,-0.0123948931170169));
#6839=CARTESIAN_POINT('',(-0.00746462753878279,0.0510000000000048,-0.0123948931170169));
#6840=CARTESIAN_POINT('',(-0.00764893575707157,0.054,-0.0123914024167231));
#6841=CARTESIAN_POINT('',(-0.00764893575707157,0.0510000000000048,-0.0123914024167231));
#6842=CARTESIAN_POINT('',(-0.00781752850336676,0.054,-0.0123872316016012));
#6843=CARTESIAN_POINT('',(-0.00781752850336676,0.0510000000000048,-0.0123872316016012));
#6844=CARTESIAN_POINT('',(-0.00797594946635585,0.054,-0.0123820950315411));
#6845=CARTESIAN_POINT('',(-0.00797594946635585,0.0510000000000048,-0.0123820950315411));
#6846=CARTESIAN_POINT('',(-0.00810192129478284,0.054,-0.0123768386208464));
#6847=CARTESIAN_POINT('',(-0.00810192129478284,0.0510000000000048,-0.0123768386208464));
#6848=CARTESIAN_POINT('',(-0.00820179957763682,0.054,-0.0123718765273148));
#6849=CARTESIAN_POINT('',(-0.00820179957763682,0.0510000000000048,-0.0123718765273148));
#6850=CARTESIAN_POINT('',(-0.00827736375044208,0.054,-0.0123677092994286));
#6851=CARTESIAN_POINT('',(-0.00827736375044208,0.0510000000000048,-0.0123677092994286));
#6852=CARTESIAN_POINT('',(-0.00835392793849433,0.054,-0.0123630583274343));
#6853=CARTESIAN_POINT('',(-0.00835392793849433,0.0510000000000048,-0.0123630583274343));
#6854=CARTESIAN_POINT('',(-0.00843151650035891,0.054,-0.0123579086085347));
#6855=CARTESIAN_POINT('',(-0.00843151650035891,0.0510000000000048,-0.0123579086085347));
#6856=CARTESIAN_POINT('',(-0.0085121620967242,0.054,-0.0123520983535975));
#6857=CARTESIAN_POINT('',(-0.0085121620967242,0.0510000000000048,-0.0123520983535975));
#6858=CARTESIAN_POINT('',(-0.00859630087765369,0.054,-0.0123455883214556));
#6859=CARTESIAN_POINT('',(-0.00859630087765369,0.0510000000000048,-0.0123455883214556));
#6860=CARTESIAN_POINT('',(-0.00868302756979432,0.054,-0.0123384395222788));
#6861=CARTESIAN_POINT('',(-0.00868302756979432,0.0510000000000048,-0.0123384395222788));
#6862=CARTESIAN_POINT('',(-0.00880292017431043,0.054,-0.0123279964505429));
#6863=CARTESIAN_POINT('',(-0.00880292017431043,0.0510000000000048,-0.0123279964505429));
#6864=CARTESIAN_POINT('',(-0.00895852926662431,0.054,-0.0123134427997572));
#6865=CARTESIAN_POINT('',(-0.00895852926662431,0.0510000000000048,-0.0123134427997572));
#6866=CARTESIAN_POINT('',(-0.00915071879713312,0.054,-0.0122939660486251));
#6867=CARTESIAN_POINT('',(-0.00915071879713312,0.0510000000000048,-0.0122939660486251));
#6868=CARTESIAN_POINT('',(-0.00934524180213825,0.054,-0.0122728574773861));
#6869=CARTESIAN_POINT('',(-0.00934524180213825,0.0510000000000048,-0.0122728574773861));
#6870=CARTESIAN_POINT('',(-0.0096035993020553,0.054,-0.0122430503133364));
#6871=CARTESIAN_POINT('',(-0.0096035993020553,0.0510000000000048,-0.0122430503133364));
#6872=CARTESIAN_POINT('',(-0.00985372169308176,0.054,-0.0122116403621672));
#6873=CARTESIAN_POINT('',(-0.00985372169308176,0.0510000000000048,-0.0122116403621672));
#6874=CARTESIAN_POINT('',(-0.0100549113707894,0.054,-0.0121842326419437));
#6875=CARTESIAN_POINT('',(-0.0100549113707894,0.0510000000000048,-0.0121842326419437));
#6876=CARTESIAN_POINT('',(-0.0101624144570798,0.054,-0.0121689590796463));
#6877=CARTESIAN_POINT('',(-0.0101624144570798,0.0510000000000048,-0.0121689590796463));
#6878=CARTESIAN_POINT('',(-0.0102391810561525,0.054,-0.0121577220760553));
#6879=CARTESIAN_POINT('',(-0.0102391810561525,0.0510000000000048,-0.0121577220760553));
#6880=CARTESIAN_POINT('',(-0.0103113664022956,0.054,-0.0121468216533604));
#6881=CARTESIAN_POINT('',(-0.0103113664022956,0.0510000000000048,-0.0121468216533604));
#6882=CARTESIAN_POINT('',(-0.0103787448360682,0.054,-0.0121362980688938));
#6883=CARTESIAN_POINT('',(-0.0103787448360682,0.0510000000000048,-0.0121362980688938));
#6884=CARTESIAN_POINT('',(-0.01044219853285,0.054,-0.0121260267595618));
#6885=CARTESIAN_POINT('',(-0.01044219853285,0.0510000000000048,-0.0121260267595618));
#6886=CARTESIAN_POINT('',(-0.010501638956114,0.054,-0.0121160360050096));
#6887=CARTESIAN_POINT('',(-0.010501638956114,0.0510000000000048,-0.0121160360050096));
#6888=CARTESIAN_POINT('',(-0.0105582247184048,0.054,-0.0121061461875454));
#6889=CARTESIAN_POINT('',(-0.0105582247184048,0.0510000000000048,-0.0121061461875454));
#6890=CARTESIAN_POINT('',(-0.0106127452256562,0.054,-0.0120962359747676));
#6891=CARTESIAN_POINT('',(-0.0106127452256562,0.0510000000000048,-0.0120962359747676));
#6892=CARTESIAN_POINT('',(-0.0106653149213817,0.054,-0.0120862950659026));
#6893=CARTESIAN_POINT('',(-0.0106653149213817,0.0510000000000048,-0.0120862950659026));
#6894=CARTESIAN_POINT('',(-0.0107157830916662,0.054,-0.0120763711626593));
#6895=CARTESIAN_POINT('',(-0.0107157830916662,0.0510000000000048,-0.0120763711626593));
#6896=CARTESIAN_POINT('',(-0.0107657997044565,0.054,-0.0120661467976971));
#6897=CARTESIAN_POINT('',(-0.0107657997044565,0.0510000000000048,-0.0120661467976971));
#6898=CARTESIAN_POINT('',(-0.0108169000358307,0.054,-0.0120553108095462));
#6899=CARTESIAN_POINT('',(-0.0108169000358307,0.0510000000000048,-0.0120553108095462));
#6900=CARTESIAN_POINT('',(-0.0108688409650961,0.054,-0.012043905439373));
#6901=CARTESIAN_POINT('',(-0.0108688409650961,0.0510000000000048,-0.012043905439373));
#6902=CARTESIAN_POINT('',(-0.0109215984382669,0.054,-0.0120319356209876));
#6903=CARTESIAN_POINT('',(-0.0109215984382669,0.0510000000000048,-0.0120319356209876));
#6904=CARTESIAN_POINT('',(-0.0109760311603126,0.054,-0.0120192004880827));
#6905=CARTESIAN_POINT('',(-0.0109760311603126,0.0510000000000048,-0.0120192004880827));
#6906=CARTESIAN_POINT('',(-0.0110341445878583,0.054,-0.0120052181007667));
#6907=CARTESIAN_POINT('',(-0.0110341445878583,0.0510000000000048,-0.0120052181007667));
#6908=CARTESIAN_POINT('',(-0.0110946082917985,0.054,-0.0119903004550036));
#6909=CARTESIAN_POINT('',(-0.0110946082917985,0.0510000000000048,-0.0119903004550036));
#6910=CARTESIAN_POINT('',(-0.0111783046512964,0.054,-0.0119691549470716));
#6911=CARTESIAN_POINT('',(-0.0111783046512964,0.0510000000000048,-0.0119691549470716));
#6912=CARTESIAN_POINT('',(-0.0112871280316685,0.054,-0.0119407197874142));
#6913=CARTESIAN_POINT('',(-0.0112871280316685,0.0510000000000048,-0.0119407197874142));
#6914=CARTESIAN_POINT('',(-0.0114696939248808,0.054,-0.0118909235060067));
#6915=CARTESIAN_POINT('',(-0.0114696939248808,0.0510000000000048,-0.0118909235060067));
#6916=CARTESIAN_POINT('',(-0.0117091403115005,0.054,-0.0118215591575737));
#6917=CARTESIAN_POINT('',(-0.0117091403115005,0.0510000000000048,-0.0118215591575737));
#6918=CARTESIAN_POINT('',(-0.0120057152441277,0.054,-0.0117285751853088));
#6919=CARTESIAN_POINT('',(-0.0120057152441277,0.0510000000000048,-0.0117285751853088));
#6920=CARTESIAN_POINT('',(-0.0123003779246263,0.054,-0.0116285190073017));
#6921=CARTESIAN_POINT('',(-0.0123003779246263,0.0510000000000048,-0.0116285190073017));
#6922=CARTESIAN_POINT('',(-0.0125900254538954,0.054,-0.0115218242751223));
#6923=CARTESIAN_POINT('',(-0.0125900254538954,0.0510000000000048,-0.0115218242751223));
#6924=CARTESIAN_POINT('',(-0.0128252329205434,0.054,-0.0114279240614076));
#6925=CARTESIAN_POINT('',(-0.0128252329205434,0.0510000000000048,-0.0114279240614076));
#6926=CARTESIAN_POINT('',(-0.0130065007028164,0.054,-0.0113509831115392));
#6927=CARTESIAN_POINT('',(-0.0130065007028164,0.0510000000000048,-0.0113509831115392));
#6928=CARTESIAN_POINT('',(-0.0131386948342887,0.054,-0.0112924938885005));
#6929=CARTESIAN_POINT('',(-0.0131386948342887,0.0510000000000048,-0.0112924938885005));
#6930=CARTESIAN_POINT('',(-0.0132664155002595,0.054,-0.0112335428652022));
#6931=CARTESIAN_POINT('',(-0.0132664155002595,0.0510000000000048,-0.0112335428652022));
#6932=CARTESIAN_POINT('',(-0.0133883373552045,0.054,-0.011174767711746));
#6933=CARTESIAN_POINT('',(-0.0133883373552045,0.0510000000000048,-0.011174767711746));
#6934=CARTESIAN_POINT('',(-0.0135055375132595,0.054,-0.0111156889246712));
#6935=CARTESIAN_POINT('',(-0.0135055375132595,0.0510000000000048,-0.0111156889246712));
#6936=CARTESIAN_POINT('',(-0.013617488644603,0.054,-0.0110566434716829));
#6937=CARTESIAN_POINT('',(-0.013617488644603,0.0510000000000048,-0.0110566434716829));
#6938=CARTESIAN_POINT('',(-0.0137259029993147,0.054,-0.0109968143111983));
#6939=CARTESIAN_POINT('',(-0.0137259029993147,0.0510000000000048,-0.0109968143111983));
#6940=CARTESIAN_POINT('',(-0.0138651848930797,0.054,-0.0109163798559704));
#6941=CARTESIAN_POINT('',(-0.0138651848930797,0.0510000000000048,-0.0109163798559704));
#6942=CARTESIAN_POINT('',(-0.0139980315378597,0.054,-0.0108342514106238));
#6943=CARTESIAN_POINT('',(-0.0139980315378597,0.0510000000000048,-0.0108342514106238));
#6944=CARTESIAN_POINT('',(-0.0141260302861288,0.054,-0.0107496290430431));
#6945=CARTESIAN_POINT('',(-0.0141260302861288,0.0510000000000048,-0.0107496290430431));
#6946=CARTESIAN_POINT('',(-0.0142197469065243,0.054,-0.0106848650609294));
#6947=CARTESIAN_POINT('',(-0.0142197469065243,0.0510000000000048,-0.0106848650609294));
#6948=CARTESIAN_POINT('',(-0.0143125223354421,0.054,-0.0106178730202736));
#6949=CARTESIAN_POINT('',(-0.0143125223354421,0.0510000000000048,-0.0106178730202736));
#6950=CARTESIAN_POINT('',(-0.0144043429421752,0.054,-0.0105486620772948));
#6951=CARTESIAN_POINT('',(-0.0144043429421752,0.0510000000000048,-0.0105486620772948));
#6952=CARTESIAN_POINT('',(-0.0144953973558666,0.054,-0.0104771245275741));
#6953=CARTESIAN_POINT('',(-0.0144953973558666,0.0510000000000048,-0.0104771245275741));
#6954=CARTESIAN_POINT('',(-0.0145847028676588,0.054,-0.0104040370019455));
#6955=CARTESIAN_POINT('',(-0.0145847028676588,0.0510000000000048,-0.0104040370019455));
#6956=CARTESIAN_POINT('',(-0.0146718858883267,0.054,-0.0103297798102994));
#6957=CARTESIAN_POINT('',(-0.0146718858883267,0.0510000000000048,-0.0103297798102994));
#6958=CARTESIAN_POINT('',(-0.01475651769457,0.054,-0.0102547648670712));
#6959=CARTESIAN_POINT('',(-0.01475651769457,0.0510000000000048,-0.0102547648670712));
#6960=CARTESIAN_POINT('',(-0.0148378916104919,0.054,-0.0101797138977702));
#6961=CARTESIAN_POINT('',(-0.0148378916104919,0.0510000000000048,-0.0101797138977702));
#6962=CARTESIAN_POINT('',(-0.0149149009197216,0.054,-0.0101057809029993));
#6963=CARTESIAN_POINT('',(-0.0149149009197216,0.0510000000000048,-0.0101057809029993));
#6964=CARTESIAN_POINT('',(-0.0149767967646635,0.054,-0.0100438828676112));
#6965=CARTESIAN_POINT('',(-0.0149767967646635,0.0510000000000048,-0.0100438828676112));
#6966=CARTESIAN_POINT('',(-0.0150237906748328,0.054,-0.00999542918873688));
#6967=CARTESIAN_POINT('',(-0.0150237906748328,0.0510000000000048,-0.00999542918873688));
#6968=CARTESIAN_POINT('',(-0.0150699905407458,0.054,-0.00994681176609584));
#6969=CARTESIAN_POINT('',(-0.0150699905407458,0.0510000000000048,-0.00994681176609584));
#6970=CARTESIAN_POINT('',(-0.0151252085653998,0.054,-0.00988687441712098));
#6971=CARTESIAN_POINT('',(-0.0151252085653998,0.0510000000000048,-0.00988687441712098));
#6972=CARTESIAN_POINT('',(-0.0151762222668655,0.054,-0.00982914481972282));
#6973=CARTESIAN_POINT('',(-0.0151762222668655,0.0510000000000048,-0.00982914481972282));
#6974=CARTESIAN_POINT('',(-0.0152141652862471,0.054,-0.00978483836608721));
#6975=CARTESIAN_POINT('',(-0.0152141652862471,0.0510000000000048,-0.00978483836608721));
#6976=CARTESIAN_POINT('',(-0.0152409794640747,0.054,-0.00975283480576749));
#6977=CARTESIAN_POINT('',(-0.0152409794640747,0.0510000000000048,-0.00975283480576749));
#6978=CARTESIAN_POINT('',(-0.0152661418675218,0.054,-0.00972212857241021));
#6979=CARTESIAN_POINT('',(-0.0152661418675218,0.0510000000000048,-0.00972212857241021));
#6980=CARTESIAN_POINT('',(-0.0152898289523662,0.054,-0.00969254719285906));
#6981=CARTESIAN_POINT('',(-0.0152898289523662,0.0510000000000048,-0.00969254719285906));
#6982=CARTESIAN_POINT('',(-0.0153077045248086,0.054,-0.0096696883483102));
#6983=CARTESIAN_POINT('',(-0.0153077045248086,0.0510000000000048,-0.0096696883483102));
#6984=CARTESIAN_POINT('',(-0.0153206411144499,0.054,-0.00965283893288637));
#6985=CARTESIAN_POINT('',(-0.0153206411144499,0.0510000000000048,-0.00965283893288637));
#6986=CARTESIAN_POINT('',(-0.0153296997804871,0.054,-0.00964089068052563));
#6987=CARTESIAN_POINT('',(-0.0153296997804871,0.0510000000000048,-0.00964089068052563));
#6988=CARTESIAN_POINT('',(-0.015338580665878,0.054,-0.00962902348147302));
#6989=CARTESIAN_POINT('',(-0.015338580665878,0.0510000000000048,-0.00962902348147302));
#6990=CARTESIAN_POINT('',(-0.0153474209468513,0.054,-0.00961705589648293));
#6991=CARTESIAN_POINT('',(-0.0153474209468513,0.0510000000000048,-0.00961705589648293));
#6992=CARTESIAN_POINT('',(-0.0153558765945023,0.054,-0.00960545470546321));
#6993=CARTESIAN_POINT('',(-0.0153558765945023,0.0510000000000048,-0.00960545470546321));
#6994=CARTESIAN_POINT('',(-0.0153635083291894,0.054,-0.00959484401694321));
#6995=CARTESIAN_POINT('',(-0.0153635083291894,0.0510000000000048,-0.00959484401694321));
#6996=CARTESIAN_POINT('',(-0.0153707367288335,0.054,-0.0095846583624546));
#6997=CARTESIAN_POINT('',(-0.0153707367288335,0.0510000000000048,-0.0095846583624546));
#6998=CARTESIAN_POINT('',(-0.015380771506688,0.054,-0.00957032990074838));
#6999=CARTESIAN_POINT('',(-0.015380771506688,0.0510000000000048,-0.00957032990074838));
#7000=CARTESIAN_POINT('',(-0.015393389656173,0.054,-0.00955195908915634));
#7001=CARTESIAN_POINT('',(-0.015393389656173,0.0510000000000048,-0.00955195908915634));
#7002=CARTESIAN_POINT('',(-0.0154093370065566,0.054,-0.00952815576132489));
#7003=CARTESIAN_POINT('',(-0.0154093370065566,0.0510000000000048,-0.00952815576132489));
#7004=CARTESIAN_POINT('',(-0.0154263939002866,0.054,-0.00950209774826482));
#7005=CARTESIAN_POINT('',(-0.0154263939002866,0.0510000000000048,-0.00950209774826482));
#7006=CARTESIAN_POINT('',(-0.0154446732015281,0.054,-0.00947356838226311));
#7007=CARTESIAN_POINT('',(-0.0154446732015281,0.0510000000000048,-0.00947356838226311));
#7008=CARTESIAN_POINT('',(-0.0154652431482326,0.054,-0.00944084798268161));
#7009=CARTESIAN_POINT('',(-0.0154652431482326,0.0510000000000048,-0.00944084798268161));
#7010=CARTESIAN_POINT('',(-0.0154878541410942,0.054,-0.00940429293952861));
#7011=CARTESIAN_POINT('',(-0.0154878541410942,0.0510000000000048,-0.00940429293952861));
#7012=CARTESIAN_POINT('',(-0.0155129395507372,0.054,-0.00936318942165318));
#7013=CARTESIAN_POINT('',(-0.0155129395507372,0.0510000000000048,-0.00936318942165318));
#7014=CARTESIAN_POINT('',(-0.0155408960463929,0.054,-0.00931691216918132));
#7015=CARTESIAN_POINT('',(-0.0155408960463929,0.0510000000000048,-0.00931691216918132));
#7016=CARTESIAN_POINT('',(-0.0155662330841589,0.054,-0.00927466960350695));
#7017=CARTESIAN_POINT('',(-0.0155662330841589,0.0510000000000048,-0.00927466960350695));
#7018=CARTESIAN_POINT('',(-0.0155883369938592,0.054,-0.00923769829346501));
#7019=CARTESIAN_POINT('',(-0.0155883369938592,0.0510000000000048,-0.00923769829346501));
#7020=CARTESIAN_POINT('',(-0.0156108157142605,0.054,-0.00920005328542872));
#7021=CARTESIAN_POINT('',(-0.0156108157142605,0.0510000000000048,-0.00920005328542872));
#7022=CARTESIAN_POINT('',(-0.0156496908848808,0.054,-0.00913478731330209));
#7023=CARTESIAN_POINT('',(-0.0156496908848808,0.0510000000000048,-0.00913478731330209));
#7024=CARTESIAN_POINT('',(-0.0157029630234447,0.054,-0.00904452469247899));
#7025=CARTESIAN_POINT('',(-0.0157029630234447,0.0510000000000048,-0.00904452469247899));
#7026=CARTESIAN_POINT('',(-0.0157641976844081,0.054,-0.00893848731540005));
#7027=CARTESIAN_POINT('',(-0.0157641976844081,0.0510000000000048,-0.00893848731540005));
#7028=CARTESIAN_POINT('',(-0.0158221464646917,0.054,-0.00883505086823921));
#7029=CARTESIAN_POINT('',(-0.0158221464646917,0.0510000000000048,-0.00883505086823921));
#7030=CARTESIAN_POINT('',(-0.0158768853398328,0.054,-0.00873343411954775));
#7031=CARTESIAN_POINT('',(-0.0158768853398328,0.0510000000000048,-0.00873343411954775));
#7032=CARTESIAN_POINT('',(-0.0159195616397876,0.054,-0.00865036117416976));
#7033=CARTESIAN_POINT('',(-0.0159195616397876,0.0510000000000048,-0.00865036117416976));
#7034=CARTESIAN_POINT('',(-0.015951728725004,0.054,-0.00858505041390504));
#7035=CARTESIAN_POINT('',(-0.015951728725004,0.0510000000000048,-0.00858505041390504));
#7036=CARTESIAN_POINT('',(-0.0159747699885303,0.054,-0.00853681281567606));
#7037=CARTESIAN_POINT('',(-0.0159747699885303,0.0510000000000048,-0.00853681281567606));
#7038=CARTESIAN_POINT('',(-0.0159968807959447,0.054,-0.00848894885085589));
#7039=CARTESIAN_POINT('',(-0.0159968807959447,0.0510000000000048,-0.00848894885085589));
#7040=CARTESIAN_POINT('',(-0.0160142085318996,0.054,-0.00845006154265241));
#7041=CARTESIAN_POINT('',(-0.0160142085318996,0.0510000000000048,-0.00845006154265241));
#7042=CARTESIAN_POINT('',(-0.0160278653681822,0.054,-0.00841852317947382));
#7043=CARTESIAN_POINT('',(-0.0160278653681822,0.0510000000000048,-0.00841852317947382));
#7044=CARTESIAN_POINT('',(-0.0160421400121134,0.054,-0.00838493447026169));
#7045=CARTESIAN_POINT('',(-0.0160421400121134,0.0510000000000048,-0.00838493447026169));
#7046=CARTESIAN_POINT('',(-0.0160602769087264,0.054,-0.00834107254777229));
#7047=CARTESIAN_POINT('',(-0.0160602769087264,0.0510000000000048,-0.00834107254777229));
#7048=CARTESIAN_POINT('',(-0.0160826453823252,0.054,-0.00828504929101069));
#7049=CARTESIAN_POINT('',(-0.0160826453823252,0.0510000000000048,-0.00828504929101069));
#7050=CARTESIAN_POINT('',(-0.0161128269381296,0.054,-0.00820686051592715));
#7051=CARTESIAN_POINT('',(-0.0161128269381296,0.0510000000000048,-0.00820686051592715));
#7052=CARTESIAN_POINT('',(-0.0161507055286253,0.054,-0.00810388099477903));
#7053=CARTESIAN_POINT('',(-0.0161507055286253,0.0510000000000048,-0.00810388099477903));
#7054=CARTESIAN_POINT('',(-0.0161952430752101,0.054,-0.00797518391454088));
#7055=CARTESIAN_POINT('',(-0.0161952430752101,0.0510000000000048,-0.00797518391454088));
#7056=CARTESIAN_POINT('',(-0.0162377295613693,0.054,-0.00784507804414657));
#7057=CARTESIAN_POINT('',(-0.0162377295613693,0.0510000000000048,-0.00784507804414657));
#7058=CARTESIAN_POINT('',(-0.0162773705370621,0.054,-0.00771663846999341));
#7059=CARTESIAN_POINT('',(-0.0162773705370621,0.0510000000000048,-0.00771663846999341));
#7060=CARTESIAN_POINT('',(-0.0163073030887653,0.054,-0.00761404292404064));
#7061=CARTESIAN_POINT('',(-0.0163073030887653,0.0510000000000048,-0.00761404292404064));
#7062=CARTESIAN_POINT('',(-0.0163290397755185,0.054,-0.00753632642844383));
#7063=CARTESIAN_POINT('',(-0.0163290397755185,0.0510000000000048,-0.00753632642844383));
#7064=CARTESIAN_POINT('',(-0.0163417851364055,0.054,-0.0074893904875119));
#7065=CARTESIAN_POINT('',(-0.0163417851364055,0.0510000000000048,-0.0074893904875119));
#7066=CARTESIAN_POINT('',(-0.016351283493066,0.054,-0.00745362138198321));
#7067=CARTESIAN_POINT('',(-0.016351283493066,0.0510000000000048,-0.00745362138198321));
#7068=CARTESIAN_POINT('',(-0.0163601212581338,0.054,-0.00741980460856172));
#7069=CARTESIAN_POINT('',(-0.0163601212581338,0.0510000000000048,-0.00741980460856172));
#7070=CARTESIAN_POINT('',(-0.0163702670203985,0.054,-0.00737998241789912));
#7071=CARTESIAN_POINT('',(-0.0163702670203985,0.0510000000000048,-0.00737998241789912));
#7072=CARTESIAN_POINT('',(-0.0163813015607683,0.054,-0.00733507771957247));
#7073=CARTESIAN_POINT('',(-0.0163813015607683,0.0510000000000048,-0.00733507771957247));
#7074=CARTESIAN_POINT('',(-0.0163909019819371,0.054,-0.00729443828860898));
#7075=CARTESIAN_POINT('',(-0.0163909019819371,0.0510000000000048,-0.00729443828860898));
#7076=CARTESIAN_POINT('',(-0.0163994858676891,0.054,-0.00725650172312205));
#7077=CARTESIAN_POINT('',(-0.0163994858676891,0.0510000000000048,-0.00725650172312205));
#7078=CARTESIAN_POINT('',(-0.0164098569475756,0.054,-0.00720853210589743));
#7079=CARTESIAN_POINT('',(-0.0164098569475756,0.0510000000000048,-0.00720853210589743));
#7080=CARTESIAN_POINT('',(-0.0164191435047586,0.054,-0.00716228570323433));
#7081=CARTESIAN_POINT('',(-0.0164191435047586,0.0510000000000048,-0.00716228570323433));
#7082=CARTESIAN_POINT('',(-0.0164279246358672,0.054,-0.00711510095119018));
#7083=CARTESIAN_POINT('',(-0.0164279246358672,0.0510000000000048,-0.00711510095119018));
#7084=CARTESIAN_POINT('',(-0.0164344474046138,0.054,-0.0070782021156554));
#7085=CARTESIAN_POINT('',(-0.0164344474046138,0.0510000000000048,-0.0070782021156554));
#7086=CARTESIAN_POINT('',(-0.0164410522726791,0.054,-0.00703887926581531));
#7087=CARTESIAN_POINT('',(-0.0164410522726791,0.0510000000000048,-0.00703887926581531));
#7088=CARTESIAN_POINT('',(-0.0164468855130658,0.054,-0.00700241942943981));
#7089=CARTESIAN_POINT('',(-0.0164468855130658,0.0510000000000048,-0.00700241942943981));
#7090=CARTESIAN_POINT('',(-0.0164515816686762,0.054,-0.00697204007280538));
#7091=CARTESIAN_POINT('',(-0.0164515816686762,0.0510000000000048,-0.00697204007280538));
#7092=CARTESIAN_POINT('',(-0.0164550712760218,0.054,-0.00694895681190455));
#7093=CARTESIAN_POINT('',(-0.0164550712760218,0.0510000000000048,-0.00694895681190455));
#7094=CARTESIAN_POINT('',(-0.016458613034556,0.054,-0.00692501512647427));
#7095=CARTESIAN_POINT('',(-0.016458613034556,0.0510000000000048,-0.00692501512647427));
#7096=CARTESIAN_POINT('',(-0.0164622877223441,0.054,-0.00689964250404061));
#7097=CARTESIAN_POINT('',(-0.0164622877223441,0.0510000000000048,-0.00689964250404061));
#7098=CARTESIAN_POINT('',(-0.0164660255845227,0.054,-0.00687330748790248));
#7099=CARTESIAN_POINT('',(-0.0164660255845227,0.0510000000000048,-0.00687330748790248));
#7100=CARTESIAN_POINT('',(-0.016470924581534,0.054,-0.00683807416193004));
#7101=CARTESIAN_POINT('',(-0.016470924581534,0.0510000000000048,-0.00683807416193004));
#7102=CARTESIAN_POINT('',(-0.0164769417082567,0.054,-0.00679342199864617));
#7103=CARTESIAN_POINT('',(-0.0164769417082567,0.0510000000000048,-0.00679342199864617));
#7104=CARTESIAN_POINT('',(-0.0164839605221916,0.054,-0.00673900025181618));
#7105=CARTESIAN_POINT('',(-0.0164839605221916,0.0510000000000048,-0.00673900025181618));
#7106=CARTESIAN_POINT('',(-0.0164930969391451,0.054,-0.00666485260421306));
#7107=CARTESIAN_POINT('',(-0.0164930969391451,0.0510000000000048,-0.00666485260421306));
#7108=CARTESIAN_POINT('',(-0.0165038783101798,0.054,-0.00657078835671509));
#7109=CARTESIAN_POINT('',(-0.0165038783101798,0.0510000000000048,-0.00657078835671509));
#7110=CARTESIAN_POINT('',(-0.0165134452743625,0.054,-0.00647759042687698));
#7111=CARTESIAN_POINT('',(-0.0165134452743625,0.0510000000000048,-0.00647759042687698));
#7112=CARTESIAN_POINT('',(-0.0165202384133692,0.054,-0.00640468886350389));
#7113=CARTESIAN_POINT('',(-0.0165202384133692,0.0510000000000048,-0.00640468886350389));
#7114=CARTESIAN_POINT('',(-0.0165248851463911,0.054,-0.00635100431584801));
#7115=CARTESIAN_POINT('',(-0.0165248851463911,0.0510000000000048,-0.00635100431584801));
#7116=CARTESIAN_POINT('',(-0.0165290059853388,0.054,-0.00629923347367333));
#7117=CARTESIAN_POINT('',(-0.0165290059853388,0.0510000000000048,-0.00629923347367333));
#7118=CARTESIAN_POINT('',(-0.0165319405440494,0.054,-0.00625860287689828));
#7119=CARTESIAN_POINT('',(-0.0165319405440494,0.0510000000000048,-0.00625860287689828));
#7120=CARTESIAN_POINT('',(-0.0165340972968854,0.054,-0.00622609777248969));
#7121=CARTESIAN_POINT('',(-0.0165340972968854,0.0510000000000048,-0.00622609777248969));
#7122=CARTESIAN_POINT('',(-0.0165355865589286,0.054,-0.00620224185525364));
#7123=CARTESIAN_POINT('',(-0.0165355865589286,0.0510000000000048,-0.00620224185525364));
#7124=CARTESIAN_POINT('',(-0.016536940929089,0.054,-0.00617906610139473));
#7125=CARTESIAN_POINT('',(-0.016536940929089,0.0510000000000048,-0.00617906610139473));
#7126=CARTESIAN_POINT('',(-0.0165386939951737,0.054,-0.00614699296462478));
#7127=CARTESIAN_POINT('',(-0.0165386939951737,0.0510000000000048,-0.00614699296462478));
#7128=CARTESIAN_POINT('',(-0.0165407021677441,0.054,-0.00610622542482812));
#7129=CARTESIAN_POINT('',(-0.0165407021677441,0.0510000000000048,-0.00610622542482812));
#7130=CARTESIAN_POINT('',(-0.0165435591151054,0.054,-0.00603930962142824));
#7131=CARTESIAN_POINT('',(-0.0165435591151054,0.0510000000000048,-0.00603930962142824));
#7132=CARTESIAN_POINT('',(-0.0165465736539108,0.054,-0.00595098498841873));
#7133=CARTESIAN_POINT('',(-0.0165465736539108,0.0510000000000048,-0.00595098498841873));
#7134=CARTESIAN_POINT('',(-0.01654955056201,0.054,-0.00583543131257436));
#7135=CARTESIAN_POINT('',(-0.01654955056201,0.0510000000000048,-0.00583543131257436));
#7136=CARTESIAN_POINT('',(-0.0165517704079558,0.054,-0.00572977806422516));
#7137=CARTESIAN_POINT('',(-0.0165517704079558,0.0510000000000048,-0.00572977806422516));
#7138=CARTESIAN_POINT('',(-0.016553613564535,0.054,-0.00563869727307003));
#7139=CARTESIAN_POINT('',(-0.016553613564535,0.0510000000000048,-0.00563869727307003));
#7140=CARTESIAN_POINT('',(-0.01655508844918,0.054,-0.00556739686435078));
#7141=CARTESIAN_POINT('',(-0.01655508844918,0.0510000000000048,-0.00556739686435078));
#7142=CARTESIAN_POINT('',(-0.0165567389930492,0.054,-0.00549234290442521));
#7143=CARTESIAN_POINT('',(-0.0165567389930492,0.0510000000000048,-0.00549234290442521));
#7144=CARTESIAN_POINT('',(-0.0165592477493969,0.054,-0.00538917342318261));
#7145=CARTESIAN_POINT('',(-0.0165592477493969,0.0510000000000048,-0.00538917342318261));
#7146=CARTESIAN_POINT('',(-0.0165626932854574,0.054,-0.00526307217062798));
#7147=CARTESIAN_POINT('',(-0.0165626932854574,0.0510000000000048,-0.00526307217062798));
#7148=CARTESIAN_POINT('',(-0.0165670655123739,0.054,-0.00511274679846554));
#7149=CARTESIAN_POINT('',(-0.0165670655123739,0.0510000000000048,-0.00511274679846554));
#7150=CARTESIAN_POINT('',(-0.0165714108788054,0.054,-0.00496270312329768));
#7151=CARTESIAN_POINT('',(-0.0165714108788054,0.0510000000000048,-0.00496270312329768));
#7152=CARTESIAN_POINT('',(-0.0165755124420024,0.054,-0.00481129546831377));
#7153=CARTESIAN_POINT('',(-0.0165755124420024,0.0510000000000048,-0.00481129546831377));
#7154=CARTESIAN_POINT('',(-0.0165791711950361,0.054,-0.00465699717600877));
#7155=CARTESIAN_POINT('',(-0.0165791711950361,0.0510000000000048,-0.00465699717600877));
#7156=CARTESIAN_POINT('',(-0.0165821942429922,0.054,-0.00449831999363329));
#7157=CARTESIAN_POINT('',(-0.0165821942429922,0.0510000000000048,-0.00449831999363329));
#7158=CARTESIAN_POINT('',(-0.0165836583548497,0.054,-0.0043886728617447));
#7159=CARTESIAN_POINT('',(-0.0165836583548497,0.0510000000000048,-0.0043886728617447));
#7160=CARTESIAN_POINT('',(-0.0165842203888092,0.054,-0.00433248127667928));
#7161=CARTESIAN_POINT('',(-0.0165842203888092,0.0510000000000048,-0.00433248127667928));
#7162=CARTESIAN_POINT('',(-0.0165842203888092,0.054,-0.00433248127667928));
#7163=CARTESIAN_POINT('',(-0.0165847824227687,0.054,-0.00427628969161387));
#7164=CARTESIAN_POINT('',(-0.0165855664467492,0.054,-0.00416117048324079));
#7165=CARTESIAN_POINT('',(-0.016585578995737,0.054,-0.00392170574447833));
#7166=CARTESIAN_POINT('',(-0.0165822972459336,0.054,-0.0036119549337896));
#7167=CARTESIAN_POINT('',(-0.0165738311701372,0.054,-0.00330560154436809));
#7168=CARTESIAN_POINT('',(-0.0165649885474255,0.054,-0.0031023622014504));
#7169=CARTESIAN_POINT('',(-0.0165591430393244,0.054,-0.00299127753457635));
#7170=CARTESIAN_POINT('',(-0.0165543616160072,0.054,-0.00291062411579166));
#7171=CARTESIAN_POINT('',(-0.0165492404553978,0.054,-0.00283357651450972));
#7172=CARTESIAN_POINT('',(-0.0165447237774449,0.054,-0.00277283688585655));
#7173=CARTESIAN_POINT('',(-0.0165409314749638,0.054,-0.00272585705420257));
#7174=CARTESIAN_POINT('',(-0.0165380476384317,0.054,-0.00269200628150489));
#7175=CARTESIAN_POINT('',(-0.0165351045624502,0.054,-0.00265925589761002));
#7176=CARTESIAN_POINT('',(-0.0165289985971382,0.054,-0.00259470685780898));
#7177=CARTESIAN_POINT('',(-0.0165213938827701,0.054,-0.00252363080587822));
#7178=CARTESIAN_POINT('',(-0.0165120517164517,0.054,-0.00244693137835579));
#7179=CARTESIAN_POINT('',(-0.0165047622098195,0.054,-0.00239173207223322));
#7180=CARTESIAN_POINT('',(-0.0164971210713258,0.054,-0.00233810810050677));
#7181=CARTESIAN_POINT('',(-0.0164890468084113,0.054,-0.00228530663483776));
#7182=CARTESIAN_POINT('',(-0.0164805857677553,0.054,-0.00223352495466961));
#7183=CARTESIAN_POINT('',(-0.0164718015152951,0.054,-0.00218298557937568));
#7184=CARTESIAN_POINT('',(-0.016462568492873,0.054,-0.0021328689138019));
#7185=CARTESIAN_POINT('',(-0.0164527607946441,0.054,-0.00208242254759667));
#7186=CARTESIAN_POINT('',(-0.0164423775823457,0.054,-0.00203163007513281));
#7187=CARTESIAN_POINT('',(-0.0164313774442048,0.054,-0.00198025181686268));
#7188=CARTESIAN_POINT('',(-0.0164197075909499,0.054,-0.00192802371714573));
#7189=CARTESIAN_POINT('',(-0.0164071221205518,0.054,-0.0018738663815245));
#7190=CARTESIAN_POINT('',(-0.01639397679245,0.054,-0.00181928851322467));
#7191=CARTESIAN_POINT('',(-0.0163755620043748,0.054,-0.00174538345334185));
#7192=CARTESIAN_POINT('',(-0.0163517368569097,0.054,-0.00165440961525558));
#7193=CARTESIAN_POINT('',(-0.0163213949247784,0.054,-0.00154574066935529));
#7194=CARTESIAN_POINT('',(-0.0162899529680653,0.054,-0.00143996477253071));
#7195=CARTESIAN_POINT('',(-0.0162575557252146,0.054,-0.00133750807361946));
#7196=CARTESIAN_POINT('',(-0.0162299277091708,0.054,-0.00125533189172336));
#7197=CARTESIAN_POINT('',(-0.0162078471370648,0.054,-0.00119260906839725));
#7198=CARTESIAN_POINT('',(-0.0161940752662355,0.054,-0.00115467881114182));
#7199=CARTESIAN_POINT('',(-0.016182975498527,0.054,-0.00112481491449171));
#7200=CARTESIAN_POINT('',(-0.0161748363960868,0.054,-0.00110325583885865));
#7201=CARTESIAN_POINT('',(-0.0161665897965765,0.054,-0.00108175329464706));
#7202=CARTESIAN_POINT('',(-0.0161552318183745,0.054,-0.00105258654774284));
#7203=CARTESIAN_POINT('',(-0.0161408674770842,0.054,-0.00101651501765409));
#7204=CARTESIAN_POINT('',(-0.016116838740547,0.054,-0.000957832333246744));
#7205=CARTESIAN_POINT('',(-0.0160849346959536,0.054,-0.000882883175725375));
#7206=CARTESIAN_POINT('',(-0.0160440431414394,0.054,-0.000791115424462381));
#7207=CARTESIAN_POINT('',(-0.0160001190616053,0.054,-0.000696347424990303));
#7208=CARTESIAN_POINT('',(-0.0159613227236591,0.054,-0.00061538328180746));
#7209=CARTESIAN_POINT('',(-0.0159287408666221,0.054,-0.000548784930041233));
#7210=CARTESIAN_POINT('',(-0.0159075983792431,0.054,-0.000506091966067223));
#7211=CARTESIAN_POINT('',(-0.015890675776334,0.054,-0.000472189986809825));
#7212=CARTESIAN_POINT('',(-0.0158778251122118,0.054,-0.00044657870900635));
#7213=CARTESIAN_POINT('',(-0.0158648666834719,0.054,-0.000420879944720063));
#7214=CARTESIAN_POINT('',(-0.0158481432289172,0.054,-0.000387891177299029));
#7215=CARTESIAN_POINT('',(-0.0158276041708235,0.054,-0.000347721840263437));
#7216=CARTESIAN_POINT('',(-0.0157955054611122,0.054,-0.000285720445467201));
#7217=CARTESIAN_POINT('',(-0.0157567652054179,0.054,-0.000212420486125764));
#7218=CARTESIAN_POINT('',(-0.0157194457247355,0.054,-0.000143962365353802));
#7219=CARTESIAN_POINT('',(-0.015690055364165,0.054,-9.14109343032896E-5));
#7220=CARTESIAN_POINT('',(-0.015668051305085,0.054,-5.27613363607749E-5));
#7221=CARTESIAN_POINT('',(-0.0156462304813374,0.054,-1.51397243692637E-5));
#7222=CARTESIAN_POINT('',(-0.0156248388294765,0.054,2.10498359490911E-5));
#7223=CARTESIAN_POINT('',(-0.0156025435811095,0.054,5.80311402736752E-5));
#7224=CARTESIAN_POINT('',(-0.0155797823113439,0.054,9.50592975686347E-5));
#7225=CARTESIAN_POINT('',(-0.0155569118591145,0.054,0.000131546451345273));
#7226=CARTESIAN_POINT('',(-0.0155325711298614,0.054,0.000169663549466454));
#7227=CARTESIAN_POINT('',(-0.0155074201814382,0.054,0.00020834318854898));
#7228=CARTESIAN_POINT('',(-0.0154731771780502,0.054,0.000260090652246485));
#7229=CARTESIAN_POINT('',(-0.0154289907351341,0.054,0.00032517879193501));
#7230=CARTESIAN_POINT('',(-0.0153744175320802,0.054,0.000402942482109417));
#7231=CARTESIAN_POINT('',(-0.0153285913133493,0.054,0.000466154961127352));
#7232=CARTESIAN_POINT('',(-0.0152964873718526,0.054,0.000509378059848563));
#7233=CARTESIAN_POINT('',(-0.0152783976522997,0.054,0.000533439938283974));
#7234=CARTESIAN_POINT('',(-0.0152646604264286,0.054,0.000551563122295753));
#7235=CARTESIAN_POINT('',(-0.0152512585236487,0.054,0.000569099806311757));
#7236=CARTESIAN_POINT('',(-0.0152340551166359,0.054,0.000591417708152699));
#7237=CARTESIAN_POINT('',(-0.0152047252498129,0.054,0.000628954487278225));
#7238=CARTESIAN_POINT('',(-0.0151665344811755,0.054,0.000676381523296457));
#7239=CARTESIAN_POINT('',(-0.0151297230328434,0.054,0.000720170000241839));
#7240=CARTESIAN_POINT('',(-0.0150999827731955,0.054,0.000754331476544657));
#7241=CARTESIAN_POINT('',(-0.0150775314642863,0.054,0.000779519633371553));
#7242=CARTESIAN_POINT('',(-0.0150539922675165,0.054,0.000805300428845211));
#7243=CARTESIAN_POINT('',(-0.0150280611989483,0.054,0.000833040336013639));
#7244=CARTESIAN_POINT('',(-0.0150002002127889,0.054,0.000862153041815442));
#7245=CARTESIAN_POINT('',(-0.0149607509365798,0.054,0.000902447334887166));
#7246=CARTESIAN_POINT('',(-0.0149167796766662,0.054,0.000945917580317384));
#7247=CARTESIAN_POINT('',(-0.0148668801755919,0.054,0.000993666075124327));
#7248=CARTESIAN_POINT('',(-0.0148262262970019,0.054,0.00103177996773033));
#7249=CARTESIAN_POINT('',(-0.0147830563201795,0.054,0.0010714659920886));
#7250=CARTESIAN_POINT('',(-0.0147382522361126,0.054,0.00111185887851666));
#7251=CARTESIAN_POINT('',(-0.0146915910072129,0.054,0.00115312439518487));
#7252=CARTESIAN_POINT('',(-0.0146267420888352,0.054,0.00120938042529813));
#7253=CARTESIAN_POINT('',(-0.0145421639581094,0.054,0.00128069662949033));
#7254=CARTESIAN_POINT('',(-0.0144359741160082,0.054,0.00136678991148896));
#7255=CARTESIAN_POINT('',(-0.0143446232072427,0.054,0.00143793338033577));
#7256=CARTESIAN_POINT('',(-0.0142708722081973,0.054,0.00149357422980967));
#7257=CARTESIAN_POINT('',(-0.0142151567495704,0.054,0.00153470309434647));
#7258=CARTESIAN_POINT('',(-0.014159550447806,0.054,0.00157483674662692));
#7259=CARTESIAN_POINT('',(-0.0141045383716204,0.054,0.00161362372484555));
#7260=CARTESIAN_POINT('',(-0.0140581461356581,0.054,0.00164554520341871));
#7261=CARTESIAN_POINT('',(-0.0140214065134343,0.054,0.00167035658369827));
#7262=CARTESIAN_POINT('',(-0.0139839181779762,0.054,0.00169536283242981));
#7263=CARTESIAN_POINT('',(-0.0139363930989915,0.054,0.00172648401184374));
#7264=CARTESIAN_POINT('',(-0.0138591323084267,0.054,0.00177585874994945));
#7265=CARTESIAN_POINT('',(-0.013720499637557,0.054,0.00186130594651472));
#7266=CARTESIAN_POINT('',(-0.0135130888056888,0.054,0.0019803589856987));
#7267=CARTESIAN_POINT('',(-0.0132951045737762,0.054,0.00209442579252296));
#7268=CARTESIAN_POINT('',(-0.0131150300413839,0.054,0.00218247919905444));
#7269=CARTESIAN_POINT('',(-0.0129771863423531,0.054,0.00224693000216795));
#7270=CARTESIAN_POINT('',(-0.0128611904005031,0.054,0.00229881044763248));
#7271=CARTESIAN_POINT('',(-0.0127674257100829,0.054,0.00233936876327329));
#7272=CARTESIAN_POINT('',(-0.0126741905950367,0.054,0.00237878429177312));
#7273=CARTESIAN_POINT('',(-0.0125579679696995,0.054,0.00242621045447692));
#7274=CARTESIAN_POINT('',(-0.0124191912989066,0.054,0.0024801128080634));
#7275=CARTESIAN_POINT('',(-0.0122815210962047,0.054,0.00253087221597819));
#7276=CARTESIAN_POINT('',(-0.0121454652916403,0.054,0.00257833050640234));
#7277=CARTESIAN_POINT('',(-0.0120112356672154,0.054,0.00262245174868938));
#7278=CARTESIAN_POINT('',(-0.011901399070266,0.054,0.00265631338274608));
#7279=CARTESIAN_POINT('',(-0.0118148447353971,0.054,0.00268165509976972));
#7280=CARTESIAN_POINT('',(-0.0117612443935136,0.054,0.00269678656479757));
#7281=CARTESIAN_POINT('',(-0.011718851181553,0.054,0.00270841804199059));
#7282=CARTESIAN_POINT('',(-0.0116772115667287,0.054,0.00271962067292594));
#7283=CARTESIAN_POINT('',(-0.0116242938943512,0.054,0.002733429958664));
#7284=CARTESIAN_POINT('',(-0.0115610733838919,0.054,0.00274926381061709));
#7285=CARTESIAN_POINT('',(-0.0114739495378578,0.054,0.00277023580384812));
#7286=CARTESIAN_POINT('',(-0.0113612247187156,0.054,0.00279584906233605));
#7287=CARTESIAN_POINT('',(-0.0112209626451112,0.054,0.00282557183623463));
#7288=CARTESIAN_POINT('',(-0.0110750646061909,0.054,0.00285464357591207));
#7289=CARTESIAN_POINT('',(-0.0109232115362708,0.054,0.00288343174504439));
#7290=CARTESIAN_POINT('',(-0.0107923962885958,0.054,0.00290733274838761));
#7291=CARTESIAN_POINT('',(-0.0106847035442623,0.054,0.00292669734265562));
#7292=CARTESIAN_POINT('',(-0.0106025692160997,0.054,0.00294137281682498));
#7293=CARTESIAN_POINT('',(-0.0105328249494894,0.054,0.00295381095792188));
#7294=CARTESIAN_POINT('',(-0.0104764780584515,0.054,0.00296387967887881));
#7295=CARTESIAN_POINT('',(-0.0104334092960132,0.054,0.00297159546647477));
#7296=CARTESIAN_POINT('',(-0.0103907129411161,0.054,0.00297927396155061));
#7297=CARTESIAN_POINT('',(-0.0103350000377568,0.054,0.00298932121035914));
#7298=CARTESIAN_POINT('',(-0.0102678009312797,0.054,0.00300146143082049));
#7299=CARTESIAN_POINT('',(-0.0101906126267148,0.054,0.0030153551829469));
#7300=CARTESIAN_POINT('',(-0.0100919349040523,0.054,0.00303294387326418));
#7301=CARTESIAN_POINT('',(-0.00999907127719629,0.054,0.00304909052165312));
#7302=CARTESIAN_POINT('',(-0.00990992882594431,0.054,0.00306394961125156));
#7303=CARTESIAN_POINT('',(-0.00984500074931886,0.054,0.00307439830151388));
#7304=CARTESIAN_POINT('',(-0.00978069575346515,0.054,0.00308432215757472));
#7305=CARTESIAN_POINT('',(-0.00971620497091498,0.054,0.00309380936768744));
#7306=CARTESIAN_POINT('',(-0.0096513651104685,0.054,0.00310284183804268));
#7307=CARTESIAN_POINT('',(-0.00958621023732142,0.054,0.00311137913908843));
#7308=CARTESIAN_POINT('',(-0.00951955176987249,0.054,0.00311953037425098));
#7309=CARTESIAN_POINT('',(-0.00945043614258025,0.054,0.00312736516521061));
#7310=CARTESIAN_POINT('',(-0.0093906106123439,0.054,0.00313360167528326));
#7311=CARTESIAN_POINT('',(-0.00934107410757321,0.054,0.00313842152457798));
#7312=CARTESIAN_POINT('',(-0.00929092898158572,0.054,0.00314307053613711));
#7313=CARTESIAN_POINT('',(-0.00922443445448565,0.054,0.00314878359712115));
#7314=CARTESIAN_POINT('',(-0.00913949800022525,0.054,0.00315534555934555));
#7315=CARTESIAN_POINT('',(-0.00904788035526453,0.054,0.00316171485462479));
#7316=CARTESIAN_POINT('',(-0.00891842729649445,0.054,0.0031697965890979));
#7317=CARTESIAN_POINT('',(-0.00874293352023226,0.054,0.00317911060660706));
#7318=CARTESIAN_POINT('',(-0.00843479033427162,0.054,0.00319219837255321));
#7319=CARTESIAN_POINT('',(-0.00800246510138995,0.054,0.00320509743313065));
#7320=CARTESIAN_POINT('',(-0.00741522701031792,0.054,0.00321573539128542));
#7321=CARTESIAN_POINT('',(-0.0067659205919002,0.054,0.00322269074411366));
#7322=CARTESIAN_POINT('',(-0.00617702395686701,0.054,0.00322657868791492));
#7323=CARTESIAN_POINT('',(-0.00567926331035163,0.054,0.00322929039299922));
#7324=CARTESIAN_POINT('',(-0.00516388027164664,0.054,0.00323199672179741));
#7325=CARTESIAN_POINT('',(-0.00448994884762887,0.054,0.00323596167938045));
#7326=CARTESIAN_POINT('',(-0.00364632636799787,0.054,0.0032415480665224));
#7327=CARTESIAN_POINT('',(-0.00277467924760689,0.054,0.00324749664694021));
#7328=CARTESIAN_POINT('',(-0.00158629266840372,0.054,0.00325541479979025));
#7329=CARTESIAN_POINT('',(-7.15826131146192E-5,0.054,0.00326429926295288));
#7330=CARTESIAN_POINT('',(0.00142757415687654,0.054,0.00326924064751804));
#7331=CARTESIAN_POINT('',(0.002584469379093,0.054,0.0032692833230928));
#7332=CARTESIAN_POINT('',(0.00328263230609331,0.054,0.00326737034625852));
#7333=CARTESIAN_POINT('',(0.00382205599189336,0.054,0.00326447943761773));
#7334=CARTESIAN_POINT('',(0.00434852607391957,0.054,0.00326066180393237));
#7335=CARTESIAN_POINT('',(0.00523974690538481,0.054,0.00325172664568929));
#7336=CARTESIAN_POINT('',(0.00643578057195124,0.054,0.00323339514450218));
#7337=CARTESIAN_POINT('',(0.00755832028967465,0.054,0.00320995138813167));
#7338=CARTESIAN_POINT('',(0.00842933757106815,0.054,0.0031895060859384));
#7339=CARTESIAN_POINT('',(0.00896599140365773,0.054,0.00317631313997013));
#7340=CARTESIAN_POINT('',(0.00939283158342781,0.054,0.00316568579100691));
#7341=CARTESIAN_POINT('',(0.00981821481002166,0.054,0.00315507658525659));
#7342=CARTESIAN_POINT('',(0.0105553150211916,0.054,0.00313663893407453));
#7343=CARTESIAN_POINT('',(0.0113719297851346,0.054,0.00311610476726824));
#7344=CARTESIAN_POINT('',(0.0121428257667039,0.054,0.00309663390214166));
#7345=CARTESIAN_POINT('',(0.0126016593483183,0.054,0.00308501022056771));
#7346=CARTESIAN_POINT('',(0.0129084069110827,0.054,0.00307722553637233));
#7347=CARTESIAN_POINT('',(0.0130792953051225,0.054,0.0030728804539288));
#7348=CARTESIAN_POINT('',(0.0132477619944012,0.054,0.00306859746905878));
#7349=CARTESIAN_POINT('',(0.0134508702168973,0.054,0.00306344580850563));
#7350=CARTESIAN_POINT('',(0.0136824222528797,0.054,0.00305738640635185));
#7351=CARTESIAN_POINT('',(0.0139009014051758,0.054,0.00305113628605036));
#7352=CARTESIAN_POINT('',(0.0141085114205039,0.054,0.00304435847826319));
#7353=CARTESIAN_POINT('',(0.0143057695861146,0.054,0.00303678844903088));
#7354=CARTESIAN_POINT('',(0.014494133712531,0.054,0.00302815012856737));
#7355=CARTESIAN_POINT('',(0.0146755161897048,0.054,0.00301817996281626));
#7356=CARTESIAN_POINT('',(0.0148218046827238,0.054,0.0030085778242648));
#7357=CARTESIAN_POINT('',(0.0149371058015021,0.054,0.00299997075024227));
#7358=CARTESIAN_POINT('',(0.0150230811372698,0.054,0.00299300928089413));
#7359=CARTESIAN_POINT('',(0.0151085537141499,0.054,0.00298552338139884));
#7360=CARTESIAN_POINT('',(0.0151932625308967,0.054,0.00297752283884513));
#7361=CARTESIAN_POINT('',(0.0152791086437311,0.054,0.00296880129199658));
#7362=CARTESIAN_POINT('',(0.0153658911048459,0.054,0.00295937078220836));
#7363=CARTESIAN_POINT('',(0.0154531662989803,0.054,0.0029492665328417));
#7364=CARTESIAN_POINT('',(0.0155424641620717,0.054,0.00293831704379273));
#7365=CARTESIAN_POINT('',(0.0156331138972006,0.054,0.00292660166602009));
#7366=CARTESIAN_POINT('',(0.0157552857721943,0.054,0.00291002532330127));
#7367=CARTESIAN_POINT('',(0.0159728138507254,0.054,0.00287846893048603));
#7368=CARTESIAN_POINT('',(0.0162921072641785,0.054,0.00282645373565657));
#7369=CARTESIAN_POINT('',(0.0166833551530421,0.054,0.00275403287787205));
#7370=CARTESIAN_POINT('',(0.0170111877811352,0.054,0.00268648851504162));
#7371=CARTESIAN_POINT('',(0.0172398306571444,0.054,0.00263591747718395));
#7372=CARTESIAN_POINT('',(0.0173692339613839,0.054,0.00260632088263108));
#7373=CARTESIAN_POINT('',(0.0174964218138569,0.054,0.00257654433133875));
#7374=CARTESIAN_POINT('',(0.01765241374563,0.054,0.00253867699008245));
#7375=CARTESIAN_POINT('',(0.0178953504349371,0.054,0.00247657809697091));
#7376=CARTESIAN_POINT('',(0.0181866461857001,0.054,0.00239580527980103));
#7377=CARTESIAN_POINT('',(0.0184631330724415,0.054,0.00230967135172958));
#7378=CARTESIAN_POINT('',(0.0186760140888076,0.054,0.00223705194553894));
#7379=CARTESIAN_POINT('',(0.0188062122520535,0.054,0.0021898444565944));
#7380=CARTESIAN_POINT('',(0.0189084850008956,0.054,0.00215101695096683));
#7381=CARTESIAN_POINT('',(0.0189840844484678,0.054,0.0021214224927917));
#7382=CARTESIAN_POINT('',(0.0190471468438364,0.054,0.00209596652312274));
#7383=CARTESIAN_POINT('',(0.0190971327549934,0.054,0.00207532535443005));
#7384=CARTESIAN_POINT('',(0.0191478668807179,0.054,0.00205406711970674));
#7385=CARTESIAN_POINT('',(0.0192116200326981,0.054,0.00202678127094039));
#7386=CARTESIAN_POINT('',(0.019314120331054,0.054,0.00198171338243607));
#7387=CARTESIAN_POINT('',(0.0194430080539007,0.054,0.00192282961269715));
#7388=CARTESIAN_POINT('',(0.0195964159832634,0.054,0.00184936039899259));
#7389=CARTESIAN_POINT('',(0.0197473275556023,0.054,0.00177381554369099));
#7390=CARTESIAN_POINT('',(0.0198938423322606,0.054,0.00169735340619401));
#7391=CARTESIAN_POINT('',(0.0200341065521676,0.054,0.00162112254701948));
#7392=CARTESIAN_POINT('',(0.0201667182511663,0.054,0.00154614142569695));
#7393=CARTESIAN_POINT('',(0.0202690555455882,0.054,0.00148591523670111));
#7394=CARTESIAN_POINT('',(0.0203449027780587,0.054,0.00143992069413881));
#7395=CARTESIAN_POINT('',(0.0203987730593593,0.054,0.00140656173167599));
#7396=CARTESIAN_POINT('',(0.0204487829720992,0.054,0.0013749200737454));
#7397=CARTESIAN_POINT('',(0.0204943338118821,0.054,0.00134543939792453));
#7398=CARTESIAN_POINT('',(0.0205360892431023,0.054,0.0013177524848938));
#7399=CARTESIAN_POINT('',(0.0205755662185605,0.054,0.00129091645957043));
#7400=CARTESIAN_POINT('',(0.0206061123478146,0.054,0.00126960664484982));
#7401=CARTESIAN_POINT('',(0.0206292181408904,0.054,0.00125316801001518));
#7402=CARTESIAN_POINT('',(0.0206457174862689,0.054,0.00124127094691726));
#7403=CARTESIAN_POINT('',(0.0206619701409352,0.054,0.00122939175337389));
#7404=CARTESIAN_POINT('',(0.0206840375346941,0.054,0.00121304442620224));
#7405=CARTESIAN_POINT('',(0.0207118546585324,0.054,0.00119202464971896));
#7406=CARTESIAN_POINT('',(0.0207454966043593,0.054,0.00116592876192244));
#7407=CARTESIAN_POINT('',(0.0207785007896887,0.054,0.00113966901459835));
#7408=CARTESIAN_POINT('',(0.0208124033009399,0.054,0.00111201423400869));
#7409=CARTESIAN_POINT('',(0.0208491258840324,0.054,0.00108134749284786));
#7410=CARTESIAN_POINT('',(0.0208881021136699,0.054,0.00104806790166309));
#7411=CARTESIAN_POINT('',(0.0209226184457213,0.054,0.00101798681669211));
#7412=CARTESIAN_POINT('',(0.0209518220218226,0.054,0.000992167181900708));
#7413=CARTESIAN_POINT('',(0.0209750516045471,0.054,0.000971444734141356));
#7414=CARTESIAN_POINT('',(0.0209984490784346,0.054,0.000950397476570817));
#7415=CARTESIAN_POINT('',(0.0210221429005959,0.054,0.000928904170128813));
#7416=CARTESIAN_POINT('',(0.0210466188385183,0.054,0.000906518747218019));
#7417=CARTESIAN_POINT('',(0.0210791678673457,0.054,0.000876496252867213));
#7418=CARTESIAN_POINT('',(0.0211200215379909,0.054,0.000838323916398522));
#7419=CARTESIAN_POINT('',(0.0211689840315331,0.054,0.000791730873379826));
#7420=CARTESIAN_POINT('',(0.0212346873947005,0.054,0.000728002798415887));
#7421=CARTESIAN_POINT('',(0.0213168149934548,0.054,0.000645939388486818));
#7422=CARTESIAN_POINT('',(0.0214140136302649,0.054,0.000544494234075403));
#7423=CARTESIAN_POINT('',(0.0215089120937233,0.054,0.00044063892543752));
#7424=CARTESIAN_POINT('',(0.0216003047819186,0.054,0.000335297757106759));
#7425=CARTESIAN_POINT('',(0.021687132373305,0.054,0.000229381370013243));
#7426=CARTESIAN_POINT('',(0.0217548737170128,0.054,0.000141424323071451));
#7427=CARTESIAN_POINT('',(0.0218057219646126,0.054,7.19607700325545E-5));
#7428=CARTESIAN_POINT('',(0.0218362503806729,0.054,2.87132859723237E-5));
#7429=CARTESIAN_POINT('',(0.0218594572524378,0.054,-5.10242315448066E-6));
#7430=CARTESIAN_POINT('',(0.0218738151714554,0.054,-2.64376081159095E-5));
#7431=CARTESIAN_POINT('',(0.0218850232327714,0.054,-4.3343764923372E-5));
#7432=CARTESIAN_POINT('',(0.0218965699055695,0.054,-6.09317332640248E-5));
#7433=CARTESIAN_POINT('',(0.0219169001996266,0.054,-9.23533526808616E-5));
#7434=CARTESIAN_POINT('',(0.0219466868667313,0.054,-0.000139698276016606));
#7435=CARTESIAN_POINT('',(0.0219953559001566,0.054,-0.000219904313302961));
#7436=CARTESIAN_POINT('',(0.0220571027287091,0.054,-0.000326986716545079));
#7437=CARTESIAN_POINT('',(0.0221309058118726,0.054,-0.000463320284745304));
#7438=CARTESIAN_POINT('',(0.0222025786876535,0.054,-0.000603661870351644));
#7439=CARTESIAN_POINT('',(0.0222708242232501,0.054,-0.000744742444095396));
#7440=CARTESIAN_POINT('',(0.0223344528089454,0.054,-0.000883184081246479));
#7441=CARTESIAN_POINT('',(0.0223924539356073,0.054,-0.00101570322552434));
#7442=CARTESIAN_POINT('',(0.0224310032694169,0.054,-0.00110806707392682));
#7443=CARTESIAN_POINT('',(0.022454384607628,0.054,-0.00116568116097004));
#7444=CARTESIAN_POINT('',(0.0224655311733662,0.054,-0.00119347419453162));
#7445=CARTESIAN_POINT('',(0.0224761776103658,0.054,-0.00122033502742781));
#7446=CARTESIAN_POINT('',(0.0224866095421603,0.054,-0.00124697170054071));
#7447=CARTESIAN_POINT('',(0.0224960997109748,0.054,-0.00127149282659691));
#7448=CARTESIAN_POINT('',(0.02250470933065,0.054,-0.00129402965638686));
#7449=CARTESIAN_POINT('',(0.0225127887771181,0.054,-0.00131546944717045));
#7450=CARTESIAN_POINT('',(0.022519764436369,0.054,-0.00133426917216696));
#7451=CARTESIAN_POINT('',(0.0225258845195949,0.054,-0.00135104044036472));
#7452=CARTESIAN_POINT('',(0.0225313129262846,0.054,-0.0013661896718254));
#7453=CARTESIAN_POINT('',(0.0225360783629055,0.054,-0.00137975467303226));
#7454=CARTESIAN_POINT('',(0.0225400745716707,0.054,-0.00139137233288733));
#7455=CARTESIAN_POINT('',(0.0225436027326035,0.054,-0.00140186271538257));
#7456=CARTESIAN_POINT('',(0.0225468396250172,0.054,-0.00141171571042912));
#7457=CARTESIAN_POINT('',(0.0225496889886166,0.054,-0.00142061497368277));
#7458=CARTESIAN_POINT('',(0.0225519822948519,0.054,-0.00142796414503527));
#7459=CARTESIAN_POINT('',(0.0225541327198473,0.054,-0.00143504273566038));
#7460=CARTESIAN_POINT('',(0.0225564766492406,0.054,-0.00144297118287033));
#7461=CARTESIAN_POINT('',(0.0225587959719393,0.054,-0.0014510523467618));
#7462=CARTESIAN_POINT('',(0.0225609102674078,0.054,-0.00145863025079759));
#7463=CARTESIAN_POINT('',(0.0225630945719095,0.054,-0.00146668882403107));
#7464=CARTESIAN_POINT('',(0.0225656729842412,0.054,-0.00147647841754948));
#7465=CARTESIAN_POINT('',(0.0225684949753975,0.054,-0.00148751269554876));
#7466=CARTESIAN_POINT('',(0.0225725037233888,0.054,-0.00150363151021127));
#7467=CARTESIAN_POINT('',(0.0225770526132171,0.054,-0.0015226572935006));
#7468=CARTESIAN_POINT('',(0.0225823934915138,0.054,-0.00154590245451633));
#7469=CARTESIAN_POINT('',(0.022586863054209,0.054,-0.00156583129601081));
#7470=CARTESIAN_POINT('',(0.0225915310217981,0.054,-0.00158710609323181));
#7471=CARTESIAN_POINT('',(0.0225965141750736,0.054,-0.00161030486185482));
#7472=CARTESIAN_POINT('',(0.0226018675600856,0.054,-0.00163572513887448));
#7473=CARTESIAN_POINT('',(0.0226090674311014,0.054,-0.00167059463934324));
#7474=CARTESIAN_POINT('',(0.0226184258165079,0.054,-0.00171723383161203));
#7475=CARTESIAN_POINT('',(0.0226340362917984,0.054,-0.00179805023782389));
#7476=CARTESIAN_POINT('',(0.0226542098731653,0.054,-0.00190845935622982));
#7477=CARTESIAN_POINT('',(0.0226787437346812,0.054,-0.00205341603329362));
#7478=CARTESIAN_POINT('',(0.0227028171675558,0.054,-0.00220758305799798));
#7479=CARTESIAN_POINT('',(0.0227258254177341,0.054,-0.00236843487756005));
#7480=CARTESIAN_POINT('',(0.0227471757755256,0.054,-0.00253319068244811));
#7481=CARTESIAN_POINT('',(0.0227631839529927,0.054,-0.00267185709758521));
#7482=CARTESIAN_POINT('',(0.0227732083533217,0.054,-0.00276808209358754));
#7483=CARTESIAN_POINT('',(0.0227786093765558,0.054,-0.00282303044324099));
#7484=CARTESIAN_POINT('',(0.022782450067205,0.054,-0.00286375585863795));
#7485=CARTESIAN_POINT('',(0.0227861272268162,0.054,-0.00290451342169001));
#7486=CARTESIAN_POINT('',(0.0227908740061066,0.054,-0.00295955782274367));
#7487=CARTESIAN_POINT('',(0.0227986368632809,0.054,-0.00305616489406633));
#7488=CARTESIAN_POINT('',(0.0228083231352873,0.054,-0.00319624338043935));
#7489=CARTESIAN_POINT('',(0.0228207303312411,0.054,-0.00342115784852099));
#7490=CARTESIAN_POINT('',(0.0228285926468587,0.054,-0.00364332786707523));
#7491=CARTESIAN_POINT('',(0.0228323162423702,0.054,-0.0038557574525564));
#7492=CARTESIAN_POINT('',(0.0228331838816242,0.054,-0.00400790396586067));
#7493=CARTESIAN_POINT('',(0.0228324485109406,0.054,-0.00412729520239251));
#7494=CARTESIAN_POINT('',(0.0228312642599707,0.054,-0.00420584034259965));
#7495=CARTESIAN_POINT('',(0.0228304083596428,0.054,-0.00424933594128463));
#7496=CARTESIAN_POINT('',(0.0228294506036115,0.054,-0.0042913224498975));
#7497=CARTESIAN_POINT('',(0.0228280292546042,0.054,-0.00434273695239374));
#7498=CARTESIAN_POINT('',(0.022825334507948,0.054,-0.00442272749802302));
#7499=CARTESIAN_POINT('',(0.0228211850068143,0.054,-0.00452147954288656));
#7500=CARTESIAN_POINT('',(0.0228151528315788,0.054,-0.00464081567813777));
#7501=CARTESIAN_POINT('',(0.0228081861657371,0.054,-0.00476585278901923));
#7502=CARTESIAN_POINT('',(0.0228018465224613,0.054,-0.00487726015601575));
#7503=CARTESIAN_POINT('',(0.0227966724420263,0.054,-0.0049724436645993));
#7504=CARTESIAN_POINT('',(0.0227934729437592,0.054,-0.00503457562319473));
#7505=CARTESIAN_POINT('',(0.0227909965312232,0.054,-0.00508563713082954));
#7506=CARTESIAN_POINT('',(0.0227891687141775,0.054,-0.00512518810402593));
#7507=CARTESIAN_POINT('',(0.0227874523248198,0.054,-0.00516448721442421));
#7508=CARTESIAN_POINT('',(0.0227853503157888,0.054,-0.00521509745653301));
#7509=CARTESIAN_POINT('',(0.0227829823558278,0.054,-0.00527606201546109));
#7510=CARTESIAN_POINT('',(0.0227804282751398,0.054,-0.00534560409871888));
#7511=CARTESIAN_POINT('',(0.0227780648143187,0.054,-0.00541127347509396));
#7512=CARTESIAN_POINT('',(0.0227750015799955,0.054,-0.00549468749238652));
#7513=CARTESIAN_POINT('',(0.0227711349549025,0.054,-0.00559183167406758));
#7514=CARTESIAN_POINT('',(0.0227667391168503,0.054,-0.00568208397655171));
#7515=CARTESIAN_POINT('',(0.0227626500738982,0.054,-0.00575223259886262));
#7516=CARTESIAN_POINT('',(0.0227592528865861,0.054,-0.00580405505654004));
#7517=CARTESIAN_POINT('',(0.0227560431309964,0.054,-0.00584762180403077));
#7518=CARTESIAN_POINT('',(0.0227532857081527,0.054,-0.00588202295889746));
#7519=CARTESIAN_POINT('',(0.0227510310245176,0.054,-0.00590864947517868));
#7520=CARTESIAN_POINT('',(0.0227486191633458,0.054,-0.00593569282295548));
#7521=CARTESIAN_POINT('',(0.0227450221855913,0.054,-0.00597420159006899));
#7522=CARTESIAN_POINT('',(0.0227399735773079,0.054,-0.00602505366619906));
#7523=CARTESIAN_POINT('',(0.0227330889905094,0.054,-0.00608977829678056));
#7524=CARTESIAN_POINT('',(0.0227229355589588,0.054,-0.00617985457182743));
#7525=CARTESIAN_POINT('',(0.0227115351713758,0.054,-0.00627387076398023));
#7526=CARTESIAN_POINT('',(0.0226992690475396,0.054,-0.00636931351752421));
#7527=CARTESIAN_POINT('',(0.022686659501662,0.054,-0.00646412025630958));
#7528=CARTESIAN_POINT('',(0.0226703537921464,0.054,-0.00658110243832256));
#7529=CARTESIAN_POINT('',(0.0226507985711657,0.054,-0.00671417391235977));
#7530=CARTESIAN_POINT('',(0.0226354455157124,0.054,-0.00681372042973824));
#7531=CARTESIAN_POINT('',(0.0226240788052859,0.054,-0.006884970050978));
#7532=CARTESIAN_POINT('',(0.0226166155125118,0.054,-0.00693055068743969));
#7533=CARTESIAN_POINT('',(0.0226112783258795,0.054,-0.00696204506749526));
#7534=CARTESIAN_POINT('',(0.0226074636919301,0.054,-0.00698389338787881));
#7535=CARTESIAN_POINT('',(0.0226048191063755,0.054,-0.0069987119612249));
#7536=CARTESIAN_POINT('',(0.0226022559602424,0.054,-0.00701274518917804));
#7537=CARTESIAN_POINT('',(0.0225997039535377,0.054,-0.00702639385370489));
#7538=CARTESIAN_POINT('',(0.0225972056450367,0.054,-0.00703943395062763));
#7539=CARTESIAN_POINT('',(0.0225948579811909,0.054,-0.00705139705540068));
#7540=CARTESIAN_POINT('',(0.0225924474470482,0.054,-0.0070633854438532));
#7541=CARTESIAN_POINT('',(0.022589747797127,0.054,-0.00707650315743612));
#7542=CARTESIAN_POINT('',(0.022586842245176,0.054,-0.00709030148733276));
#7543=CARTESIAN_POINT('',(0.022583784104627,0.054,-0.00710451740393794));
#7544=CARTESIAN_POINT('',(0.0225804422672064,0.054,-0.00711973430165628));
#7545=CARTESIAN_POINT('',(0.0225753603899574,0.054,-0.00714244123227689));
#7546=CARTESIAN_POINT('',(0.022567757950339,0.054,-0.00717555988690499));
#7547=CARTESIAN_POINT('',(0.0225586674357927,0.054,-0.00721403609047267));
#7548=CARTESIAN_POINT('',(0.0225503383429135,0.054,-0.00724863433494114));
#7549=CARTESIAN_POINT('',(0.0225433871950502,0.054,-0.00727720181520044));
#7550=CARTESIAN_POINT('',(0.0225358666641202,0.054,-0.00730782079074392));
#7551=CARTESIAN_POINT('',(0.022525358232451,0.054,-0.00735022366742174));
#7552=CARTESIAN_POINT('',(0.0225112188931022,0.054,-0.00740656451301853));
#7553=CARTESIAN_POINT('',(0.0224927833365296,0.054,-0.00747885797266636));
#7554=CARTESIAN_POINT('',(0.022466377736076,0.054,-0.00758085056072402));
#7555=CARTESIAN_POINT('',(0.0224305231984147,0.054,-0.00771643078788611));
#7556=CARTESIAN_POINT('',(0.0223840635019951,0.054,-0.00788711789880591));
#7557=CARTESIAN_POINT('',(0.0223437056074518,0.054,-0.00803103532142282));
#7558=CARTESIAN_POINT('',(0.0223111263228042,0.054,-0.00814436535899045));
#7559=CARTESIAN_POINT('',(0.0222784007767378,0.054,-0.00825623904909501));
#7560=CARTESIAN_POINT('',(0.0222461513415586,0.054,-0.00836341522078464));
#7561=CARTESIAN_POINT('',(0.0222191499667143,0.054,-0.0084502768532106));
#7562=CARTESIAN_POINT('',(0.0222042207503114,0.054,-0.00849744905403397));
#7563=CARTESIAN_POINT('',(0.0221932030155364,0.054,-0.00853182247241668));
#7564=CARTESIAN_POINT('',(0.0221825745478949,0.054,-0.0085645432566132));
#7565=CARTESIAN_POINT('',(0.0221691305465519,0.054,-0.0086053428804246));
#7566=CARTESIAN_POINT('',(0.0221532975166568,0.054,-0.00865227456104868));
#7567=CARTESIAN_POINT('',(0.0221358243930741,0.054,-0.0087023303490291));
#7568=CARTESIAN_POINT('',(0.0221201854104672,0.054,-0.00874547484073252));
#7569=CARTESIAN_POINT('',(0.0221058497674908,0.054,-0.00878344887369296));
#7570=CARTESIAN_POINT('',(0.022092935181147,0.054,-0.00881622938087269));
#7571=CARTESIAN_POINT('',(0.0220828821939736,0.054,-0.00884063862202742));
#7572=CARTESIAN_POINT('',(0.0220750578577332,0.054,-0.00885901494483289));
#7573=CARTESIAN_POINT('',(0.0220694946269475,0.054,-0.00887178675390241));
#7574=CARTESIAN_POINT('',(0.0220639578435475,0.054,-0.00888421245957212));
#7575=CARTESIAN_POINT('',(0.0220582085274343,0.054,-0.00889682820742813));
#7576=CARTESIAN_POINT('',(0.022052378739205,0.054,-0.00890933305538522));
#7577=CARTESIAN_POINT('',(0.0220466218993014,0.054,-0.00892141231556349));
#7578=CARTESIAN_POINT('',(0.0220406570440847,0.054,-0.00893365695861167));
#7579=CARTESIAN_POINT('',(0.0220341765223025,0.054,-0.00894667934728446));
#7580=CARTESIAN_POINT('',(0.0220273184383619,0.054,-0.00896017133207185));
#7581=CARTESIAN_POINT('',(0.0220201885818909,0.054,-0.00897391525956013));
#7582=CARTESIAN_POINT('',(0.0220125909157267,0.054,-0.00898827220838392));
#7583=CARTESIAN_POINT('',(0.022001458881255,0.054,-0.00900890597244985));
#7584=CARTESIAN_POINT('',(0.021985960881366,0.054,-0.00903686725345381));
#7585=CARTESIAN_POINT('',(0.0219641794521928,0.054,-0.00907483208780604));
#7586=CARTESIAN_POINT('',(0.0219386431209746,0.054,-0.00911795732318487));
#7587=CARTESIAN_POINT('',(0.0219094232832678,0.054,-0.00916591140149609));
#7588=CARTESIAN_POINT('',(0.0218662834672089,0.054,-0.00923483657111634));
#7589=CARTESIAN_POINT('',(0.0218053240459141,0.054,-0.00932872424919557));
#7590=CARTESIAN_POINT('',(0.0217224232053829,0.054,-0.00945060470657135));
#7591=CARTESIAN_POINT('',(0.0216466066955416,0.054,-0.00955725742936969));
#7592=CARTESIAN_POINT('',(0.0215826865616638,0.054,-0.00964430822186597));
#7593=CARTESIAN_POINT('',(0.021533610874969,0.054,-0.00970972773262815));
#7594=CARTESIAN_POINT('',(0.0214833420820728,0.054,-0.00977531657926374));
#7595=CARTESIAN_POINT('',(0.0214146489307865,0.054,-0.00986302678898159));
#7596=CARTESIAN_POINT('',(0.0213269075477063,0.054,-0.0099714580218584));
#7597=CARTESIAN_POINT('',(0.0212204123915654,0.054,-0.0100971816651426));
#7598=CARTESIAN_POINT('',(0.0211320834834676,0.054,-0.0101965242011073));
#7599=CARTESIAN_POINT('',(0.0210714575028155,0.054,-0.0102621185026849));
#7600=CARTESIAN_POINT('',(0.0210372270867198,0.054,-0.0102984091647509));
#7601=CARTESIAN_POINT('',(0.0210037137688565,0.054,-0.0103334482028695));
#7602=CARTESIAN_POINT('',(0.0209617746999312,0.054,-0.0103763591222967));
#7603=CARTESIAN_POINT('',(0.0208954136737371,0.054,-0.010442311042823));
#7604=CARTESIAN_POINT('',(0.0208119262386273,0.054,-0.0105217040799541));
#7605=CARTESIAN_POINT('',(0.0207119304777438,0.054,-0.0106112831982836));
#7606=CARTESIAN_POINT('',(0.0205778430681566,0.054,-0.0107243678960705));
#7607=CARTESIAN_POINT('',(0.0204417879194802,0.054,-0.01082892461487));
#7608=CARTESIAN_POINT('',(0.0203022471678859,0.054,-0.0109265211076273));
#7609=CARTESIAN_POINT('',(0.0201951872521359,0.054,-0.0109967469915067));
#7610=CARTESIAN_POINT('',(0.0201036774081092,0.054,-0.0110529788357706));
#7611=CARTESIAN_POINT('',(0.0200287105123491,0.054,-0.0110968178983375));
#7612=CARTESIAN_POINT('',(0.0199720395932538,0.054,-0.0111288737552733));
#7613=CARTESIAN_POINT('',(0.0199134922508876,0.054,-0.0111608985157582));
#7614=CARTESIAN_POINT('',(0.019853471533708,0.054,-0.0111926562550949));
#7615=CARTESIAN_POINT('',(0.0197906875029967,0.054,-0.0112248323511545));
#7616=CARTESIAN_POINT('',(0.0197044725452457,0.054,-0.0112676580369256));
#7617=CARTESIAN_POINT('',(0.0195918025162966,0.054,-0.0113211718086233));
#7618=CARTESIAN_POINT('',(0.0194497676442856,0.054,-0.0113849335664117));
#7619=CARTESIAN_POINT('',(0.0193019574554467,0.054,-0.0114479035319236));
#7620=CARTESIAN_POINT('',(0.0191492603584242,0.054,-0.0115098887380839));
#7621=CARTESIAN_POINT('',(0.0189926738644145,0.054,-0.0115707149857458));
#7622=CARTESIAN_POINT('',(0.0188328561241775,0.054,-0.0116303852601974));
#7623=CARTESIAN_POINT('',(0.0186980444529119,0.054,-0.0116790003340223));
#7624=CARTESIAN_POINT('',(0.0186025604483295,0.054,-0.0117126756628589));
#7625=CARTESIAN_POINT('',(0.0185482035806432,0.054,-0.0117316557503353));
#7626=CARTESIAN_POINT('',(0.0185071037438082,0.054,-0.0117459152305583));
#7627=CARTESIAN_POINT('',(0.0184662100708073,0.054,-0.0117600179652745));
#7628=CARTESIAN_POINT('',(0.0184128581046511,0.054,-0.0117782993702123));
#7629=CARTESIAN_POINT('',(0.0183208425265568,0.054,-0.0118095095069563));
#7630=CARTESIAN_POINT('',(0.0181945417898485,0.054,-0.0118513831922576));
#7631=CARTESIAN_POINT('',(0.0180489653866984,0.054,-0.0118979579278259));
#7632=CARTESIAN_POINT('',(0.0179082166876248,0.054,-0.0119411629968503));
#7633=CARTESIAN_POINT('',(0.0177699728427287,0.054,-0.0119816449075755));
#7634=CARTESIAN_POINT('',(0.0176330876725933,0.054,-0.0120196899081205));
#7635=CARTESIAN_POINT('',(0.0174947471494118,0.054,-0.0120559874553201));
#7636=CARTESIAN_POINT('',(0.017376120909842,0.054,-0.0120852596748732));
#7637=CARTESIAN_POINT('',(0.0172797826422223,0.054,-0.0121078958753089));
#7638=CARTESIAN_POINT('',(0.0172058620141708,0.054,-0.0121246866027279));
#7639=CARTESIAN_POINT('',(0.0171302409624721,0.054,-0.0121412756910415));
#7640=CARTESIAN_POINT('',(0.01702853442235,0.054,-0.0121627809464926));
#7641=CARTESIAN_POINT('',(0.0168975471803699,0.054,-0.0121889122800026));
#7642=CARTESIAN_POINT('',(0.0166777663773235,0.054,-0.0122291924573491));
#7643=CARTESIAN_POINT('',(0.0163792614936605,0.054,-0.0122768720650363));
#7644=CARTESIAN_POINT('',(0.0159711548064428,0.054,-0.0123294601536574));
#7645=CARTESIAN_POINT('',(0.0155801378889438,0.054,-0.0123687236638523));
#7646=CARTESIAN_POINT('',(0.0152758279676053,0.054,-0.0123932732722511));
#7647=CARTESIAN_POINT('',(0.0150923934614148,0.054,-0.0124064049797727));
#7648=CARTESIAN_POINT('',(0.0149504765510502,0.054,-0.0124157473283127));
#7649=CARTESIAN_POINT('',(0.0148031481675136,0.054,-0.0124246223239579));
#7650=CARTESIAN_POINT('',(0.014598990778353,0.054,-0.0124358667060497));
#7651=CARTESIAN_POINT('',(0.0143312423773063,0.054,-0.0124487174614467));
#7652=CARTESIAN_POINT('',(0.0139905179005234,0.054,-0.0124622905574625));
#7653=CARTESIAN_POINT('',(0.0135136110147411,0.054,-0.0124779370303654));
#7654=CARTESIAN_POINT('',(0.01287890194094,0.054,-0.0124930955817102));
#7655=CARTESIAN_POINT('',(0.0120682284248722,0.054,-0.0125050546726034));
#7656=CARTESIAN_POINT('',(0.0112202849075055,0.054,-0.012511718926586));
#7657=CARTESIAN_POINT('',(0.0103455279521398,0.054,-0.0125141729361977));
#7658=CARTESIAN_POINT('',(0.00945489888211527,0.054,-0.0125134891661253));
#7659=CARTESIAN_POINT('',(0.00855826956900771,0.054,-0.0125107881309526));
#7660=CARTESIAN_POINT('',(0.00781477760497866,0.054,-0.0125078033463987));
#7661=CARTESIAN_POINT('',(0.00722644490142182,0.054,-0.0125055387627436));
#7662=CARTESIAN_POINT('',(0.00664506742778889,0.054,-0.0125035778628993));
#7663=CARTESIAN_POINT('',(0.00593324142745755,0.054,-0.012501775125387));
#7664=CARTESIAN_POINT('',(0.00509956354357704,0.054,-0.0125002930713337));
#7665=CARTESIAN_POINT('',(0.0042819410095477,0.054,-0.0124991867609308));
#7666=CARTESIAN_POINT('',(0.00347649460752553,0.054,-0.0124981407643714));
#7667=CARTESIAN_POINT('',(0.00267910807883562,0.054,-0.0124968400944276));
#7668=CARTESIAN_POINT('',(0.00188563701346143,0.054,-0.0124949725665404));
#7669=CARTESIAN_POINT('',(0.00109185330200309,0.054,-0.0124922316487769));
#7670=CARTESIAN_POINT('',(0.000426709694010068,0.054,-0.0124889665539063));
#7671=CARTESIAN_POINT('',(-0.000109679963377083,0.054,-0.0124856020239232));
#7672=CARTESIAN_POINT('',(-0.000514468384452499,0.054,-0.0124826628717713));
#7673=CARTESIAN_POINT('',(-0.000922990243105223,0.054,-0.0124792614380602));
#7674=CARTESIAN_POINT('',(-0.00147150722636834,0.054,-0.0124741696885034));
#7675=CARTESIAN_POINT('',(-0.00243520999290031,0.054,-0.0124639803555304));
#7676=CARTESIAN_POINT('',(-0.00352118870574959,0.054,-0.0124502317379592));
#7677=CARTESIAN_POINT('',(-0.00454319021116923,0.054,-0.0124361324523145));
#7678=CARTESIAN_POINT('',(-0.00526567318601715,0.054,-0.012425810793074));
#7679=CARTESIAN_POINT('',(-0.00582105838375561,0.054,-0.0124177814054242));
#7680=CARTESIAN_POINT('',(-0.006231559142244,0.054,-0.0124119138317587));
#7681=CARTESIAN_POINT('',(-0.00647278200077498,0.054,-0.0124085252991224));
#7682=CARTESIAN_POINT('',(-0.00665576031088772,0.054,-0.0124060054485677));
#7683=CARTESIAN_POINT('',(-0.0067883823774676,0.054,-0.0124042139874117));
#7684=CARTESIAN_POINT('',(-0.00691505569168839,0.054,-0.0124025471145444));
#7685=CARTESIAN_POINT('',(-0.00707565756033965,0.054,-0.0124004524924399));
#7686=CARTESIAN_POINT('',(-0.00726215057758981,0.054,-0.0123979760041295));
#7687=CARTESIAN_POINT('',(-0.00746462753878279,0.054,-0.0123948931170169));
#7688=CARTESIAN_POINT('',(-0.00764893575707157,0.054,-0.0123914024167231));
#7689=CARTESIAN_POINT('',(-0.00781752850336676,0.054,-0.0123872316016012));
#7690=CARTESIAN_POINT('',(-0.00797594946635585,0.054,-0.0123820950315411));
#7691=CARTESIAN_POINT('',(-0.00810192129478284,0.054,-0.0123768386208464));
#7692=CARTESIAN_POINT('',(-0.00820179957763682,0.054,-0.0123718765273148));
#7693=CARTESIAN_POINT('',(-0.00827736375044208,0.054,-0.0123677092994286));
#7694=CARTESIAN_POINT('',(-0.00835392793849433,0.054,-0.0123630583274343));
#7695=CARTESIAN_POINT('',(-0.00843151650035891,0.054,-0.0123579086085347));
#7696=CARTESIAN_POINT('',(-0.0085121620967242,0.054,-0.0123520983535975));
#7697=CARTESIAN_POINT('',(-0.00859630087765369,0.054,-0.0123455883214556));
#7698=CARTESIAN_POINT('',(-0.00868302756979432,0.054,-0.0123384395222788));
#7699=CARTESIAN_POINT('',(-0.00880292017431043,0.054,-0.0123279964505429));
#7700=CARTESIAN_POINT('',(-0.00895852926662431,0.054,-0.0123134427997572));
#7701=CARTESIAN_POINT('',(-0.00915071879713312,0.054,-0.0122939660486251));
#7702=CARTESIAN_POINT('',(-0.00934524180213825,0.054,-0.0122728574773861));
#7703=CARTESIAN_POINT('',(-0.0096035993020553,0.054,-0.0122430503133364));
#7704=CARTESIAN_POINT('',(-0.00985372169308176,0.054,-0.0122116403621672));
#7705=CARTESIAN_POINT('',(-0.0100549113707894,0.054,-0.0121842326419437));
#7706=CARTESIAN_POINT('',(-0.0101624144570798,0.054,-0.0121689590796463));
#7707=CARTESIAN_POINT('',(-0.0102391810561525,0.054,-0.0121577220760553));
#7708=CARTESIAN_POINT('',(-0.0103113664022956,0.054,-0.0121468216533604));
#7709=CARTESIAN_POINT('',(-0.0103787448360682,0.054,-0.0121362980688938));
#7710=CARTESIAN_POINT('',(-0.01044219853285,0.054,-0.0121260267595618));
#7711=CARTESIAN_POINT('',(-0.010501638956114,0.054,-0.0121160360050096));
#7712=CARTESIAN_POINT('',(-0.0105582247184048,0.054,-0.0121061461875454));
#7713=CARTESIAN_POINT('',(-0.0106127452256562,0.054,-0.0120962359747676));
#7714=CARTESIAN_POINT('',(-0.0106653149213817,0.054,-0.0120862950659026));
#7715=CARTESIAN_POINT('',(-0.0107157830916662,0.054,-0.0120763711626593));
#7716=CARTESIAN_POINT('',(-0.0107657997044565,0.054,-0.0120661467976971));
#7717=CARTESIAN_POINT('',(-0.0108169000358307,0.054,-0.0120553108095462));
#7718=CARTESIAN_POINT('',(-0.0108688409650961,0.054,-0.012043905439373));
#7719=CARTESIAN_POINT('',(-0.0109215984382669,0.054,-0.0120319356209876));
#7720=CARTESIAN_POINT('',(-0.0109760311603126,0.054,-0.0120192004880827));
#7721=CARTESIAN_POINT('',(-0.0110341445878583,0.054,-0.0120052181007667));
#7722=CARTESIAN_POINT('',(-0.0110946082917985,0.054,-0.0119903004550036));
#7723=CARTESIAN_POINT('',(-0.0111783046512964,0.054,-0.0119691549470716));
#7724=CARTESIAN_POINT('',(-0.0112871280316685,0.054,-0.0119407197874142));
#7725=CARTESIAN_POINT('',(-0.0114696939248808,0.054,-0.0118909235060067));
#7726=CARTESIAN_POINT('',(-0.0117091403115005,0.054,-0.0118215591575737));
#7727=CARTESIAN_POINT('',(-0.0120057152441277,0.054,-0.0117285751853088));
#7728=CARTESIAN_POINT('',(-0.0123003779246263,0.054,-0.0116285190073017));
#7729=CARTESIAN_POINT('',(-0.0125900254538954,0.054,-0.0115218242751223));
#7730=CARTESIAN_POINT('',(-0.0128252329205434,0.054,-0.0114279240614076));
#7731=CARTESIAN_POINT('',(-0.0130065007028164,0.054,-0.0113509831115392));
#7732=CARTESIAN_POINT('',(-0.0131386948342887,0.054,-0.0112924938885005));
#7733=CARTESIAN_POINT('',(-0.0132664155002595,0.054,-0.0112335428652022));
#7734=CARTESIAN_POINT('',(-0.0133883373552045,0.054,-0.011174767711746));
#7735=CARTESIAN_POINT('',(-0.0135055375132595,0.054,-0.0111156889246712));
#7736=CARTESIAN_POINT('',(-0.013617488644603,0.054,-0.0110566434716829));
#7737=CARTESIAN_POINT('',(-0.0137259029993147,0.054,-0.0109968143111983));
#7738=CARTESIAN_POINT('',(-0.0138651848930797,0.054,-0.0109163798559704));
#7739=CARTESIAN_POINT('',(-0.0139980315378597,0.054,-0.0108342514106238));
#7740=CARTESIAN_POINT('',(-0.0141260302861288,0.054,-0.0107496290430431));
#7741=CARTESIAN_POINT('',(-0.0142197469065243,0.054,-0.0106848650609294));
#7742=CARTESIAN_POINT('',(-0.0143125223354421,0.054,-0.0106178730202736));
#7743=CARTESIAN_POINT('',(-0.0144043429421752,0.054,-0.0105486620772948));
#7744=CARTESIAN_POINT('',(-0.0144953973558666,0.054,-0.0104771245275741));
#7745=CARTESIAN_POINT('',(-0.0145847028676588,0.054,-0.0104040370019455));
#7746=CARTESIAN_POINT('',(-0.0146718858883267,0.054,-0.0103297798102994));
#7747=CARTESIAN_POINT('',(-0.01475651769457,0.054,-0.0102547648670712));
#7748=CARTESIAN_POINT('',(-0.0148378916104919,0.054,-0.0101797138977702));
#7749=CARTESIAN_POINT('',(-0.0149149009197216,0.054,-0.0101057809029993));
#7750=CARTESIAN_POINT('',(-0.0149767967646635,0.054,-0.0100438828676112));
#7751=CARTESIAN_POINT('',(-0.0150237906748328,0.054,-0.00999542918873688));
#7752=CARTESIAN_POINT('',(-0.0150699905407458,0.054,-0.00994681176609584));
#7753=CARTESIAN_POINT('',(-0.0151252085653998,0.054,-0.00988687441712098));
#7754=CARTESIAN_POINT('',(-0.0151762222668655,0.054,-0.00982914481972282));
#7755=CARTESIAN_POINT('',(-0.0152141652862471,0.054,-0.00978483836608721));
#7756=CARTESIAN_POINT('',(-0.0152409794640747,0.054,-0.00975283480576749));
#7757=CARTESIAN_POINT('',(-0.0152661418675218,0.054,-0.00972212857241021));
#7758=CARTESIAN_POINT('',(-0.0152898289523662,0.054,-0.00969254719285906));
#7759=CARTESIAN_POINT('',(-0.0153077045248086,0.054,-0.0096696883483102));
#7760=CARTESIAN_POINT('',(-0.0153206411144499,0.054,-0.00965283893288637));
#7761=CARTESIAN_POINT('',(-0.0153296997804871,0.054,-0.00964089068052563));
#7762=CARTESIAN_POINT('',(-0.015338580665878,0.054,-0.00962902348147302));
#7763=CARTESIAN_POINT('',(-0.0153474209468513,0.054,-0.00961705589648293));
#7764=CARTESIAN_POINT('',(-0.0153558765945023,0.054,-0.00960545470546321));
#7765=CARTESIAN_POINT('',(-0.0153635083291894,0.054,-0.00959484401694321));
#7766=CARTESIAN_POINT('',(-0.0153707367288335,0.054,-0.0095846583624546));
#7767=CARTESIAN_POINT('',(-0.015380771506688,0.054,-0.00957032990074838));
#7768=CARTESIAN_POINT('',(-0.015393389656173,0.054,-0.00955195908915634));
#7769=CARTESIAN_POINT('',(-0.0154093370065566,0.054,-0.00952815576132489));
#7770=CARTESIAN_POINT('',(-0.0154263939002866,0.054,-0.00950209774826482));
#7771=CARTESIAN_POINT('',(-0.0154446732015281,0.054,-0.00947356838226311));
#7772=CARTESIAN_POINT('',(-0.0154652431482326,0.054,-0.00944084798268161));
#7773=CARTESIAN_POINT('',(-0.0154878541410942,0.054,-0.00940429293952861));
#7774=CARTESIAN_POINT('',(-0.0155129395507372,0.054,-0.00936318942165318));
#7775=CARTESIAN_POINT('',(-0.0155408960463929,0.054,-0.00931691216918132));
#7776=CARTESIAN_POINT('',(-0.0155662330841589,0.054,-0.00927466960350695));
#7777=CARTESIAN_POINT('',(-0.0155883369938592,0.054,-0.00923769829346501));
#7778=CARTESIAN_POINT('',(-0.0156108157142605,0.054,-0.00920005328542872));
#7779=CARTESIAN_POINT('',(-0.0156496908848808,0.054,-0.00913478731330209));
#7780=CARTESIAN_POINT('',(-0.0157029630234447,0.054,-0.00904452469247899));
#7781=CARTESIAN_POINT('',(-0.0157641976844081,0.054,-0.00893848731540005));
#7782=CARTESIAN_POINT('',(-0.0158221464646917,0.054,-0.00883505086823921));
#7783=CARTESIAN_POINT('',(-0.0158768853398328,0.054,-0.00873343411954775));
#7784=CARTESIAN_POINT('',(-0.0159195616397876,0.054,-0.00865036117416976));
#7785=CARTESIAN_POINT('',(-0.015951728725004,0.054,-0.00858505041390504));
#7786=CARTESIAN_POINT('',(-0.0159747699885303,0.054,-0.00853681281567606));
#7787=CARTESIAN_POINT('',(-0.0159968807959447,0.054,-0.00848894885085589));
#7788=CARTESIAN_POINT('',(-0.0160142085318996,0.054,-0.00845006154265241));
#7789=CARTESIAN_POINT('',(-0.0160278653681822,0.054,-0.00841852317947382));
#7790=CARTESIAN_POINT('',(-0.0160421400121134,0.054,-0.00838493447026169));
#7791=CARTESIAN_POINT('',(-0.0160602769087264,0.054,-0.00834107254777229));
#7792=CARTESIAN_POINT('',(-0.0160826453823252,0.054,-0.00828504929101069));
#7793=CARTESIAN_POINT('',(-0.0161128269381296,0.054,-0.00820686051592715));
#7794=CARTESIAN_POINT('',(-0.0161507055286253,0.054,-0.00810388099477903));
#7795=CARTESIAN_POINT('',(-0.0161952430752101,0.054,-0.00797518391454088));
#7796=CARTESIAN_POINT('',(-0.0162377295613693,0.054,-0.00784507804414657));
#7797=CARTESIAN_POINT('',(-0.0162773705370621,0.054,-0.00771663846999341));
#7798=CARTESIAN_POINT('',(-0.0163073030887653,0.054,-0.00761404292404064));
#7799=CARTESIAN_POINT('',(-0.0163290397755185,0.054,-0.00753632642844383));
#7800=CARTESIAN_POINT('',(-0.0163417851364055,0.054,-0.0074893904875119));
#7801=CARTESIAN_POINT('',(-0.016351283493066,0.054,-0.00745362138198321));
#7802=CARTESIAN_POINT('',(-0.0163601212581338,0.054,-0.00741980460856172));
#7803=CARTESIAN_POINT('',(-0.0163702670203985,0.054,-0.00737998241789912));
#7804=CARTESIAN_POINT('',(-0.0163813015607683,0.054,-0.00733507771957247));
#7805=CARTESIAN_POINT('',(-0.0163909019819371,0.054,-0.00729443828860898));
#7806=CARTESIAN_POINT('',(-0.0163994858676891,0.054,-0.00725650172312205));
#7807=CARTESIAN_POINT('',(-0.0164098569475756,0.054,-0.00720853210589743));
#7808=CARTESIAN_POINT('',(-0.0164191435047586,0.054,-0.00716228570323433));
#7809=CARTESIAN_POINT('',(-0.0164279246358672,0.054,-0.00711510095119018));
#7810=CARTESIAN_POINT('',(-0.0164344474046138,0.054,-0.0070782021156554));
#7811=CARTESIAN_POINT('',(-0.0164410522726791,0.054,-0.00703887926581531));
#7812=CARTESIAN_POINT('',(-0.0164468855130658,0.054,-0.00700241942943981));
#7813=CARTESIAN_POINT('',(-0.0164515816686762,0.054,-0.00697204007280538));
#7814=CARTESIAN_POINT('',(-0.0164550712760218,0.054,-0.00694895681190455));
#7815=CARTESIAN_POINT('',(-0.016458613034556,0.054,-0.00692501512647427));
#7816=CARTESIAN_POINT('',(-0.0164622877223441,0.054,-0.00689964250404061));
#7817=CARTESIAN_POINT('',(-0.0164660255845227,0.054,-0.00687330748790248));
#7818=CARTESIAN_POINT('',(-0.016470924581534,0.054,-0.00683807416193004));
#7819=CARTESIAN_POINT('',(-0.0164769417082567,0.054,-0.00679342199864617));
#7820=CARTESIAN_POINT('',(-0.0164839605221916,0.054,-0.00673900025181618));
#7821=CARTESIAN_POINT('',(-0.0164930969391451,0.054,-0.00666485260421306));
#7822=CARTESIAN_POINT('',(-0.0165038783101798,0.054,-0.00657078835671509));
#7823=CARTESIAN_POINT('',(-0.0165134452743625,0.054,-0.00647759042687698));
#7824=CARTESIAN_POINT('',(-0.0165202384133692,0.054,-0.00640468886350389));
#7825=CARTESIAN_POINT('',(-0.0165248851463911,0.054,-0.00635100431584801));
#7826=CARTESIAN_POINT('',(-0.0165290059853388,0.054,-0.00629923347367333));
#7827=CARTESIAN_POINT('',(-0.0165319405440494,0.054,-0.00625860287689828));
#7828=CARTESIAN_POINT('',(-0.0165340972968854,0.054,-0.00622609777248969));
#7829=CARTESIAN_POINT('',(-0.0165355865589286,0.054,-0.00620224185525364));
#7830=CARTESIAN_POINT('',(-0.016536940929089,0.054,-0.00617906610139473));
#7831=CARTESIAN_POINT('',(-0.0165386939951737,0.054,-0.00614699296462478));
#7832=CARTESIAN_POINT('',(-0.0165407021677441,0.054,-0.00610622542482812));
#7833=CARTESIAN_POINT('',(-0.0165435591151054,0.054,-0.00603930962142824));
#7834=CARTESIAN_POINT('',(-0.0165465736539108,0.054,-0.00595098498841873));
#7835=CARTESIAN_POINT('',(-0.01654955056201,0.054,-0.00583543131257436));
#7836=CARTESIAN_POINT('',(-0.0165517704079558,0.054,-0.00572977806422516));
#7837=CARTESIAN_POINT('',(-0.016553613564535,0.054,-0.00563869727307003));
#7838=CARTESIAN_POINT('',(-0.01655508844918,0.054,-0.00556739686435078));
#7839=CARTESIAN_POINT('',(-0.0165567389930492,0.054,-0.00549234290442521));
#7840=CARTESIAN_POINT('',(-0.0165592477493969,0.054,-0.00538917342318261));
#7841=CARTESIAN_POINT('',(-0.0165626932854574,0.054,-0.00526307217062798));
#7842=CARTESIAN_POINT('',(-0.0165670655123739,0.054,-0.00511274679846554));
#7843=CARTESIAN_POINT('',(-0.0165714108788054,0.054,-0.00496270312329768));
#7844=CARTESIAN_POINT('',(-0.0165755124420024,0.054,-0.00481129546831377));
#7845=CARTESIAN_POINT('',(-0.0165791711950361,0.054,-0.00465699717600877));
#7846=CARTESIAN_POINT('',(-0.0165821942429922,0.054,-0.00449831999363329));
#7847=CARTESIAN_POINT('',(-0.0165836583548497,0.054,-0.0043886728617447));
#7848=CARTESIAN_POINT('',(-0.0165842203888092,0.054,-0.00433248127667928));
#7849=CARTESIAN_POINT('',(-0.0165842203888092,0.054,-0.00433248127667928));
#7850=CARTESIAN_POINT('',(0.00312386499423396,0.054,-0.00462244847394604));
#7851=CARTESIAN_POINT('',(0.00312386499423396,0.054,-0.0204863881674698));
#7852=CARTESIAN_POINT('',(-0.0421671077860408,0.054,-0.0204863881674698));
#7853=CARTESIAN_POINT('',(-0.0221782032371576,0.054,-0.0204863881674698));
#7854=CARTESIAN_POINT('',(-0.0221782032371576,0.054,-0.0204863881674699));
#7855=CARTESIAN_POINT('',(-0.0213747798458035,0.054,-0.0204863881674699));
#7856=CARTESIAN_POINT('',(-0.0197751373319387,0.054,-0.0204482400394311));
#7857=CARTESIAN_POINT('',(-0.0178280363104297,0.054,-0.019699424979521));
#7858=CARTESIAN_POINT('',(-0.0167273699581036,0.054,-0.018492482569071));
#7859=CARTESIAN_POINT('',(-0.0162778051666806,0.054,-0.0173499117470895));
#7860=CARTESIAN_POINT('',(-0.01625284360409,0.0540000000000001,-0.0161193177577086));
#7861=CARTESIAN_POINT('',(-0.0166688920049771,0.0539999999999999,-0.0145535567959838));
#7862=CARTESIAN_POINT('',(-0.0175468672714063,0.054,-0.0131907822192066));
#7863=CARTESIAN_POINT('',(-0.0186053061151514,0.054,-0.0119703746319654));
#7864=CARTESIAN_POINT('',(-0.0196270248899228,0.054,-0.0107205448199939));
#7865=CARTESIAN_POINT('',(-0.020916856276947,0.054,-0.00916841983659746));
#7866=CARTESIAN_POINT('',(-0.0219448561161482,0.054,-0.00792362277359324));
#7867=CARTESIAN_POINT('',(-0.022459339194551,0.054,-0.00730161137662692));
#7868=CARTESIAN_POINT('',(0.0268328922139592,0.054,-0.0204226786202093));
#7869=CARTESIAN_POINT('',(0.00312368638291508,0.054,-0.0431863881674698));
#7870=CARTESIAN_POINT('',(-0.0441671077860408,0.054,-0.0431863881674698));
#7871=CARTESIAN_POINT('',(-0.0441671077860408,0.054,-0.00462244847394604));
#7872=CARTESIAN_POINT('',(-0.0441671077860408,0.054,-0.0224863881674698));
#7873=CARTESIAN_POINT('',(-0.0421671077860408,0.054,-0.0224863881674698));
#7874=CARTESIAN_POINT('',(-0.0086671077860408,0.037,-0.0184863881674698));
#7875=CARTESIAN_POINT('',(-0.0421671077860408,0.037,-0.0184863881674698));
#7876=CARTESIAN_POINT('',(-0.0421671077860408,0.052,-0.0184863881674698));
#7877=CARTESIAN_POINT('',(-0.0421671077860408,0.022,-0.0184863881674698));
#7878=CARTESIAN_POINT('',(-0.0221782032371576,0.022,-0.0184863881674698));
#7879=CARTESIAN_POINT('',(-0.0086671077860408,0.052,-0.0184863881674698));
#7880=CARTESIAN_POINT('',(-0.0086671077860408,0.02,-0.0198863881674698));
#7881=CARTESIAN_POINT('',(-0.0162833421322361,0.02,-0.0164335447322967));
#7882=CARTESIAN_POINT('',(-0.0162511557136763,0.02,-0.0171196329213354));
#7883=CARTESIAN_POINT('',(-0.0165656387423471,0.02,-0.018502391177961));
#7884=CARTESIAN_POINT('',(-0.0181553948249263,0.02,-0.0199040224994509));
#7885=CARTESIAN_POINT('',(-0.0201521851716844,0.02,-0.020459191250455));
#7886=CARTESIAN_POINT('',(-0.0215005617211014,0.02,-0.0204863881674699));
#7887=CARTESIAN_POINT('',(-0.0221782032371576,0.02,-0.0204863881674699));
#7888=CARTESIAN_POINT('',(-0.0221782032371576,0.02,-0.0204863881674698));
#7889=CARTESIAN_POINT('',(-0.0421671077860408,0.02,-0.0204863881674698));
#7890=CARTESIAN_POINT('',(-0.0421671077860408,0.02,-0.0204863881674698));
#7891=CARTESIAN_POINT('',(-0.0421671077860408,0.02,-0.0224863881674698));
#7892=CARTESIAN_POINT('',(-0.0441671077860408,0.02,-0.0224863881674698));
#7893=CARTESIAN_POINT('',(-0.0441671077860408,0.02,-0.0431863881674698));
#7894=CARTESIAN_POINT('',(-0.0441671077860408,0.02,-0.0431863881674698));
#7895=CARTESIAN_POINT('',(-0.0086671077860408,0.02,-0.0431863881674698));
#7896=CARTESIAN_POINT('',(0.0268328922139592,0.02,-0.0204226786202093));
#7897=CARTESIAN_POINT('',(-0.0086671077860408,0.037,-0.0198863881674698));
#7898=CARTESIAN_POINT('',(-0.0073671077860408,0.0514,-0.0198863881674698));
#7899=CARTESIAN_POINT('',(0.028759649217398,0.0514,-0.0198863881674698));
#7900=CARTESIAN_POINT('',(0.028759649217398,0.0514,-0.0198863881674698));
#7901=CARTESIAN_POINT('',(0.028759649217398,0.0226,-0.0198863881674698));
#7902=CARTESIAN_POINT('',(-0.0073671077860408,0.0226,-0.0198863881674698));
#7903=CARTESIAN_POINT('',(-0.0073671077860408,0.0226,-0.0431863881674698));
#7904=CARTESIAN_POINT('',(0.0268328922139592,0.0226,-0.0204226786202093));
#7905=CARTESIAN_POINT('',(-0.0435691077860408,0.0226,-0.0268863881674696));
#7906=CARTESIAN_POINT('',(-0.0073671077860408,0.0514,-0.0431863881674698));
#7907=CARTESIAN_POINT('',(0.0268328922139592,0.0514,-0.0204226786202093));
#7908=CARTESIAN_POINT('',(-0.0435691077860408,0.0514,-0.0268863881674698));
#7909=CARTESIAN_POINT('',(-0.0086671077860408,0.037,-0.0431863881674698));
#7910=CARTESIAN_POINT('',(-0.0441671077860408,0.022,-0.0431863881674698));
#7911=CARTESIAN_POINT('',(-0.0441671077860408,0.052,-0.0431863881674698));
#7912=CARTESIAN_POINT('',(-0.0435691077860408,0.02229,-0.0288863881674697));
#7913=CARTESIAN_POINT('',(-0.0435691077860408,0.02198,-0.0288863881674697));
#7914=CARTESIAN_POINT('',(-0.0435691077860408,0.02229,-0.0268863881674696));
#7915=CARTESIAN_POINT('',(-0.0435691077860408,0.02198,-0.0268863881674696));
#7916=CARTESIAN_POINT('',(-0.0435691077860408,0.02198,-0.0278863881674697));
#7917=CARTESIAN_POINT('',(-0.0435691077860408,0.05171,-0.0288863881674698));
#7918=CARTESIAN_POINT('',(-0.0435691077860408,0.05202,-0.0288863881674698));
#7919=CARTESIAN_POINT('',(-0.0435691077860408,0.05202,-0.0278863881674698));
#7920=CARTESIAN_POINT('',(-0.0435691077860408,0.05202,-0.0268863881674698));
#7921=CARTESIAN_POINT('',(-0.0435691077860408,0.05171,-0.0268863881674698));
#7922=CARTESIAN_POINT('',(-0.0685671077860408,0.04415,-0.0360998641806971));
#7923=CARTESIAN_POINT('',(-0.0685671077860408,0.04415,-0.0325998641806972));
#7924=CARTESIAN_POINT('',(-0.0685671077860408,0.04415,-0.0395998641806972));
#7925=CARTESIAN_POINT('',(-0.0685671077860408,0.0469,-0.0395998641806972));
#7926=CARTESIAN_POINT('',(-0.0685671077860408,0.04965,-0.0395998641806972));
#7927=CARTESIAN_POINT('',(-0.0685671077860408,0.04965,-0.0360998641806971));
#7928=CARTESIAN_POINT('',(-0.0685671077860408,0.04965,-0.0325998641806972));
#7929=CARTESIAN_POINT('',(-0.0685671077860408,0.0469,-0.0325998641806972));
#7930=CARTESIAN_POINT('',(-0.0685671077860408,0.03545,-0.0358863881674698));
#7931=CARTESIAN_POINT('',(-0.0685671077860408,0.03545,-0.0338863881674697));
#7932=CARTESIAN_POINT('',(-0.0685671077860408,0.03545,-0.0378863881674698));
#7933=CARTESIAN_POINT('',(-0.0685671077860408,0.0382,-0.0378863881674698));
#7934=CARTESIAN_POINT('',(-0.0685671077860408,0.04095,-0.0378863881674698));
#7935=CARTESIAN_POINT('',(-0.0685671077860408,0.04095,-0.0358863881674698));
#7936=CARTESIAN_POINT('',(-0.0685671077860408,0.04095,-0.0338863881674697));
#7937=CARTESIAN_POINT('',(-0.0685671077860408,0.0382,-0.0338863881674697));
#7938=CARTESIAN_POINT('',(-0.0435691077860408,0.0216,-0.0371863881674697));
#7939=CARTESIAN_POINT('',(-0.0435691077860408,0.0216,-0.0356090378982801));
#7940=CARTESIAN_POINT('',(-0.0435691077860408,0.0216,-0.0387637384366593));
#7941=CARTESIAN_POINT('',(-0.0435691077860408,0.0221,-0.0358977130328748));
#7942=CARTESIAN_POINT('',(-0.0435691077860408,0.0221,-0.0384750633020645));
#7943=CARTESIAN_POINT('',(-0.0435691077860408,0.0519,-0.0384750633020646));
#7944=CARTESIAN_POINT('',(-0.0435691077860408,0.0524,-0.0387637384366595));
#7945=CARTESIAN_POINT('',(-0.0435691077860408,0.0524,-0.0371863881674698));
#7946=CARTESIAN_POINT('',(-0.0435691077860408,0.0524,-0.0356090378982802));
#7947=CARTESIAN_POINT('',(-0.0435691077860408,0.0519,-0.035897713032875));
#7948=CARTESIAN_POINT('',(0.0268328922139592,0.037,-0.0204226786202093));
#7949=CARTESIAN_POINT('',(-0.0421671077860408,0.037,-0.0224863881674698));
#7950=CARTESIAN_POINT('',(-0.0421671077860408,0.022,-0.0224863881674698));
#7951=CARTESIAN_POINT('',(-0.0421671077860408,0.052,-0.0224863881674698));
#7952=CARTESIAN_POINT('',(-0.0441671077860408,0.022,-0.0198863881674698));
#7953=CARTESIAN_POINT('',(-0.0441671077860408,0.022,-0.0224863881674698));
#7954=CARTESIAN_POINT('',(-0.0421671077860408,0.022,-0.0224863881674698));
#7955=CARTESIAN_POINT('',(-0.0421671077860408,0.022,-0.0204863881674698));
#7956=CARTESIAN_POINT('',(-0.0086671077860408,0.022,-0.0204863881674698));
#7957=CARTESIAN_POINT('',(-0.0221782032371576,0.02,-0.0204863881674699));
#7958=CARTESIAN_POINT('',(-0.0221782032371576,0.02,-0.0199627893918716));
#7959=CARTESIAN_POINT('',(-0.0221782032371576,0.0204333722630529,-0.0189197604305228));
#7960=CARTESIAN_POINT('',(-0.0221782032371576,0.0214764012244017,-0.0184863881674698));
#7961=CARTESIAN_POINT('',(-0.0221782032371576,0.022,-0.0184863881674698));
#7962=CARTESIAN_POINT('',(-0.0221782032371576,0.02,-0.0204863881674699));
#7963=CARTESIAN_POINT('',(-0.0221782032371576,0.02,-0.0184863881674699));
#7964=CARTESIAN_POINT('',(-0.0221782032371576,0.022,-0.0184863881674699));
#7965=CARTESIAN_POINT('',(-0.0216405593695007,0.02,-0.0204863881903509));
#7966=CARTESIAN_POINT('',(-0.0216405594293029,0.02,-0.0184863881903398));
#7967=CARTESIAN_POINT('',(-0.021640559429304,0.022,-0.0184863881674699));
#7968=CARTESIAN_POINT('',(-0.0205696780599698,0.02,-0.0204733163746827));
#7969=CARTESIAN_POINT('',(-0.0207461448375031,0.02,-0.0184715627369488));
#7970=CARTESIAN_POINT('',(-0.0207461448375025,0.0219999999999976,-0.0184715627475601));
#7971=CARTESIAN_POINT('',(-0.0189729039747865,0.02,-0.0201693729720822));
#7972=CARTESIAN_POINT('',(-0.0195811903487256,0.02,-0.0182382949609544));
#7973=CARTESIAN_POINT('',(-0.0195811903487288,0.0220000000000094,-0.018238294958121));
#7974=CARTESIAN_POINT('',(-0.0175057775876589,0.02,-0.0194268119545199));
#7975=CARTESIAN_POINT('',(-0.0187642064608526,0.02,-0.0177933768690651));
#7976=CARTESIAN_POINT('',(-0.0187642064608245,0.0220000000000584,-0.0177933768698815));
#7977=CARTESIAN_POINT('',(-0.0164647403386669,0.02,-0.0181372522073716));
#7978=CARTESIAN_POINT('',(-0.0183639156777938,0.0199999999999999,-0.0172676907545525));
#7979=CARTESIAN_POINT('',(-0.0183639156777022,0.0220000000000985,-0.0172676907543967));
#7980=CARTESIAN_POINT('',(-0.0161673487391269,0.02,-0.0164946123267608));
#7981=CARTESIAN_POINT('',(-0.0182228990694408,0.0200000000000003,-0.0166105900967354));
#7982=CARTESIAN_POINT('',(-0.0182228990693313,0.0220000000001057,-0.0166105900967812));
#7983=CARTESIAN_POINT('',(-0.0165501097247514,0.02,-0.0148980520866199));
#7984=CARTESIAN_POINT('',(-0.0184234447111958,0.0199999999999988,-0.0156599222282383));
#7985=CARTESIAN_POINT('',(-0.0184234447111365,0.0220000000000694,-0.0156599222281864));
#7986=CARTESIAN_POINT('',(-0.0172010225239434,0.02,-0.0137151016131115));
#7987=CARTESIAN_POINT('',(-0.018886179088573,0.0200000000000035,-0.0148037399525799));
#7988=CARTESIAN_POINT('',(-0.0188861790885712,0.0220000000000024,-0.0148037399525732));
#7989=CARTESIAN_POINT('',(-0.0177664006471189,0.02,-0.0129642670348285));
#7990=CARTESIAN_POINT('',(-0.0193351541593077,0.0199999999999951,-0.014206452614288));
#7991=CARTESIAN_POINT('',(-0.0193351541593253,0.0219999999999829,-0.0142064526143024));
#7992=CARTESIAN_POINT('',(-0.0181136907100322,0.02,-0.0125498064796799));
#7993=CARTESIAN_POINT('',(-0.0196260401312533,0.0200000000000085,-0.013858831036376));
#7994=CARTESIAN_POINT('',(-0.0196260401312459,0.0219999999999986,-0.0138588310363715));
#7995=CARTESIAN_POINT('',(-0.0182885746237994,0.02,-0.0123440767287121));
#7996=CARTESIAN_POINT('',(-0.0198297100160018,0.0199999999999811,-0.0136187930511997));
#7997=CARTESIAN_POINT('',(-0.0198297100160194,0.0220000000000012,-0.0136187930512115));
#7998=CARTESIAN_POINT('',(-0.0183746465112521,0.02,-0.0122400155900197));
#7999=CARTESIAN_POINT('',(-0.0199157819034718,0.02,-0.0135147319125159));
#8000=CARTESIAN_POINT('',(-0.0199157819034736,0.0219999999999976,-0.0135147319125174));
#8001=CARTESIAN_POINT('',(-0.0441671077860408,0.052,-0.00462244847394604));
#8002=CARTESIAN_POINT('',(-0.0441671077860408,0.052,-0.0224863881674698));
#8003=CARTESIAN_POINT('',(-0.0421671077860408,0.052,-0.0224863881674698));
#8004=CARTESIAN_POINT('',(-0.0421671077860408,0.052,-0.0204863881674698));
#8005=CARTESIAN_POINT('',(0.00312386499423396,0.052,-0.0204863881674698));
#8006=CARTESIAN_POINT('',(-0.0221782032371575,0.052,-0.0184863881674698));
#8007=CARTESIAN_POINT('',(-0.0221782032371575,0.0525235987755983,-0.0184863881674698));
#8008=CARTESIAN_POINT('',(-0.0221782032371576,0.0535666277369471,-0.0189197604305228));
#8009=CARTESIAN_POINT('',(-0.0221782032371575,0.054,-0.0199627893918716));
#8010=CARTESIAN_POINT('',(-0.0221782032371575,0.054,-0.0204863881674699));
#8011=CARTESIAN_POINT('',(-0.0221782032371576,0.052,-0.0184863881674699));
#8012=CARTESIAN_POINT('',(-0.0221782032371575,0.054,-0.0184863881674699));
#8013=CARTESIAN_POINT('',(-0.0221782032371576,0.054,-0.0204863881674699));
#8014=CARTESIAN_POINT('',(-0.0217740813145679,0.0519999999999916,-0.0184863881674699));
#8015=CARTESIAN_POINT('',(-0.0217740813144735,0.0539999999997739,-0.0184863881845655));
#8016=CARTESIAN_POINT('',(-0.0217740812696166,0.054,-0.0204863881846685));
#8017=CARTESIAN_POINT('',(-0.0210738844904289,0.0520000000000058,-0.018479920855414));
#8018=CARTESIAN_POINT('',(-0.0210738844904734,0.0540000000001049,-0.0184799208474819));
#8019=CARTESIAN_POINT('',(-0.0209664774803322,0.054,-0.0204809857440654));
#8020=CARTESIAN_POINT('',(-0.0201499246876732,0.0520000000000053,-0.0183666359366053));
#8021=CARTESIAN_POINT('',(-0.0201499246876599,0.0539999999999719,-0.0183666359387375));
#8022=CARTESIAN_POINT('',(-0.0197677337704083,0.054,-0.0203389373934413));
#8023=CARTESIAN_POINT('',(-0.0193610554982792,0.0519999999999919,-0.0181279631974289));
#8024=CARTESIAN_POINT('',(-0.0193610554982819,0.0540000000000075,-0.0181279631968501));
#8025=CARTESIAN_POINT('',(-0.0185913020536705,0.054,-0.019994032435292));
#8026=CARTESIAN_POINT('',(-0.0187911985500721,0.0519999999999572,-0.0177851697827402));
#8027=CARTESIAN_POINT('',(-0.0187911985500938,0.053999999999998,-0.0177851697828552));
#8028=CARTESIAN_POINT('',(-0.017528158623924,0.054,-0.0193795257298425));
#8029=CARTESIAN_POINT('',(-0.0184522328366654,0.0519999999999275,-0.0173915289207678));
#8030=CARTESIAN_POINT('',(-0.0184522328367272,0.0540000000000006,-0.017391528920685));
#8031=CARTESIAN_POINT('',(-0.0167073168145259,0.054,-0.0184616332817432));
#8032=CARTESIAN_POINT('',(-0.018280417535901,0.0519999999999142,-0.0169481806276999));
#8033=CARTESIAN_POINT('',(-0.0182804175359872,0.0539999999999998,-0.0169481806276942));
#8034=CARTESIAN_POINT('',(-0.0162687239760997,0.054,-0.0173061698973411));
#8035=CARTESIAN_POINT('',(-0.0182633674055174,0.0519999999999136,-0.0163645454329288));
#8036=CARTESIAN_POINT('',(-0.018263367405604,0.0540000000000001,-0.0163645454329406));
#8037=CARTESIAN_POINT('',(-0.0162594201181501,0.054,-0.0160676902919937));
#8038=CARTESIAN_POINT('',(-0.0184541619560693,0.0519999999999474,-0.0156425804248655));
#8039=CARTESIAN_POINT('',(-0.0184541619561155,0.054,-0.0156425804248936));
#8040=CARTESIAN_POINT('',(-0.0165860125572461,0.054,-0.014892791421197));
#8041=CARTESIAN_POINT('',(-0.0187808873984123,0.052000000000006,-0.0149973975762744));
#8042=CARTESIAN_POINT('',(-0.018780887398405,0.054,-0.0149973975762747));
#8043=CARTESIAN_POINT('',(-0.0170494821714075,0.054,-0.0139872516731985));
#8044=CARTESIAN_POINT('',(-0.0191191967178793,0.0520000000000365,-0.0144916545813406));
#8045=CARTESIAN_POINT('',(-0.0191191967178488,0.054,-0.0144916545813204));
#8046=CARTESIAN_POINT('',(-0.017496992289418,0.054,-0.0133192162826309));
#8047=CARTESIAN_POINT('',(-0.0194166494603195,0.052000000000043,-0.0141040164908883));
#8048=CARTESIAN_POINT('',(-0.0194166494602877,0.054,-0.0141040164908593));
#8049=CARTESIAN_POINT('',(-0.0178675573261555,0.054,-0.0128378385488853));
#8050=CARTESIAN_POINT('',(-0.0196771530138146,0.0519999999999955,-0.0138017617149696));
#8051=CARTESIAN_POINT('',(-0.0196771530138181,0.054,-0.0138017617149724));
#8052=CARTESIAN_POINT('',(-0.0181659067660827,0.054,-0.0124912888340777));
#8053=CARTESIAN_POINT('',(-0.01990516635106,0.0520000000000013,-0.0135277363765364));
#8054=CARTESIAN_POINT('',(-0.019905166351059,0.054,-0.0135277363765357));
#8055=CARTESIAN_POINT('',(-0.0183605770605166,0.054,-0.0122571519728016));
#8056=CARTESIAN_POINT('',(-0.0200290621241475,0.0520000000000079,-0.0133776797864774));
#8057=CARTESIAN_POINT('',(-0.0200290621241413,0.054,-0.0133776797864724));
#8058=CARTESIAN_POINT('',(-0.0184898753270761,0.054,-0.0121006323481998));
#8059=CARTESIAN_POINT('',(-0.0203898527346876,0.0520000000000243,-0.0129417233226334));
#8060=CARTESIAN_POINT('',(-0.0203898527346678,0.054,-0.0129417233226192));
#8061=CARTESIAN_POINT('',(-0.0188457897345347,0.0540000000000001,-0.0116705093146257));
#8062=CARTESIAN_POINT('',(-0.0209679733868676,0.0520000000000525,-0.0122425731101363));
#8063=CARTESIAN_POINT('',(-0.0209679733868253,0.0540000000000003,-0.0122425731101067));
#8064=CARTESIAN_POINT('',(-0.0194279848929652,0.054,-0.0109664847464681));
#8065=CARTESIAN_POINT('',(-0.0217458023332619,0.0520000000000873,-0.0113022472681971));
#8066=CARTESIAN_POINT('',(-0.0217458023331899,0.0539999999999987,-0.0113022472681409));
#8067=CARTESIAN_POINT('',(-0.0202043651260236,0.054,-0.0100278920087629));
#8068=CARTESIAN_POINT('',(-0.0227804509599846,0.0520000000001448,-0.0100513305521346));
#8069=CARTESIAN_POINT('',(-0.0227804509598815,0.0540000000000072,-0.0100513305520655));
#8070=CARTESIAN_POINT('',(-0.0212394966572039,0.054,-0.00877639759129355));
#8071=CARTESIAN_POINT('',(-0.023556990172909,0.0520000000001423,-0.00911250152364833));
#8072=CARTESIAN_POINT('',(-0.0235569901727293,0.0539999999999682,-0.00911250152349409));
#8073=CARTESIAN_POINT('',(-0.0220158547809007,0.054,-0.00783778520081481));
#8074=CARTESIAN_POINT('',(-0.0240745601497996,0.0520000000001987,-0.00848675805827928));
#8075=CARTESIAN_POINT('',(-0.0240745601496466,0.054,-0.00848675805815269));
#8076=CARTESIAN_POINT('',(-0.0225334247578411,0.054,-0.00721204173546353));
#8077=MECHANICAL_DESIGN_GEOMETRIC_PRESENTATION_REPRESENTATION('',(#1578),
#8079);
#8078=MECHANICAL_DESIGN_GEOMETRIC_PRESENTATION_REPRESENTATION('',(#1579),
#8080);
#8079=(
GEOMETRIC_REPRESENTATION_CONTEXT(3)
GLOBAL_UNCERTAINTY_ASSIGNED_CONTEXT((#8081))
GLOBAL_UNIT_ASSIGNED_CONTEXT((#8087,#8085,#8083))
REPRESENTATION_CONTEXT('Part 2','TOP_LEVEL_ASSEMBLY_PART')
);
#8080=(
GEOMETRIC_REPRESENTATION_CONTEXT(3)
GLOBAL_UNCERTAINTY_ASSIGNED_CONTEXT((#8082))
GLOBAL_UNIT_ASSIGNED_CONTEXT((#8088,#8086,#8084))
REPRESENTATION_CONTEXT('Part 1','TOP_LEVEL_ASSEMBLY_PART')
);
#8081=UNCERTAINTY_MEASURE_WITH_UNIT(LENGTH_MEASURE(1.E-8),#8087,
'DISTANCE_ACCURACY_VALUE','Maximum Tolerance applied to model');
#8082=UNCERTAINTY_MEASURE_WITH_UNIT(LENGTH_MEASURE(2.0000000127234E-5),
#8088,'DISTANCE_ACCURACY_VALUE','Maximum Tolerance applied to model');
#8083=(
NAMED_UNIT(*)
SI_UNIT($,.STERADIAN.)
SOLID_ANGLE_UNIT()
);
#8084=(
NAMED_UNIT(*)
SI_UNIT($,.STERADIAN.)
SOLID_ANGLE_UNIT()
);
#8085=(
NAMED_UNIT(*)
PLANE_ANGLE_UNIT()
SI_UNIT($,.RADIAN.)
);
#8086=(
NAMED_UNIT(*)
PLANE_ANGLE_UNIT()
SI_UNIT($,.RADIAN.)
);
#8087=(
LENGTH_UNIT()
NAMED_UNIT(*)
SI_UNIT($,.METRE.)
);
#8088=(
LENGTH_UNIT()
NAMED_UNIT(*)
SI_UNIT($,.METRE.)
);
#8089=PRODUCT_DEFINITION_SHAPE('','',#8091);
#8090=PRODUCT_DEFINITION_SHAPE('','',#8092);
#8091=PRODUCT_DEFINITION('','',#8095,#8093);
#8092=PRODUCT_DEFINITION('','',#8096,#8094);
#8093=PRODUCT_DEFINITION_CONTEXT('',#8107,'design');
#8094=PRODUCT_DEFINITION_CONTEXT('',#8108,'design');
#8095=PRODUCT_DEFINITION_FORMATION_WITH_SPECIFIED_SOURCE('','',#8099,
 .NOT_KNOWN.);
#8096=PRODUCT_DEFINITION_FORMATION_WITH_SPECIFIED_SOURCE('','',#8100,
 .NOT_KNOWN.);
#8097=PRODUCT_RELATED_PRODUCT_CATEGORY('','',(#8099));
#8098=PRODUCT_RELATED_PRODUCT_CATEGORY('','',(#8100));
#8099=PRODUCT('Part 2','Part 2','Part 2',(#8103));
#8100=PRODUCT('Part 1','Part 1','Part 1',(#8104));
#8101=PRODUCT_CATEGORY('','');
#8102=PRODUCT_CATEGORY('','');
#8103=PRODUCT_CONTEXT('',#8107,'mechanical');
#8104=PRODUCT_CONTEXT('',#8108,'mechanical');
#8105=APPLICATION_PROTOCOL_DEFINITION('international standard',
'ap242_managed_model_based_3d_engineering',2020,#8107);
#8106=APPLICATION_PROTOCOL_DEFINITION('international standard',
'ap242_managed_model_based_3d_engineering',2020,#8108);
#8107=APPLICATION_CONTEXT('managed model based 3d engineering');
#8108=APPLICATION_CONTEXT('managed model based 3d engineering');
ENDSEC;
END-ISO-10303-21;
